participant,baseline,adapting,task,trial,temperature,accuracy,active_interval,active_zone,rt,repetition,baseline_flag
1,31.2,29.2,0,1,1.8,1,1,1,1.2282780999958,0,0
1,31.2,29.2,0,2,1.6,1,2,2,0.6398615000071,0,0
1,31.2,29.2,0,3,1.2,1,1,1,0.897729600008461,0,0
1,31.2,29.2,0,4,1,1,2,2,0.841887599992333,0,0
1,31.2,29.2,0,5,0.8,1,2,1,1.00154670000484,0,0
1,31.2,29.2,0,6,0.6,1,1,2,0.754293000005418,0,0
1,31.2,29.2,0,7,0.4,1,2,1,2.08871500000532,0,0
1,31.2,29.2,0,8,0.4,1,1,2,1.2547831999982,0,0
1,31.2,29.2,0,9,0.4,1,2,1,0.794156600008137,0,0
1,31.2,29.2,0,10,0.2,1,1,2,0.834778600008576,0,0
1,31.2,29.2,0,11,0.2,0,2,1,0.96922889999405,0,0
1,31.2,29.2,0,12,0.4,1,1,2,0.76882260000275,0,0
1,31.2,29.2,0,13,0.4,1,1,1,1.06458179999026,0,0
1,31.2,29.2,0,14,0.4,1,2,2,0.443757100001676,0,0
1,31.2,29.2,0,15,0.4,1,2,1,1.15317199999117,0,0
1,31.2,29.2,0,16,0.4,1,1,2,0.746432199986884,0,0
1,31.2,29.2,0,17,0.4,1,1,1,0.865401000002748,0,0
1,31.2,29.2,0,18,0.4,1,2,2,0.360909999988507,0,0
1,31.2,29.2,0,19,0.4,1,1,1,0.680642000006628,0,0
1,31.2,29.2,0,20,0.4,1,2,2,0.292860000001383,0,0
1,31.2,29.2,0,21,0.4,1,2,1,1.14347760000965,0,0
1,31.2,29.2,0,22,0.4,1,2,2,1.31187270001101,0,0
1,31.2,29.2,0,23,0.2,0,1,1,2.61070670001209,0,0
1,31.2,29.2,0,24,0.4,1,1,2,1.21789179999905,0,0
1,31.2,29.2,0,25,0.4,1,1,1,1.52262620000693,0,0
1,31.2,29.2,0,26,0.4,1,2,2,1.55326330001117,0,0
1,31.2,29.2,0,27,0.4,1,2,1,1.23930149999796,0,0
1,31.2,29.2,0,28,0.4,1,1,2,2.00389299998642,0,0
1,31.2,29.2,0,29,0.4,1,2,1,1.25542970000242,0,0
1,31.2,29.2,0,30,0.4,1,1,2,0.996333700008108,0,0
1,31.2,30.2,0,1,1.8,1,1,1,1.72181450000789,0,0
1,31.2,30.2,0,2,1.6,1,1,2,1.23323559999699,0,0
1,31.2,30.2,0,3,1.2,1,1,1,1.47589699999662,0,0
1,31.2,30.2,0,4,1,1,2,2,1.10377639999206,0,0
1,31.2,30.2,0,5,0.8,1,2,1,0.683155100006843,0,0
1,31.2,30.2,0,6,0.6,1,2,2,0.97081879999314,0,0
1,31.2,30.2,0,7,0.4,1,2,1,1.53845089999959,0,0
1,31.2,30.2,0,8,0.4,1,2,2,1.28108220000286,0,0
1,31.2,30.2,0,9,0.4,1,1,1,1.62892950000241,0,0
1,31.2,30.2,0,10,0.2,1,1,2,1.14609540000674,0,0
1,31.2,30.2,0,11,0.2,1,2,1,0.428047299996251,0,0
1,31.2,30.2,0,12,0.2,1,1,2,1.08528949999891,0,0
1,31.2,30.2,0,13,0.2,1,1,1,1.11972499999683,0,0
1,31.2,30.2,0,14,0.2,1,1,2,2.82574739999836,0,0
1,31.2,30.2,0,15,0.2,0,2,1,0.613117199987755,0,0
1,31.2,30.2,0,16,0.4,1,2,2,0.833501999994041,0,0
1,31.2,30.2,0,17,0.4,1,2,1,1.08155509999779,0,0
1,31.2,30.2,0,18,0.2,1,1,2,0.399694399995496,0,0
1,31.2,30.2,0,19,0.2,0,2,1,1.23752000000968,0,0
1,31.2,30.2,0,20,0.4,0,1,2,2.55234819999896,0,0
1,31.2,30.2,0,21,0.6,0,2,1,0.776098300004378,0,0
1,31.2,30.2,0,22,1,1,1,2,1.12789750000229,0,0
1,31.2,30.2,0,23,0.8,1,1,1,1.39212889999908,0,0
1,31.2,30.2,0,24,0.8,1,2,2,0.494256600009976,0,0
1,31.2,30.2,0,25,0.6,1,1,1,0.363204499997664,0,0
1,31.2,30.2,0,26,0.6,1,2,2,1.51799649999884,0,0
1,31.2,30.2,0,27,0.4,1,1,1,1.41291359999741,0,0
1,31.2,30.2,0,28,0.4,1,2,2,1.39334739999322,0,0
1,31.2,30.2,0,29,0.4,1,2,1,1.73999380000168,0,0
1,31.2,30.2,0,30,0.4,1,1,2,1.72897539999394,0,0
1,31.2,31.2,0,1,1.8,1,2,1,2.81515859998763,0,0
1,31.2,31.2,0,2,1.6,1,2,2,1.001574599999,0,0
1,31.2,31.2,0,3,1.2,1,2,1,1.01210120000178,0,0
1,31.2,31.2,0,4,1,0,1,2,1.41669630000251,0,0
1,31.2,31.2,0,5,1.8,0,1,1,1.1324076000019,0,0
1,31.2,31.2,0,6,3,1,1,2,1.258224899997,0,0
1,31.2,31.2,0,7,2.8,1,2,1,1.53798570000799,0,0
1,31.2,31.2,0,8,2.6,1,1,2,1.32225899999321,0,0
1,31.2,31.2,0,9,2.4,1,1,1,1.51486949999526,0,0
1,31.2,31.2,0,10,2.2,1,2,2,1.03239120000217,0,0
1,31.2,31.2,0,11,2.2,1,2,1,1.09545379999327,0,0
1,31.2,31.2,0,12,2,1,1,2,1.20407709998835,0,0
1,31.2,31.2,0,13,1.6,1,1,1,1.47299909999128,0,0
1,31.2,31.2,0,14,1.6,1,1,2,1.4820206000004,0,0
1,31.2,31.2,0,15,1.6,1,2,1,1.0574692000082,0,0
1,31.2,31.2,0,16,1.6,1,1,2,1.30673630000092,0,0
1,31.2,31.2,0,17,1.4,1,2,1,1.07275839999784,0,0
1,31.2,31.2,0,18,1.4,1,2,2,0.656597499997588,0,0
1,31.2,31.2,0,19,1.4,1,1,1,0.393343100004131,0,0
1,31.2,31.2,0,20,1.2,1,2,2,1.2159590000083,0,0
1,31.2,31.2,0,21,1.2,1,2,1,0.849234199995408,0,0
1,31.2,31.2,0,22,0.8,1,2,2,1.09821799999918,0,0
1,31.2,31.2,0,23,0.8,1,1,1,1.17172539999592,0,0
1,31.2,31.2,0,24,0.8,1,1,2,1.28795600000012,0,0
1,31.2,31.2,0,25,0.8,1,2,1,0.989411400005338,0,0
1,31.2,31.2,0,26,0.6,1,1,2,0.873214100007317,0,0
1,31.2,31.2,0,27,0.4,1,1,1,0.858168199993088,0,0
1,31.2,31.2,0,28,0.4,0,2,2,0.986130799996317,0,0
1,31.2,31.2,0,29,0.8,1,2,1,0.921518300005118,0,0
1,31.2,31.2,0,30,0.8,1,1,2,1.21211240001139,0,0
1,31.2,32.2,0,1,1.8,1,1,1,1.08816620000289,0,0
1,31.2,32.2,0,2,1.6,1,2,2,1.60561219998635,0,0
1,31.2,32.2,0,3,1.2,1,1,1,1.25589810000383,0,0
1,31.2,32.2,0,4,1,1,1,2,1.69763520000561,0,0
1,31.2,32.2,0,5,0.8,1,2,1,1.92177960000117,0,0
1,31.2,32.2,0,6,0.6,1,2,2,1.36125540001376,0,0
1,31.2,32.2,0,7,0.4,0,1,1,1.41129830000864,0,0
1,31.2,32.2,0,8,0.8,1,2,2,1.11235549999401,0,0
1,31.2,32.2,0,9,0.8,1,2,1,1.24335340000107,0,0
1,31.2,32.2,0,10,0.8,0,1,2,1.25964849999582,0,0
1,31.2,32.2,0,11,1.2,1,2,1,0.816741899994668,0,0
1,31.2,32.2,0,12,1.2,0,1,2,2.05967020000389,0,0
1,31.2,32.2,0,13,1.8,0,1,1,0.583692899992457,0,0
1,31.2,32.2,0,14,2.8,1,2,2,0.994847299996763,0,0
1,31.2,32.2,0,15,2.6,1,2,1,1.08238829999755,0,0
1,31.2,32.2,0,16,2.4,0,1,2,1.70654490000743,0,0
1,31.2,32.2,0,17,3.2,0,1,1,0.985817599997972,0,0
1,31.2,32.2,0,18,4,1,2,2,1.77926999999909,0,0
1,31.2,32.2,0,19,4,1,2,1,1.49960650000139,0,0
1,31.2,32.2,0,20,3.8,0,1,2,2.31541370000923,0,0
1,31.2,32.2,0,21,4.6,1,2,1,1.59351120000065,0,0
1,31.2,32.2,0,22,4.4,0,1,2,1.52318740000192,0,0
1,31.2,32.2,0,23,5.2,0,1,1,1.79165579999972,0,0
1,31.2,32.2,0,24,5.8,1,2,2,1.2518715000042,0,0
1,31.2,32.2,0,25,5,0,1,1,1.17063999999664,0,0
1,31.2,32.2,0,26,6.2,1,2,2,1.17904529999942,0,0
1,31.2,32.2,0,27,6.2,1,1,1,0.491052099998342,0,0
1,31.2,32.2,0,28,6.2,1,2,2,0.816995800007135,0,0
1,31.2,32.2,0,29,6,1,2,1,0.472056900005555,0,0
1,31.2,32.2,0,30,6,1,1,2,0.955172799993306,0,0
1,31.2,33.2,0,1,1.8,1,1,1,NaN,1,0
1,31.2,33.2,0,2,1.6,1,2,2,2.35126850000233,0,0
1,31.2,33.2,0,3,1.2,1,2,1,1.3947227000026,0,0
1,31.2,33.2,0,4,1,1,1,2,0.982185899993056,0,0
1,31.2,33.2,0,5,0.8,1,1,1,0.897225499997148,0,0
1,31.2,33.2,0,6,0.6,1,2,2,0.537144800007809,0,0
1,31.2,33.2,0,7,0.4,1,2,1,0.423028599994723,0,0
1,31.2,33.2,0,8,0.4,0,1,2,0.367974799999502,0,0
1,31.2,33.2,0,9,0.8,1,2,1,0.947420299999067,0,0
1,31.2,33.2,0,10,0.8,1,2,2,0.376193200005218,0,0
1,31.2,33.2,0,11,0.6,1,1,1,0.436581200003275,0,0
1,31.2,33.2,0,12,0.6,1,1,2,0.381998899989412,0,0
1,31.2,33.2,0,13,0.6,1,1,1,0.587036600001738,0,0
1,31.2,33.2,0,14,0.6,1,2,2,0.462637500007986,0,0
1,31.2,33.2,0,15,0.6,1,2,1,0.406199899996864,0,0
1,31.2,33.2,0,16,0.6,1,2,2,1.09613930000341,0,0
1,31.2,33.2,0,17,0.6,1,1,1,1.09528059999866,0,0
1,31.2,33.2,0,18,0.2,0,1,2,1.07856439999887,0,0
1,31.2,33.2,0,19,0.6,1,2,1,1.25456750000012,0,0
1,31.2,33.2,0,20,0.6,0,1,2,0.887769900000421,0,0
1,31.2,33.2,0,21,0.6,1,2,1,1.12699070000963,0,0
1,31.2,33.2,0,22,0.6,1,2,2,1.26940010000544,0,0
1,31.2,33.2,0,23,0.6,1,1,1,0.861251300011645,0,0
1,31.2,33.2,0,24,0.6,1,1,2,1.36720680000144,0,0
1,31.2,33.2,0,25,0.6,1,1,1,1.14554450000287,0,0
1,31.2,33.2,0,26,0.6,1,2,2,0.902883100003237,0,0
1,31.2,33.2,0,27,0.6,1,2,1,0.917838900000788,0,0
1,31.2,33.2,0,28,0.6,0,1,2,1.02796380000655,0,0
1,31.2,33.2,0,29,0.6,1,2,1,1.92540500000177,0,0
1,31.2,29.2,1,1,2.6,1,2,1,0.606701900003827,0,0
1,31.2,29.2,1,2,2,1,2,2,0.522683200004394,0,0
1,31.2,29.2,1,3,1.8,0,2,1,1.2847938999912,0,0
1,31.2,29.2,1,4,3,1,1,2,0.312325100007001,0,0
1,31.2,29.2,1,5,2.8,1,1,1,0.968681500002276,0,0
1,31.2,29.2,1,6,2.6,1,1,2,1.24668189999647,0,0
1,31.2,29.2,1,7,2.4,1,2,1,0.786177100002533,0,0
1,31.2,29.2,1,8,2.2,1,1,2,0.823775600001682,0,0
1,31.2,29.2,1,9,2.2,0,2,1,0.752073299998301,0,0
1,31.2,29.2,1,10,2.8,1,1,2,0.780451400001766,0,0
1,31.2,29.2,1,11,2.8,1,2,1,1.32882599999721,0,0
1,31.2,29.2,1,12,2.6,1,1,2,0.461103599998751,0,0
1,31.2,29.2,1,13,2.6,0,2,1,1.02378590000444,0,0
1,31.2,29.2,1,14,3.2,1,1,2,0.945035500000813,0,0
1,31.2,29.2,1,15,3,1,1,1,1.18791930000589,0,0
1,31.2,29.2,1,16,3,1,2,2,1.13454179999826,0,0
1,31.2,29.2,1,17,3,1,1,1,1.53047030000016,0,0
1,31.2,29.2,1,18,2.4,0,2,2,1.39869399998861,0,0
1,31.2,29.2,1,19,3,1,1,1,1.38663259999885,0,0
1,31.2,29.2,1,20,3,1,1,2,1.2099850000086,0,0
1,31.2,29.2,1,21,2.8,1,2,1,1.69030010000279,0,0
1,31.2,29.2,1,22,2.8,1,1,2,1.36299199999485,0,0
1,31.2,29.2,1,23,2.8,0,2,1,1.48747169999115,0,0
1,31.2,29.2,1,24,3.2,1,2,2,0.636107300000731,0,0
1,31.2,29.2,1,25,3.2,1,2,1,1.72891479999817,0,0
1,31.2,29.2,1,26,3.2,0,2,2,1.97087730000203,0,0
1,31.2,29.2,1,27,3.6,1,1,1,1.04195500000787,0,0
1,31.2,29.2,1,28,3.6,1,2,2,0.903667700011283,0,0
1,31.2,29.2,1,29,3.4,1,1,1,0.922146999990218,0,0
1,31.2,29.2,1,30,3.4,1,1,2,0.408675999991829,0,0
1,31.2,30.2,1,1,2.6,1,2,1,0.378300199998193,0,0
1,31.2,30.2,1,2,2,1,1,2,1.33788510000159,0,0
1,31.2,30.2,1,3,1.8,1,2,1,0.409572699994897,0,0
1,31.2,30.2,1,4,1.4,1,1,2,1.40203430000111,0,0
1,31.2,30.2,1,5,1.2,1,2,1,0.911990900000092,0,0
1,31.2,30.2,1,6,1,0,1,2,0.9830163000006,0,0
1,31.2,30.2,1,7,1.8,1,1,1,1.27951480000047,0,0
1,31.2,30.2,1,8,1.6,1,2,2,1.08868699999584,0,0
1,31.2,30.2,1,9,1.4,1,2,1,1.19927420000022,0,0
1,31.2,30.2,1,10,1.4,0,2,2,0.917267800003174,0,0
1,31.2,30.2,1,11,2,1,1,1,1.14280519999738,0,0
1,31.2,30.2,1,12,1.8,1,1,2,1.53510380000807,0,0
1,31.2,30.2,1,13,1.8,1,1,1,1.04139769999892,0,0
1,31.2,30.2,1,14,1.6,0,2,2,1.53894870000659,0,0
1,31.2,30.2,1,15,2,1,2,1,1.17087139999785,0,0
1,31.2,30.2,1,16,2,1,2,2,1.92337979999138,0,0
1,31.2,30.2,1,17,1.8,1,1,1,0.864457899995614,0,0
1,31.2,30.2,1,18,1.8,0,1,2,1.50734499999089,0,0
1,31.2,30.2,1,19,2.2,0,2,1,1.49681130000681,0,0
1,31.2,30.2,1,20,3,1,1,2,1.39230550000502,0,0
1,31.2,30.2,1,21,2.8,1,2,1,1.56769179999537,0,0
1,31.2,30.2,1,22,2.8,1,1,2,0.794352099997923,0,0
1,31.2,30.2,1,23,2.6,1,1,1,1.41970769999898,0,0
1,31.2,30.2,1,24,2.4,1,2,2,1.17229670000961,0,0
1,31.2,30.2,1,25,2.2,1,1,1,1.13536349999777,0,0
1,31.2,30.2,1,26,2.2,1,1,2,0.953324100002646,0,0
1,31.2,30.2,1,27,2,1,2,1,1.18839399999706,0,0
1,31.2,30.2,1,28,2,0,2,2,0.872623100003693,0,0
1,31.2,30.2,1,29,2.6,1,1,1,1.01021519998903,0,0
1,31.2,30.2,1,30,2.6,1,2,2,0.443253599994932,0,0
1,31.2,31.2,1,1,2.6,1,2,1,0.438041200002772,0,0
1,31.2,31.2,1,2,2,1,2,2,1.74548959999811,0,0
1,31.2,31.2,1,3,1.8,1,1,1,1.16221779999614,0,0
1,31.2,31.2,1,4,1.4,1,1,2,0.923768199994811,0,0
1,31.2,31.2,1,5,1.2,1,1,1,0.787284700010787,0,0
1,31.2,31.2,1,6,1,1,2,2,0.872066500000074,0,0
1,31.2,31.2,1,7,0.8,1,2,1,1.29778069999884,0,0
1,31.2,31.2,1,8,0.6,1,2,2,0.763034599993262,0,0
1,31.2,31.2,1,9,0.6,0,1,1,1.41858490000595,0,0
1,31.2,31.2,1,10,1,0,1,2,1.71664680000686,0,0
1,31.2,31.2,1,11,1.6,1,1,1,1.14676570000302,0,0
1,31.2,31.2,1,12,1.6,0,2,2,0.85058339999523,0,0
1,31.2,31.2,1,13,2.4,1,1,1,1.98590099999274,0,0
1,31.2,31.2,1,14,2.2,0,2,2,1.53568559999985,0,0
1,31.2,31.2,1,15,3.2,1,2,1,0.401710300007835,0,0
1,31.2,31.2,1,16,3,1,2,2,1.06618350000645,0,0
1,31.2,31.2,1,17,2.8,1,1,1,1.40149889999884,0,0
1,31.2,31.2,1,18,2.8,1,1,2,1.25017699999444,0,0
1,31.2,31.2,1,19,2.6,1,2,1,1.71554279999691,0,0
1,31.2,31.2,1,20,2,1,1,2,1.23800399999891,0,0
1,31.2,31.2,1,21,2,1,1,1,1.36172929999884,0,0
1,31.2,31.2,1,22,2,1,2,2,1.03631680000399,0,0
1,31.2,31.2,1,23,2,1,2,1,1.28050480000093,0,0
1,31.2,31.2,1,24,1.8,1,1,2,1.04136180000205,0,0
1,31.2,31.2,1,25,1.8,1,2,1,1.32280349999201,0,0
1,31.2,31.2,1,26,1.4,1,2,2,1.85304909999832,0,0
1,31.2,31.2,1,27,1.4,0,1,1,1.27395760000218,0,0
1,31.2,31.2,1,28,2,1,1,2,1.09129989999929,0,0
1,31.2,31.2,1,29,1.8,1,1,1,1.20337160000054,0,0
1,31.2,31.2,1,30,1.8,0,2,2,0.431637500005309,0,0
1,31.2,32.2,1,1,2.6,1,1,1,0.47686569999496,0,0
1,31.2,32.2,1,2,2,1,1,2,1.60389990000112,0,0
1,31.2,32.2,1,3,1.8,0,2,1,1.66399269999238,0,0
1,31.2,32.2,1,4,3,1,2,2,1.28152849999606,0,0
1,31.2,32.2,1,5,2.8,1,1,1,1.15968769999745,0,0
1,31.2,32.2,1,6,2.6,1,2,2,1.1768599999923,0,0
1,31.2,32.2,1,7,2.4,1,2,1,2.31124940000882,0,0
1,31.2,32.2,1,8,2.2,1,1,2,1.13800540000375,0,0
1,31.2,32.2,1,9,2.2,1,1,1,1.10511610000685,0,0
1,31.2,32.2,1,10,2.2,0,2,2,1.05038339999737,0,0
1,31.2,32.2,1,11,2.8,1,2,1,0.400953599993954,0,0
1,31.2,32.2,1,12,2.6,1,1,2,1.18698250000307,0,0
1,31.2,32.2,1,13,2.6,1,1,1,1.33505280000099,0,0
1,31.2,32.2,1,14,2.4,1,2,2,2.01663689999259,0,0
1,31.2,32.2,1,15,2.4,1,1,1,1.04962190000515,0,0
1,31.2,32.2,1,16,2,1,1,2,1.09641309999279,0,0
1,31.2,32.2,1,17,2,1,2,1,0.992454899998847,0,0
1,31.2,32.2,1,18,2,0,2,2,1.59242500000983,0,0
1,31.2,32.2,1,19,2.4,1,2,1,1.33291230000032,0,0
1,31.2,32.2,1,20,2.4,1,1,2,1.61465449999378,0,0
1,31.2,32.2,1,21,2.4,1,1,1,2.32062680000672,0,0
1,31.2,32.2,1,22,2,0,2,2,1.72703200000979,0,0
1,31.2,32.2,1,23,2.4,1,1,1,1.36884519999148,0,0
1,31.2,32.2,1,24,2.4,1,2,2,1.44964659999823,0,0
1,31.2,32.2,1,25,2.4,1,1,1,1.58721830000286,0,0
1,31.2,32.2,1,26,2.4,1,1,2,0.958823500011931,0,0
1,31.2,32.2,1,27,2.4,1,2,1,1.45563759999641,0,0
1,31.2,32.2,1,28,2.4,1,2,2,2.41865799999505,0,0
1,31.2,32.2,1,29,2,1,1,1,1.0563114000106,0,0
1,31.2,32.2,1,30,2,1,2,2,1.75441639999917,0,0
1,31.2,33.2,1,1,2.6,1,2,1,1.15970480001124,0,0
1,31.2,33.2,1,2,2,1,1,2,0.605878300004406,0,0
1,31.2,33.2,1,3,1.8,1,2,1,0.671070299998973,0,0
1,31.2,33.2,1,4,1.4,1,1,2,1.1619068,0,0
1,31.2,33.2,1,5,1.2,1,1,1,0.503227700013667,0,0
1,31.2,33.2,1,6,1,1,2,2,1.22558240000217,0,0
1,31.2,33.2,1,7,0.8,1,1,1,0.729901400001836,0,0
1,31.2,33.2,1,8,0.6,0,1,2,0.48207270000421,0,0
1,31.2,33.2,1,9,1.2,1,2,1,0.413311299998895,0,0
1,31.2,33.2,1,10,1,0,2,2,0.907482800001162,0,0
1,31.2,33.2,1,11,1.6,1,1,1,1.22610490000807,0,0
1,31.2,33.2,1,12,1.4,0,2,2,0.977488599994103,0,0
1,31.2,33.2,1,13,2.2,1,2,1,1.01227539998945,0,0
1,31.2,33.2,1,14,2,1,1,2,0.396528500001295,0,0
1,31.2,33.2,1,15,1.8,1,1,1,1.53728539998701,0,0
1,31.2,33.2,1,16,1.8,1,2,2,0.747203200007789,0,0
1,31.2,33.2,1,17,1.6,1,2,1,0.946609099992202,0,0
1,31.2,33.2,1,18,1.6,0,1,2,1.73237910000898,0,0
1,31.2,33.2,1,19,2,1,2,1,0.377389500004938,0,0
1,31.2,33.2,1,20,2,1,1,2,0.762964199995622,0,0
1,31.2,33.2,1,21,1.8,1,1,1,0.513758000000962,0,0
1,31.2,33.2,1,22,1.8,0,2,2,0.983905800007051,0,0
1,31.2,33.2,1,23,2.2,1,1,1,1.36174839999876,0,0
1,31.2,33.2,1,24,2.2,1,2,2,1.35011739999754,0,0
1,31.2,33.2,1,25,2,1,2,1,0.384554100004607,0,0
1,31.2,33.2,1,26,2,1,1,2,0.860312600008911,0,0
1,31.2,33.2,1,27,1.6,1,2,1,0.975339200012968,0,0
1,31.2,33.2,1,28,1.6,0,2,2,1.93345270000282,0,0
1,31.2,33.2,1,29,2,1,1,1,1.22598369998741,0,0
1,31.2,33.2,1,30,2,1,1,2,0.937904999998864,0,0
3,32,30,0,1,1.8,1,1,1,0.925151000032201,0,0
3,32,30,0,2,1.6,1,2,2,0.378545199986547,0,0
3,32,30,0,3,1.2,1,1,1,0.341142300050706,0,0
3,32,30,0,4,1,1,2,2,0.393669700017199,0,0
3,32,30,0,5,0.8,1,2,1,0.399618700146675,0,0
3,32,30,0,6,0.6,1,1,2,0.357986700022593,0,0
3,32,30,0,7,0.4,1,2,1,0.464185999939218,0,0
3,32,30,0,8,0.4,1,1,2,0.425513299880549,0,0
3,32,30,0,9,0.4,1,2,1,0.293957799905911,0,0
3,32,30,0,10,0.2,1,1,2,0.396751200081781,0,0
3,32,30,0,11,0.2,1,2,1,0.520853199996054,0,0
3,32,30,0,12,0.2,0,1,2,0.765308199916035,0,0
3,32,30,0,13,0.4,1,1,1,0.415490800049156,0,0
3,32,30,0,14,0.4,1,2,2,0.427817299962044,0,0
3,32,30,0,15,0.4,1,2,1,0.551439699949697,0,0
3,32,30,0,16,0.4,1,1,2,0.401780199958012,0,0
3,32,30,0,17,0.4,0,1,1,0.608606699854136,0,0
3,32,30,0,18,0.6,1,2,2,0.283420499879867,0,0
3,32,30,0,19,0.4,1,1,1,0.392675200011581,0,0
3,32,30,0,20,0.4,1,2,2,0.271837299922481,0,0
3,32,30,0,21,0.4,1,2,1,0.693399599986151,0,0
3,32,30,0,22,0.4,1,2,2,0.285306500038132,0,0
3,32,30,0,23,0.4,1,1,1,0.320721599971876,0,0
3,32,30,0,24,0.4,1,1,2,0.901538900099695,0,0
3,32,30,0,25,0.4,1,1,1,0.448805699823424,0,0
3,32,30,0,26,0.4,1,2,2,0.362085700035095,0,0
3,32,30,0,27,0.4,1,2,1,0.344560500001535,0,0
3,32,30,0,28,0.4,1,1,2,0.552590999985114,0,0
3,32,30,0,29,0.2,0,2,1,2.53768800012767,0,0
3,32,30,0,30,0.4,1,1,2,0.416714400053024,0,0
3,32,31,0,1,1.8,1,1,1,0.598931399872527,0,0
3,32,31,0,2,1.6,1,1,2,0.413306199945509,0,0
3,32,31,0,3,1.2,1,1,1,0.518913100007921,0,0
3,32,31,0,4,1,1,2,2,0.42071699979715,0,0
3,32,31,0,5,0.8,1,2,1,0.48039080016315,0,0
3,32,31,0,6,0.6,1,2,2,0.82580230012536,0,0
3,32,31,0,7,0.4,1,2,1,0.60393250011839,0,0
3,32,31,0,8,0.4,1,2,2,0.604146100115031,0,0
3,32,31,0,9,0.4,1,1,1,0.344448899850249,0,0
3,32,31,0,10,0.2,1,1,2,0.446885299868882,0,0
3,32,31,0,11,0.2,0,2,1,0.420092700049281,0,0
3,32,31,0,12,0.4,1,1,2,0.412724999943748,0,0
3,32,31,0,13,0.4,1,1,1,0.424189199926332,0,0
3,32,31,0,14,0.4,1,1,2,0.456195400096476,0,0
3,32,31,0,15,0.4,1,2,1,0.656924100127071,0,0
3,32,31,0,16,0.4,1,2,2,0.438918000087142,0,0
3,32,31,0,17,0.4,1,2,1,0.202302200021222,0,0
3,32,31,0,18,0.4,1,1,2,0.343614199897274,0,0
3,32,31,0,19,0.4,1,2,1,0.304596500005573,0,0
3,32,31,0,20,0.4,1,1,2,0.382497099926695,0,0
3,32,31,0,21,0.4,1,2,1,0.384714500047266,0,0
3,32,31,0,22,0.4,1,1,2,0.399484700057656,0,0
3,32,31,0,23,0.2,1,1,1,0.500459600007161,0,0
3,32,31,0,24,0.2,1,2,2,0.687883999897167,0,0
3,32,31,0,25,0.2,1,1,1,0.580337299965322,0,0
3,32,31,0,26,0.2,1,2,2,0.655072000110522,0,0
3,32,31,0,27,0.2,1,1,1,0.490195299964398,0,0
3,32,31,0,28,0.2,1,2,2,0.314007299952209,0,0
3,32,31,0,29,0.2,0,2,1,0.579056199872866,0,0
3,32,31,0,30,0.4,1,1,2,0.449904500041157,0,0
3,32,32,0,1,1.8,1,2,1,0.659139399882406,0,0
3,32,32,0,2,1.6,1,2,2,0.539530599955469,0,0
3,32,32,0,3,1.2,1,2,1,1.11854869988747,0,0
3,32,32,0,4,1,1,1,2,0.563159400131553,0,0
3,32,32,0,5,0.8,1,1,1,0.385951499920338,0,0
3,32,32,0,6,0.6,1,1,2,0.362010699929669,0,0
3,32,32,0,7,0.4,1,2,1,1.01680769980885,0,0
3,32,32,0,8,0.4,1,1,2,0.457955999998376,0,0
3,32,32,0,9,0.4,1,1,1,0.627086200052872,0,0
3,32,32,0,10,0.2,1,2,2,0.452834599884227,0,0
3,32,32,0,11,0.2,0,2,1,0.362839800072834,0,0
3,32,32,0,12,0.4,0,1,2,1.14805720001459,0,0
3,32,32,0,13,0.6,1,1,1,0.389386099996045,0,0
3,32,32,0,14,0.6,1,1,2,0.457831399980932,0,0
3,32,32,0,15,0.6,1,2,1,0.371866300003603,0,0
3,32,32,0,16,0.6,1,1,2,0.461393400095403,0,0
3,32,32,0,17,0.6,1,2,1,0.62385329999961,0,0
3,32,32,0,18,0.6,1,2,2,0.772596700116992,0,0
3,32,32,0,19,0.6,1,1,1,0.519814800005406,0,0
3,32,32,0,20,0.6,1,2,2,0.688955300021917,0,0
3,32,32,0,21,0.6,1,2,1,0.557486600009724,0,0
3,32,32,0,22,0.4,0,2,2,0.47006419999525,0,0
3,32,32,0,23,0.6,1,1,1,0.459212099900469,0,0
3,32,32,0,24,0.6,1,1,2,0.524883100064471,0,0
3,32,32,0,25,0.6,1,2,1,0.625711899949238,0,0
3,32,32,0,26,0.6,1,1,2,0.431441500084475,0,0
3,32,32,0,27,0.6,1,1,1,0.576007400173694,0,0
3,32,32,0,28,0.6,1,2,2,0.417840500129387,0,0
3,32,32,0,29,0.6,1,2,1,0.494852999923751,0,0
3,32,32,0,30,0.6,1,1,2,0.353671600110829,0,0
3,32,33,0,1,1.8,1,1,1,0.654014599975199,0,0
3,32,33,0,2,1.6,1,2,2,0.606929200002924,0,0
3,32,33,0,3,1.2,1,1,1,0.605163800064474,0,0
3,32,33,0,4,1,1,1,2,0.772947699995711,0,0
3,32,33,0,5,0.8,1,2,1,2.44332550000399,0,0
3,32,33,0,6,0.6,1,2,2,0.69075549999252,0,0
3,32,33,0,7,0.4,1,1,1,0.658622100017965,0,0
3,32,33,0,8,0.4,1,2,2,0.583227399969473,0,0
3,32,33,0,9,0.4,1,2,1,0.545976300025359,0,0
3,32,33,0,10,0.2,1,1,2,1.54518549982458,0,0
3,32,33,0,11,0.2,0,2,1,1.21445680013858,0,0
3,32,33,0,12,0.4,1,1,2,0.553082200000063,0,0
3,32,33,0,13,0.4,1,1,1,0.509634499903768,0,0
3,32,33,0,14,0.4,1,2,2,0.520541000179946,0,0
3,32,33,0,15,0.4,1,2,1,0.493550800019875,0,0
3,32,33,0,16,0.4,1,1,2,0.58901370014064,0,0
3,32,33,0,17,0.4,1,1,1,0.370365799870342,0,0
3,32,33,0,18,0.4,1,2,2,0.507508100010455,0,0
3,32,33,0,19,0.4,1,2,1,0.342209400143474,0,0
3,32,33,0,20,0.4,1,1,2,0.600298100151122,0,0
3,32,33,0,21,0.4,1,2,1,0.502003100002185,0,0
3,32,33,0,22,0.4,1,1,2,0.65048690000549,0,0
3,32,33,0,23,0.2,1,1,1,0.878161299973726,0,0
3,32,33,0,24,0.2,0,2,2,0.991202699951828,0,0
3,32,33,0,25,0.4,1,1,1,0.433679699897766,0,0
3,32,33,0,26,0.4,1,2,2,0.47208089986816,0,0
3,32,33,0,27,0.4,1,1,1,0.621369200060144,0,0
3,32,33,0,28,0.4,1,2,2,0.618624599883333,0,0
3,32,33,0,29,0.4,1,2,1,0.578370800008997,0,0
3,32,33,0,30,0.4,1,1,2,0.487721099983901,0,0
3,32,34,0,1,1.8,1,1,1,1.30575790000148,0,0
3,32,34,0,2,1.6,1,2,2,1.5588732000906,0,0
3,32,34,0,3,1.2,1,2,1,0.48041189997457,0,0
3,32,34,0,4,1,1,1,2,0.592900299932808,0,0
3,32,34,0,5,0.8,1,1,1,0.505637800088152,0,0
3,32,34,0,6,0.6,1,2,2,0.800837300019339,0,0
3,32,34,0,7,0.4,0,2,1,2.25389320007525,0,0
3,32,34,0,8,0.8,1,1,2,0.435427400050685,0,0
3,32,34,0,9,0.8,1,2,1,0.322146999882534,0,0
3,32,34,0,10,0.8,1,2,2,1.82291609980166,0,0
3,32,34,0,11,0.6,1,1,1,0.500613899901509,0,0
3,32,34,0,12,0.6,1,1,2,0.422960199881345,0,0
3,32,34,0,13,0.6,1,1,1,0.442848099861294,0,0
3,32,34,0,14,0.6,1,2,2,0.845273999962956,0,0
3,32,34,0,15,0.6,1,2,1,0.633537200046703,0,0
3,32,34,0,16,0.6,1,2,2,0.88939610007219,0,0
3,32,34,0,17,0.6,1,1,1,1.88535720016807,0,0
3,32,34,0,18,0.6,1,1,2,0.566690200008452,0,0
3,32,34,0,19,0.6,1,2,1,0.623205099953339,0,0
3,32,34,0,20,0.2,0,1,2,0.718156900024042,0,0
3,32,34,0,21,0.6,1,2,1,0.540361399995163,0,0
3,32,34,0,22,0.6,1,2,2,2.46274450002238,0,0
3,32,34,0,23,0.6,1,1,1,0.711702600121498,0,0
3,32,34,0,24,0.6,1,1,2,0.561901699984446,0,0
3,32,34,0,25,0.6,1,1,1,0.871722399955615,0,0
3,32,34,0,26,0.6,1,2,2,0.655463499948382,0,0
3,32,34,0,27,0.6,1,2,1,0.484448499977589,0,0
3,32,34,0,28,0.6,1,1,2,0.492376199923456,0,0
3,32,34,0,29,0.6,1,2,1,0.542952099815011,0,0
3,32,34,0,30,0.6,1,1,2,0.698888200102374,0,0
3,32,30,1,1,2.6,1,2,1,0.446069699944928,0,0
3,32,30,1,2,2,1,2,2,1.97169480007142,0,0
3,32,30,1,3,1.8,1,2,1,0.618322799913585,0,0
3,32,30,1,4,1.4,1,1,2,0.620547099970281,0,0
3,32,30,1,5,1.2,0,1,1,0.424215999897569,0,0
3,32,30,1,6,2.2,1,1,2,0.737960899947211,0,0
3,32,30,1,7,2,1,2,1,0.550977400038391,0,0
3,32,30,1,8,1.8,1,1,2,0.370421700179577,0,0
3,32,30,1,9,1.6,1,2,1,0.928709500003606,0,0
3,32,30,1,10,1.6,0,1,2,0.479052999988198,0,0
3,32,30,1,11,2.2,1,2,1,0.425654099788517,0,0
3,32,30,1,12,2,1,1,2,0.634898999938741,0,0
3,32,30,1,13,2,1,2,1,0.398872599937022,0,0
3,32,30,1,14,1.8,1,1,2,1.38802629988641,0,0
3,32,30,1,15,1.8,1,1,1,1.73627320001833,0,0
3,32,30,1,16,1.8,1,2,2,1.38629329996184,0,0
3,32,30,1,17,1.4,0,1,1,0.475378499832004,0,0
3,32,30,1,18,1.8,1,2,2,1.15148380002938,0,0
3,32,30,1,19,1.8,0,1,1,0.895075100008398,0,0
3,32,30,1,20,2,0,1,2,1.6676451000385,0,0
3,32,30,1,21,2.4,1,2,1,0.375384900020435,0,0
3,32,30,1,22,2.4,0,1,2,2.30032350006513,0,0
3,32,30,1,23,3,1,2,1,0.872917300090194,0,0
3,32,30,1,24,3,1,2,2,0.822336199926212,0,0
3,32,30,1,25,3,1,2,1,0.333249000133947,0,0
3,32,30,1,26,2.8,1,2,2,1.33848799997941,0,0
3,32,30,1,27,2.8,1,1,1,0.652057700091973,0,0
3,32,30,1,28,2.6,1,2,2,1.43507579993457,0,0
3,32,30,1,29,2.2,1,1,1,0.423581700073555,0,0
3,32,30,1,30,2.2,0,1,2,2.29437789996155,0,0
3,32,31,1,1,2.6,1,2,1,0.601689700037241,0,0
3,32,31,1,2,2,1,1,2,0.386494500096887,0,0
3,32,31,1,3,1.8,1,2,1,0.439047399908304,0,0
3,32,31,1,4,1.4,0,1,2,0.413131000008434,0,0
3,32,31,1,5,2.4,1,2,1,0.352177600143477,0,0
3,32,31,1,6,2.2,1,1,2,1.10927090002224,0,0
3,32,31,1,7,2,0,1,1,0.535690999822691,0,0
3,32,31,1,8,2.8,1,2,2,0.347561799921095,0,0
3,32,31,1,9,2.8,1,2,1,0.696884900098667,0,0
3,32,31,1,10,2.6,0,2,2,1.08874570019543,0,0
3,32,31,1,11,3.4,1,1,1,0.896771400002763,0,0
3,32,31,1,12,3.2,1,1,2,3.1550059998408,0,0
3,32,31,1,13,3.2,1,1,1,0.408398400060833,0,0
3,32,31,1,14,3,1,2,2,0.371765999821946,0,0
3,32,31,1,15,3,1,2,1,0.82555629988201,0,0
3,32,31,1,16,2.4,1,2,2,0.354468000121415,0,0
3,32,31,1,17,2.4,1,1,1,0.39260150003247,0,0
3,32,31,1,18,2.4,1,1,2,0.770662300055847,0,0
3,32,31,1,19,2.4,1,2,1,0.694616799941286,0,0
3,32,31,1,20,2.2,1,1,2,0.322897000005469,0,0
3,32,31,1,21,2.2,1,2,1,0.689343299949542,0,0
3,32,31,1,22,2.2,1,1,2,0.446199900005013,0,0
3,32,31,1,23,1.8,1,1,1,0.354817199986428,0,0
3,32,31,1,24,1.8,0,2,2,0.310567100066692,0,0
3,32,31,1,25,2.2,0,1,1,1.35840100003406,0,0
3,32,31,1,26,2.4,1,1,2,0.674150099977851,0,0
3,32,31,1,27,2.4,1,2,1,0.422831499949098,0,0
3,32,31,1,28,2.4,1,2,2,1.33269730000757,0,0
3,32,31,1,29,2.4,1,1,1,0.317045700037852,0,0
3,32,31,1,30,2.4,1,2,2,0.421305899973959,0,0
3,32,32,1,1,2.6,1,2,1,0.893272300017998,0,0
3,32,32,1,2,2,1,2,2,0.536754300119355,0,0
3,32,32,1,3,1.8,1,1,1,0.513757299864665,0,0
3,32,32,1,4,1.4,1,1,2,0.532838399987668,0,0
3,32,32,1,5,1.2,1,1,1,0.481973599875346,0,0
3,32,32,1,6,1,1,2,2,0.601818799972534,0,0
3,32,32,1,7,0.8,0,2,1,0.396647199988365,0,0
3,32,32,1,8,1.4,1,2,2,0.54332339996472,0,0
3,32,32,1,9,1.4,1,1,1,0.990560500184074,0,0
3,32,32,1,10,1.2,1,1,2,1.16902299993671,0,0
3,32,32,1,11,1.2,1,1,1,0.650451400084421,0,0
3,32,32,1,12,1,1,2,2,0.526675300206989,0,0
3,32,32,1,13,1,1,1,1,0.905101899988949,0,0
3,32,32,1,14,1,1,2,2,0.617376399924979,0,0
3,32,32,1,15,1,1,2,1,1.82021509995684,0,0
3,32,32,1,16,1,1,2,2,0.560710800113156,0,0
3,32,32,1,17,0.6,1,1,1,0.998263000044972,0,0
3,32,32,1,18,0.6,1,1,2,0.667917500017211,0,0
3,32,32,1,19,0.6,0,2,1,0.91655520000495,0,0
3,32,32,1,20,1,1,1,2,2.90487840003334,0,0
3,32,32,1,21,1,1,1,1,0.551145999925211,0,0
3,32,32,1,22,1,1,2,2,0.466002100147307,0,0
3,32,32,1,23,1,1,2,1,0.44677529996261,0,0
3,32,32,1,24,1,1,1,2,0.533317199908197,0,0
3,32,32,1,25,0.6,1,2,1,0.421105199959129,0,0
3,32,32,1,26,0.6,0,2,2,0.596112600062042,0,0
3,32,32,1,27,1,1,1,1,0.51812359993346,0,0
3,32,32,1,28,1,1,1,2,1.01515300013125,0,0
3,32,32,1,29,1,1,1,1,0.839938000077382,0,0
3,32,32,1,30,1,1,2,2,1.01905389991589,0,0
3,32,33,1,1,2.6,1,1,1,0.402127000037581,0,0
3,32,33,1,2,2,1,1,2,0.436211399966851,0,0
3,32,33,1,3,1.8,1,2,1,0.582391999894753,0,0
3,32,33,1,4,1.4,1,2,2,0.324112700065598,0,0
3,32,33,1,5,1.2,1,1,1,0.497091299854219,0,0
3,32,33,1,6,1,1,2,2,0.484691600082442,0,0
3,32,33,1,7,0.8,1,2,1,0.384282999904826,0,0
3,32,33,1,8,0.6,1,1,2,0.472743700025603,0,0
3,32,33,1,9,0.6,1,1,1,1.06481719994918,0,0
3,32,33,1,10,0.4,1,2,2,1.55298710009083,0,0
3,32,33,1,11,0.4,1,2,1,0.501296000089496,0,0
3,32,33,1,12,0.2,1,1,2,1.01510720001534,0,0
3,32,33,1,13,0.2,0,1,1,1.08377810008824,0,0
3,32,33,1,14,0.4,1,2,2,2.16589619987644,0,0
3,32,33,1,15,0.4,1,1,1,0.740677800029516,0,0
3,32,33,1,16,0.4,0,1,2,1.43743359996006,0,0
3,32,33,1,17,0.6,0,2,1,2.48578130011447,0,0
3,32,33,1,18,1,1,2,2,0.463717899983749,0,0
3,32,33,1,19,0.8,0,2,1,0.799814499914646,0,0
3,32,33,1,20,1.2,1,1,2,0.651551400078461,0,0
3,32,33,1,21,1.2,0,1,1,1.04352659988217,0,0
3,32,33,1,22,1.8,1,2,2,0.507017399882898,0,0
3,32,33,1,23,1.6,1,1,1,0.560599399963394,0,0
3,32,33,1,24,1.6,1,2,2,0.681881800061092,0,0
3,32,33,1,25,1.4,0,1,1,0.761616099858657,0,0
3,32,33,1,26,2,1,1,2,0.43388899997808,0,0
3,32,33,1,27,1.8,1,2,1,0.54089259984903,0,0
3,32,33,1,28,1.8,1,2,2,0.52117730001919,0,0
3,32,33,1,29,1.6,1,1,1,0.604417399968952,0,0
3,32,33,1,30,1.6,1,2,2,0.738395899999887,0,0
3,32,34,1,1,2.6,1,2,1,0.650781700154766,0,0
3,32,34,1,2,2,1,1,2,0.547464000061154,0,0
3,32,34,1,3,1.8,1,2,1,0.467120399931446,0,0
3,32,34,1,4,1.4,1,1,2,0.690597199834883,0,0
3,32,34,1,5,1.2,1,1,1,0.868902200134471,0,0
3,32,34,1,6,1,1,2,2,0.550256799906492,0,0
3,32,34,1,7,0.8,1,1,1,0.655059800017625,0,0
3,32,34,1,8,0.6,1,1,2,0.536757800029591,0,0
3,32,34,1,9,0.6,0,2,1,0.557800999842584,0,0
3,32,34,1,10,1,1,2,2,0.676409699954093,0,0
3,32,34,1,11,1,1,1,1,0.830710599897429,0,0
3,32,34,1,12,1,1,2,2,0.571524200029671,0,0
3,32,34,1,13,0.8,0,2,1,0.622294900007546,0,0
3,32,34,1,14,1.2,1,1,2,0.513831000076607,0,0
3,32,34,1,15,1,1,1,1,0.477649500127882,0,0
3,32,34,1,16,1,1,2,2,0.493654600111768,0,0
3,32,34,1,17,1,1,2,1,0.702733499929309,0,0
3,32,34,1,18,1,1,1,2,0.417151900008321,0,0
3,32,34,1,19,1,1,2,1,0.491304100025445,0,0
3,32,34,1,20,1,1,1,2,0.463094100123271,0,0
3,32,34,1,21,1,1,1,1,1.61897670011967,0,0
3,32,34,1,22,1,1,2,2,0.565173499984667,0,0
3,32,34,1,23,0.6,0,1,1,0.551636900054291,0,0
3,32,34,1,24,1,1,2,2,0.956318600103259,0,0
3,32,34,1,25,1,1,2,1,0.613309999927878,0,0
3,32,34,1,26,1,1,1,2,0.604473400162533,0,0
3,32,34,1,27,1,1,2,1,0.567783099832013,0,0
3,32,34,1,28,1,1,2,2,0.542839600006118,0,0
3,32,34,1,29,1,0,1,1,0.884291199967265,0,0
3,32,34,1,30,1,1,1,2,0.59829799993895,0,0
4,32.5,30.5,0,1,1.8,1,1,1,0.201706000021659,0,0
4,32.5,30.5,0,2,1.6,1,2,2,0.201718700001948,0,0
4,32.5,30.5,0,3,1.2,1,1,1,0.201628500013612,0,0
4,32.5,30.5,0,4,1,0,1,2,0.20184789999621,0,0
4,32.5,30.5,0,5,1.8,1,2,1,0.299767500022426,0,0
4,32.5,30.5,0,6,1.8,1,2,2,0.201650800008792,0,0
4,32.5,30.5,0,7,1.4,1,2,1,0.201674200012349,0,0
4,32.5,30.5,0,8,1.4,1,1,2,0.36470500001451,0,0
4,32.5,30.5,0,9,1.4,0,1,1,0.20169730001362,0,0
4,32.5,30.5,0,10,2,1,1,2,0.201630999974441,0,0
4,32.5,30.5,0,11,1.8,1,2,1,0.201656499993987,0,0
4,32.5,30.5,0,12,1.8,1,2,2,0.20167570002377,0,0
4,32.5,30.5,0,13,1.6,1,2,1,0.20165060000727,0,0
4,32.5,30.5,0,14,1.6,1,1,2,0.201708199980203,0,0
4,32.5,30.5,0,15,1.6,1,2,1,0.201678099983837,0,0
4,32.5,30.5,0,16,1.2,1,2,2,0.201620800013188,0,0
4,32.5,30.5,0,17,1.2,1,1,1,0.20323109999299,0,0
4,32.5,30.5,0,18,1.2,1,1,2,0.476386199996341,0,0
4,32.5,30.5,0,19,1.2,1,2,1,0.201668899971992,0,0
4,32.5,30.5,0,20,1.2,1,1,2,0.201667000015732,0,0
4,32.5,30.5,0,21,1.2,1,1,1,0.201667199959047,0,0
4,32.5,30.5,0,22,0.8,0,1,2,0.20181269996101,0,0
4,32.5,30.5,0,23,1.2,1,2,1,0.201839299988933,0,0
4,32.5,30.5,0,24,1.2,1,2,2,0.201741400000174,0,0
4,32.5,30.5,0,25,1.2,1,2,1,0.201693399983924,0,0
4,32.5,30.5,0,26,1.2,1,2,2,0.201735699956771,0,0
4,32.5,30.5,0,27,1.2,1,2,1,0.201743700017687,0,0
4,32.5,30.5,0,28,1.2,1,1,2,0.201667999965139,0,0
4,32.5,30.5,0,29,1.2,1,1,1,0.201746299979277,0,0
4,32.5,30.5,0,30,1.2,1,1,2,0.201668300025631,0,0
4,32.5,31.5,0,1,1.8,1,1,1,0.201727600011509,0,0
4,32.5,31.5,0,2,1.6,1,1,2,0.201686099986546,0,0
4,32.5,31.5,0,3,1.2,1,2,1,0.201675300020725,0,0
4,32.5,31.5,0,4,1,1,2,2,0.414983199967537,0,0
4,32.5,31.5,0,5,0.8,1,2,1,0.201672700000927,0,0
4,32.5,31.5,0,6,0.6,1,1,2,NaN,1,0
4,32.5,31.5,0,7,0.4,1,2,1,0.20267710002372,0,0
4,32.5,31.5,0,8,0.4,1,2,2,0.201683999970555,0,0
4,32.5,31.5,0,9,0.4,0,2,1,0.20165340002859,0,0
4,32.5,31.5,0,10,0.8,1,1,2,0.201695600000676,0,0
4,32.5,31.5,0,11,0.6,0,1,1,0.201656499993987,0,0
4,32.5,31.5,0,12,1,1,1,2,0.201737599971239,0,0
4,32.5,31.5,0,13,1,1,2,1,0.201638799975626,0,0
4,32.5,31.5,0,14,0.8,0,2,2,1.16505940002389,0,0
4,32.5,31.5,0,15,1.2,1,1,1,1.24141240003519,0,0
4,32.5,31.5,0,16,1,1,1,2,0.248450699960813,0,0
4,32.5,31.5,0,17,1,0,2,1,0.640622700040694,0,0
4,32.5,31.5,0,18,1.4,0,1,2,0.26571570005035,0,0
4,32.5,31.5,0,19,2.2,1,1,1,0.201693599985447,0,0
4,32.5,31.5,0,20,2,1,1,2,0.201994400005788,0,0
4,32.5,31.5,0,21,1.8,1,1,1,0.201755099988077,0,0
4,32.5,31.5,0,22,1.8,1,2,2,0.678806799987797,0,0
4,32.5,31.5,0,23,1.6,1,2,1,0.201638699974865,0,0
4,32.5,31.5,0,24,1.4,1,2,2,0.201729999971576,0,0
4,32.5,31.5,0,25,1.2,1,1,1,0.201694799994584,0,0
4,32.5,31.5,0,26,1.2,1,1,2,0.201806500030216,0,0
4,32.5,31.5,0,27,1.2,1,2,1,0.338035600027069,0,0
4,32.5,31.5,0,28,1.2,1,1,2,0.201702700054739,0,0
4,32.5,31.5,0,29,1.2,1,2,1,0.201666300010402,0,0
4,32.5,32.5,0,1,1.8,1,2,1,0.201653599971905,0,0
4,32.5,32.5,0,2,1.6,1,1,2,0.20169779995922,0,0
4,32.5,32.5,0,3,1.2,1,1,1,0.201633599994238,0,0
4,32.5,32.5,0,4,1,1,2,2,0.549942900019232,0,0
4,32.5,32.5,0,5,0.8,1,1,1,0.878506500041112,0,0
4,32.5,32.5,0,6,0.6,1,2,2,0.20170939998934,0,0
4,32.5,32.5,0,7,0.4,1,1,1,0.387963600049261,0,0
4,32.5,32.5,0,8,0.4,0,1,2,0.703383899992332,0,0
4,32.5,32.5,0,9,0.8,1,2,1,0.201966000022367,0,0
4,32.5,32.5,0,10,0.8,1,2,2,0.201647599984426,0,0
4,32.5,32.5,0,11,0.6,1,1,1,0.201633899996523,0,0
4,32.5,32.5,0,12,0.6,0,2,2,0.242342700017616,0,0
4,32.5,32.5,0,13,0.8,1,2,1,0.202654200023971,0,0
4,32.5,32.5,0,14,0.8,1,1,2,0.201699299970642,0,0
4,32.5,32.5,0,15,0.8,1,2,1,0.201651400013361,0,0
4,32.5,32.5,0,16,0.8,1,2,2,0.314006300002802,0,0
4,32.5,32.5,0,17,0.8,0,1,1,0.201730200031307,0,0
4,32.5,32.5,0,18,1,1,1,2,0.45955969998613,0,0
4,32.5,32.5,0,19,1,1,2,1,0.566900999983773,0,0
4,32.5,32.5,0,20,1,1,1,2,0.284632199967746,0,0
4,32.5,32.5,0,21,0.8,1,2,1,0.201709199987818,0,0
4,32.5,32.5,0,22,0.8,0,1,2,0.36716590001015,0,0
4,32.5,32.5,0,23,1,1,1,1,0.201699699973688,0,0
4,32.5,32.5,0,24,1,1,2,2,0.33796999999322,0,0
4,32.5,32.5,0,25,1,1,2,1,0.696040599956177,0,0
4,32.5,32.5,0,26,1,1,2,2,0.201943299965933,0,0
4,32.5,32.5,0,27,1,0,1,1,0.20167759998003,0,0
4,32.5,32.5,0,28,1,1,2,2,2.48954310000408,0,0
4,32.5,32.5,0,29,1,1,1,1,0.201875899976585,0,0
4,32.5,32.5,0,30,1,1,1,2,0.201833900006022,0,0
4,32.5,33.5,0,1,1.8,1,2,1,0.201743800018448,0,0
4,32.5,33.5,0,2,1.6,1,1,2,0.20188710000366,0,0
4,32.5,33.5,0,3,1.2,1,2,1,0.201772800006438,0,0
4,32.5,33.5,0,4,1,1,2,2,0.201701800047886,0,0
4,32.5,33.5,0,5,0.8,1,1,1,0.201642800006084,0,0
4,32.5,33.5,0,6,0.6,1,1,2,0.2023363999906,0,0
4,32.5,33.5,0,7,0.4,1,2,1,0.370952800032683,0,0
4,32.5,33.5,0,8,0.4,0,1,2,0.201696499949321,0,0
4,32.5,33.5,0,9,0.8,1,1,1,0.201690799964126,0,0
4,32.5,33.5,0,10,0.8,0,1,2,0.201786300051026,0,0
4,32.5,33.5,0,11,1.2,1,2,1,0.20179449999705,0,0
4,32.5,33.5,0,12,1.2,1,2,2,0.202408599958289,0,0
4,32.5,33.5,0,13,1,1,2,1,0.356306699977722,0,0
4,32.5,33.5,0,14,1,1,2,2,0.201675400021486,0,0
4,32.5,33.5,0,15,1,1,1,1,0.201952299976256,0,0
4,32.5,33.5,0,16,1,1,2,2,0.202114900050219,0,0
4,32.5,33.5,0,17,0.6,0,1,1,0.201708799984772,0,0
4,32.5,33.5,0,18,1,1,1,2,0.201884899986908,0,0
4,32.5,33.5,0,19,1,1,1,1,0.201695399999153,0,0
4,32.5,33.5,0,20,1,1,2,2,0.201735699956771,0,0
4,32.5,33.5,0,21,1,1,1,1,0.201769999985117,0,0
4,32.5,33.5,0,22,1,1,2,2,0.201680400001351,0,0
4,32.5,33.5,0,23,1,1,2,1,0.324940900027286,0,0
4,32.5,33.5,0,24,0.6,1,1,2,0.201670199981891,0,0
4,32.5,33.5,0,25,0.6,1,2,1,0.20173369999975,0,0
4,32.5,33.5,0,26,0.6,0,1,2,0.249514400027692,0,0
4,32.5,33.5,0,27,1,1,1,1,0.201674100011587,0,0
4,32.5,33.5,0,28,1,1,2,2,0.201732699992135,0,0
4,32.5,33.5,0,29,0.8,1,1,1,0.201867800031323,0,0
4,32.5,33.5,0,30,0.8,1,2,2,0.201694999996107,0,0
4,32.5,34.5,0,1,1.8,1,1,1,2.33865529997274,0,0
4,32.5,34.5,0,2,1.6,1,1,2,1.47198839997873,0,0
4,32.5,34.5,0,3,1.2,1,2,1,0.607972700032406,0,0
4,32.5,34.5,0,4,1,1,1,2,0.378794999967795,0,0
4,32.5,34.5,0,5,0.8,0,2,1,0.749736300029326,0,0
4,32.5,34.5,0,6,1.4,1,2,2,0.594169899995904,0,0
4,32.5,34.5,0,7,1.4,1,1,1,0.63776750001125,0,0
4,32.5,34.5,0,8,1.2,1,1,2,0.343387100030668,0,0
4,32.5,34.5,0,9,1.2,1,2,1,0.366486100014299,0,0
4,32.5,34.5,0,10,1,1,2,2,0.370589099999052,0,0
4,32.5,34.5,0,11,1,1,1,1,1.66978350002319,0,0
4,32.5,34.5,0,12,1,1,2,2,0.445176699955482,0,0
4,32.5,34.5,0,13,1,1,2,1,0.390198200009763,0,0
4,32.5,34.5,0,14,0.6,1,1,2,1.68227630003821,0,0
4,32.5,34.5,0,15,0.6,1,2,1,0.361727499985136,0,0
4,32.5,34.5,0,16,0.6,0,2,2,0.839230400044471,0,0
4,32.5,34.5,0,17,1,1,1,1,0.640120399999432,0,0
4,32.5,34.5,0,18,1,0,1,2,0.361210300005041,0,0
4,32.5,34.5,0,19,1.2,1,1,1,0.279120699968189,0,0
4,32.5,34.5,0,20,1.2,1,1,2,0.270106100011617,0,0
4,32.5,34.5,0,21,1.2,1,2,1,0.445633499999531,0,0
4,32.5,34.5,0,22,0.8,1,2,2,0.401299999968614,0,0
4,32.5,34.5,0,23,0.8,1,1,1,1.13842590001877,0,0
4,32.5,34.5,0,24,0.8,1,2,2,0.43147420004243,0,0
4,32.5,34.5,0,25,0.8,1,1,1,0.601349400007166,0,0
4,32.5,34.5,0,26,0.8,1,2,2,0.645819300028961,0,0
4,32.5,34.5,0,27,0.8,1,2,1,0.389129299961496,0,0
4,32.5,34.5,0,28,0.6,1,2,2,0.392774600011762,0,0
4,32.5,34.5,0,29,0.6,0,1,1,0.589556899969466,0,0
4,32.5,34.5,0,30,0.8,1,1,2,0.415385800006334,0,0
4,32.5,30.5,1,1,2.6,1,1,1,0.201867899973877,0,0
4,32.5,30.5,1,2,2,1,2,2,0.201749700005166,0,0
4,32.5,30.5,1,3,1.8,1,2,1,0.201710099994671,0,0
4,32.5,30.5,1,4,1.4,0,2,2,0.957593599974643,0,0
4,32.5,30.5,1,5,2.4,1,1,1,0.201651700015645,0,0
4,32.5,30.5,1,6,2.2,1,1,2,0.201759699964896,0,0
4,32.5,30.5,1,7,2,0,1,1,0.201776900037657,0,0
4,32.5,30.5,1,8,2.8,0,1,2,0.289901199983433,0,0
4,32.5,30.5,1,9,4,1,2,1,0.201722399971914,0,0
4,32.5,30.5,1,10,3.8,1,1,2,0.201672499999404,0,0
4,32.5,30.5,1,11,3.6,1,2,1,0.201672399998643,0,0
4,32.5,30.5,1,12,3.4,1,2,2,0.201720500015654,0,0
4,32.5,30.5,1,13,3.2,1,1,1,0.201645699969959,0,0
4,32.5,30.5,1,14,3.2,1,2,2,0.201844999974128,0,0
4,32.5,30.5,1,15,2.6,0,1,1,0.201632799988147,0,0
4,32.5,30.5,1,16,3.4,1,2,2,0.20170939998934,0,0
4,32.5,30.5,1,17,3.4,1,2,1,0.201633499993477,0,0
4,32.5,30.5,1,18,3.2,1,1,2,0.20174909994239,0,0
4,32.5,30.5,1,19,3.2,1,1,1,0.201659800019115,0,0
4,32.5,30.5,1,20,3.2,1,2,2,0.201703600003384,0,0
4,32.5,30.5,1,21,3,0,1,1,0.555833099992014,0,0
4,32.5,30.5,1,22,3.4,1,2,2,0.201861999987159,0,0
4,32.5,30.5,1,23,3.4,0,1,1,0.201622699969448,0,0
4,32.5,30.5,1,24,3.8,1,2,2,0.201726100000087,0,0
4,32.5,30.5,1,25,3.8,1,2,1,0.201731899986044,0,0
4,32.5,30.5,1,26,3.8,1,1,2,0.201635500008706,0,0
4,32.5,30.5,1,27,3.8,1,2,1,0.201639600039925,0,0
4,32.5,30.5,1,28,3.8,1,2,2,0.201706699968781,0,0
4,32.5,30.5,1,29,3.6,1,1,1,0.201697200012859,0,0
4,32.5,30.5,1,30,3.2,1,1,2,1.40646609995747,0,0
4,32.5,31.5,1,1,2.6,1,1,1,0.201764900004491,0,0
4,32.5,31.5,1,2,2,1,2,2,0.201636000012513,0,0
4,32.5,31.5,1,3,1.8,1,2,1,0.201845399977174,0,0
4,32.5,31.5,1,4,1.4,1,2,2,1.86589230003301,0,0
4,32.5,31.5,1,5,1.2,0,1,1,0.201661899976898,0,0
4,32.5,31.5,1,6,2.2,1,1,2,0.201850200013723,0,0
4,32.5,31.5,1,7,2,1,2,1,0.201872100005858,0,0
4,32.5,31.5,1,8,1.8,0,1,2,1.07865620002849,0,0
4,32.5,31.5,1,9,2.6,1,1,1,0.230237500043586,0,0
4,32.5,31.5,1,10,2.4,1,2,2,0.201770699990448,0,0
4,32.5,31.5,1,11,2.2,0,1,1,0.38467550004134,0,0
4,32.5,31.5,1,12,3,1,2,2,0.201744499965571,0,0
4,32.5,31.5,1,13,2.8,1,2,1,0.486831600021105,0,0
4,32.5,31.5,1,14,2.8,1,2,2,0.22337730001891,0,0
4,32.5,31.5,1,15,2.6,0,1,1,0.201728200016078,0,0
4,32.5,31.5,1,16,3.2,1,1,2,0.201719300006516,0,0
4,32.5,31.5,1,17,3.2,1,2,1,0.20175459998427,0,0
4,32.5,31.5,1,18,3.2,1,1,2,0.201636000012513,0,0
4,32.5,31.5,1,19,3,1,1,1,0.201655799988657,0,0
4,32.5,31.5,1,20,3,0,1,2,0.201727500010747,0,0
4,32.5,31.5,1,21,3.6,1,2,1,0.201738099975046,0,0
4,32.5,31.5,1,22,3.6,1,2,2,0.209853200009093,0,0
4,32.5,31.5,1,23,3.4,1,2,1,0.201629400020465,0,0
4,32.5,31.5,1,24,3.4,1,1,2,0.201663599989843,0,0
4,32.5,31.5,1,25,2.8,1,2,1,0.201664499996696,0,0
4,32.5,31.5,1,26,2.8,1,1,2,1.6573307000217,0,0
4,32.5,31.5,1,27,2.4,1,1,1,0.273841800051741,0,0
4,32.5,31.5,1,28,2.4,0,1,2,0.201620000007097,0,0
4,32.5,31.5,1,29,3.4,1,2,1,0.201704499952029,0,0
4,32.5,31.5,1,30,3.4,0,2,2,0.201826799951959,0,0
4,32.5,32.5,1,1,2.6,1,1,1,0.202048799954355,0,0
4,32.5,32.5,1,2,2,1,2,2,0.325683799979743,0,0
4,32.5,32.5,1,3,1.8,1,2,1,0.201748400053475,0,0
4,32.5,32.5,1,4,1.4,1,2,2,0.201681799953803,0,0
4,32.5,32.5,1,5,1.2,0,1,1,0.436220799980219,0,0
4,32.5,32.5,1,6,2.2,1,1,2,0.20169039996108,0,0
4,32.5,32.5,1,7,2,1,2,1,0.201778399990872,0,0
4,32.5,32.5,1,8,1.8,0,1,2,0.201695800002199,0,0
4,32.5,32.5,1,9,2.6,1,1,1,0.201672800001688,0,0
4,32.5,32.5,1,10,2.4,1,2,2,0.201794799999334,0,0
4,32.5,32.5,1,11,2.2,1,1,1,0.201653599971905,0,0
4,32.5,32.5,1,12,2.2,1,2,2,0.201664699998219,0,0
4,32.5,32.5,1,13,2,1,2,1,0.238405700016301,0,0
4,32.5,32.5,1,14,2,1,1,2,0.393491099996027,0,0
4,32.5,32.5,1,15,1.6,1,1,1,0.332760500023142,0,0
4,32.5,32.5,1,16,1.6,0,1,2,1.34301329997834,0,0
4,32.5,32.5,1,17,2,1,2,1,0.735439499956556,0,0
4,32.5,32.5,1,18,2,1,2,2,0.201659400016069,0,0
4,32.5,32.5,1,19,2,1,1,1,0.20186480000848,0,0
4,32.5,32.5,1,20,2,0,1,2,0.203189900028519,0,0
4,32.5,32.5,1,21,2.2,1,2,1,0.293356599984691,0,0
4,32.5,32.5,1,22,2.2,0,2,2,1.33713090000674,0,0
4,32.5,32.5,1,23,2.6,1,1,1,0.203480099968147,0,0
4,32.5,32.5,1,24,2.6,1,2,2,0.202208900009282,0,0
4,32.5,32.5,1,25,2.6,1,2,1,0.201719300006516,0,0
4,32.5,32.5,1,26,2.6,1,1,2,0.201995100011118,0,0
4,32.5,32.5,1,27,2.4,1,1,1,0.30873559997417,0,0
4,32.5,32.5,1,28,2.4,1,2,2,0.201715000031982,0,0
4,32.5,32.5,1,29,2.4,1,2,1,2.02152170002228,0,0
4,32.5,32.5,1,30,2,0,1,2,0.201663899992127,0,0
4,32.5,33.5,1,1,2.6,1,2,1,0.201845299976412,0,0
4,32.5,33.5,1,2,2,1,2,2,0.201703099999577,0,0
4,32.5,33.5,1,3,1.8,1,1,1,0.201746599981561,0,0
4,32.5,33.5,1,4,1.4,1,1,2,0.201670600043144,0,0
4,32.5,33.5,1,5,1.2,1,2,1,0.341952099988703,0,0
4,32.5,33.5,1,6,1,0,1,2,0.843746100028511,0,0
4,32.5,33.5,1,7,1.8,1,2,1,0.202071800013073,0,0
4,32.5,33.5,1,8,1.6,0,1,2,0.201682600018103,0,0
4,32.5,33.5,1,9,2.4,0,1,1,0.641784400038887,0,0
4,32.5,33.5,1,10,3.6,1,2,2,0.201674100011587,0,0
4,32.5,33.5,1,11,3.4,1,1,1,0.924083599995356,0,0
4,32.5,33.5,1,12,3.2,1,2,2,1.0178634999902,0,0
4,32.5,33.5,1,13,3,1,2,1,0.201778200047556,0,0
4,32.5,33.5,1,14,2.8,1,1,2,0.201651000010315,0,0
4,32.5,33.5,1,15,2.8,1,1,1,0.201633499993477,0,0
4,32.5,33.5,1,16,2.2,0,1,2,0.201871900004335,0,0
4,32.5,33.5,1,17,3,1,2,1,0.201674299954902,0,0
4,32.5,33.5,1,18,2.8,1,2,2,0.201701499987394,0,0
4,32.5,33.5,1,19,2.8,1,2,1,0.600566999986768,0,0
4,32.5,33.5,1,20,2.8,1,2,2,0.20164789998671,0,0
4,32.5,33.5,1,21,2.8,1,1,1,0.201690899964888,0,0
4,32.5,33.5,1,22,2.6,0,1,2,1.03888920001918,0,0
4,32.5,33.5,1,23,3,1,2,1,0.562647400016431,0,0
4,32.5,33.5,1,24,2.8,1,1,2,0.622842499986291,0,0
4,32.5,33.5,1,25,2.8,1,1,1,0.37008149997564,0,0
4,32.5,33.5,1,26,2.8,1,2,2,0.277987900015432,0,0
4,32.5,33.5,1,27,2.8,1,2,1,0.297656600014307,0,0
4,32.5,33.5,1,28,2.4,1,2,2,0.665277099993546,0,0
4,32.5,33.5,1,29,2.4,1,1,1,0.4144616999547,0,0
4,32.5,33.5,1,30,2.4,0,1,2,0.593667400011327,0,0
4,32.5,34.5,1,1,2.6,1,1,1,0.68604790000245,0,0
4,32.5,34.5,1,2,2,1,2,2,0.441137400048319,0,0
4,32.5,34.5,1,3,1.8,1,1,1,0.43820220005,0,0
4,32.5,34.5,1,4,1.4,1,2,2,0.390918100019917,0,0
4,32.5,34.5,1,5,1.2,1,2,1,0.526654500048608,0,0
4,32.5,34.5,1,6,1,1,1,2,0.447064900014084,0,0
4,32.5,34.5,1,7,0.8,1,2,1,0.846986200020183,0,0
4,32.5,34.5,1,8,0.6,1,1,2,0.383511000021826,0,0
4,32.5,34.5,1,9,0.6,1,2,1,0.280559300037567,0,0
4,32.5,34.5,1,10,0.4,1,1,2,0.405733700026758,0,0
4,32.5,34.5,1,11,0.4,0,1,1,0.2277674000361,0,0
4,32.5,34.5,1,12,0.8,1,2,2,0.318855199962854,0,0
4,32.5,34.5,1,13,0.6,1,1,1,0.280113400018308,0,0
4,32.5,34.5,1,14,0.6,1,1,2,0.408065400028136,0,0
4,32.5,34.5,1,15,0.6,1,2,1,0.43026449996978,0,0
4,32.5,34.5,1,16,0.6,1,2,2,0.48291620000964,0,0
4,32.5,34.5,1,17,0.6,0,1,1,0.492753900005482,0,0
4,32.5,34.5,1,18,0.8,1,2,2,0.354490800003987,0,0
4,32.5,34.5,1,19,0.8,1,2,1,0.484396399988327,0,0
4,32.5,34.5,1,20,0.8,0,1,2,1.26962889998686,0,0
4,32.5,34.5,1,21,1,1,1,1,0.296925700036809,0,0
4,32.5,34.5,1,22,1,1,1,2,0.302929500001483,0,0
4,32.5,34.5,1,23,0.8,1,2,1,0.397184900008142,0,0
4,32.5,34.5,1,24,0.8,1,2,2,0.471800200000871,0,0
4,32.5,34.5,1,25,0.8,1,1,1,0.389771100017242,0,0
4,32.5,34.5,1,26,0.6,1,2,2,0.32619320001686,0,0
4,32.5,34.5,1,27,0.6,1,2,1,0.476365000009537,0,0
4,32.5,34.5,1,28,0.6,1,2,2,0.420784200017806,0,0
4,32.5,34.5,1,29,0.6,0,1,1,0.29617019998841,0,0
4,32.5,34.5,1,30,0.8,0,1,2,1.33668059995398,0,0
8,32,30,0,1,1.8,1,2,1,0.568364799953997,0,0
8,32,30,0,2,1.6,1,2,2,0.644183700205758,0,0
8,32,30,0,3,1.2,1,1,1,0.556049500126392,0,0
8,32,30,0,4,1,1,2,2,0.779529799940065,0,0
8,32,30,0,5,0.8,1,1,1,0.542126499814913,0,0
8,32,30,0,6,0.6,1,1,2,1.00078959995881,0,0
8,32,30,0,7,0.4,1,1,1,0.608697700081393,0,0
8,32,30,0,8,0.4,1,1,2,0.489694399992004,0,0
8,32,30,0,9,0.4,1,2,1,0.643613999942318,0,0
8,32,30,0,10,0.2,1,2,2,0.53126799990423,0,0
8,32,30,0,11,0.2,1,1,1,0.600446600001305,0,0
8,32,30,0,12,0.2,0,2,2,0.504835899919271,0,0
8,32,30,0,13,0.4,0,1,1,0.518646100070328,0,0
8,32,30,0,14,0.6,1,1,2,0.528257200028747,0,0
8,32,30,0,15,0.6,1,2,1,0.538244399940595,0,0
8,32,30,0,16,0.6,1,1,2,0.613293900154531,0,0
8,32,30,0,17,0.6,1,2,1,0.53018070012331,0,0
8,32,30,0,18,0.6,1,2,2,0.487287800060585,0,0
8,32,30,0,19,0.6,1,2,1,0.599991199793294,0,0
8,32,30,0,20,0.6,1,1,2,0.382826099870726,0,0
8,32,30,0,21,0.4,0,1,1,0.403843000065535,0,0
8,32,30,0,22,0.6,1,2,2,0.511789200128987,0,0
8,32,30,0,23,0.6,1,1,1,0.544198400108144,0,0
8,32,30,0,24,0.6,1,2,2,0.663491700077429,0,0
8,32,30,0,25,0.6,1,2,1,0.60296279983595,0,0
8,32,30,0,26,0.6,1,1,2,0.559475800022483,0,0
8,32,30,0,27,0.6,1,2,1,0.423905800096691,0,0
8,32,30,0,28,0.6,1,2,2,0.66830509994179,0,0
8,32,30,0,29,0.6,1,1,1,0.514381000073627,0,0
8,32,30,0,30,0.6,1,1,2,0.436506599886343,0,0
8,32,31,0,1,1.8,1,2,1,0.589567499933764,0,0
8,32,31,0,2,1.6,1,2,2,0.432838700013235,0,0
8,32,31,0,3,1.2,1,1,1,0.402576199965551,0,0
8,32,31,0,4,1,1,2,2,0.407383299898356,0,0
8,32,31,0,5,0.8,1,1,1,0.335730399936438,0,0
8,32,31,0,6,0.6,1,1,2,0.353322699898854,0,0
8,32,31,0,7,0.4,1,2,1,0.431234800023958,0,0
8,32,31,0,8,0.4,1,1,2,0.342197899939492,0,0
8,32,31,0,9,0.4,1,2,1,0.422248200047761,0,0
8,32,31,0,10,0.2,0,2,2,0.274859499884769,0,0
8,32,31,0,11,0.4,0,1,1,0.258066700072959,0,0
8,32,31,0,12,0.8,1,1,2,0.412654099985957,0,0
8,32,31,0,13,0.6,1,1,1,0.520542499842122,0,0
8,32,31,0,14,0.6,1,2,2,0.488936299923807,0,0
8,32,31,0,15,0.6,1,2,1,0.365319399861619,0,0
8,32,31,0,16,0.6,1,2,2,0.35207620006986,0,0
8,32,31,0,17,0.6,1,1,1,0.335089500062168,0,0
8,32,31,0,18,0.6,1,1,2,0.385032700141892,0,0
8,32,31,0,19,0.6,1,2,1,0.351693200180307,0,0
8,32,31,0,20,0.6,1,2,2,0.347722699865699,0,0
8,32,31,0,21,0.6,1,2,1,0.385018300032243,0,0
8,32,31,0,22,0.6,1,1,2,0.451793499989435,0,0
8,32,31,0,23,0.4,1,1,1,0.327058699913323,0,0
8,32,31,0,24,0.4,1,1,2,0.295060600154102,0,0
8,32,31,0,25,0.4,1,1,1,0.397423899965361,0,0
8,32,31,0,26,0.4,1,2,2,0.39133909996599,0,0
8,32,31,0,27,0.4,1,1,1,0.289080600021407,0,0
8,32,31,0,28,0.4,1,2,2,0.317768800072372,0,0
8,32,31,0,29,0.4,1,2,1,0.520502100000158,0,0
8,32,31,0,30,0.4,1,1,2,0.905470800120384,0,0
8,32,32,0,1,1.8,1,1,1,0.570011700037867,0,0
8,32,32,0,2,1.6,1,1,2,0.553833099780604,0,0
8,32,32,0,3,1.2,1,2,1,0.6203701000195,0,0
8,32,32,0,4,1,1,1,2,0.504471199819818,0,0
8,32,32,0,5,0.8,1,2,1,0.462603399995714,0,0
8,32,32,0,6,0.6,1,2,2,0.512044600211084,0,0
8,32,32,0,7,0.4,1,2,1,0.743068600073457,0,0
8,32,32,0,8,0.4,1,2,2,0.759034099988639,0,0
8,32,32,0,9,0.4,0,1,1,0.390252799959853,0,0
8,32,32,0,10,0.8,1,2,2,0.2032721999567,0,0
8,32,32,0,11,0.6,1,1,1,0.773383600171655,0,0
8,32,32,0,12,0.6,1,1,2,0.984108699951321,0,0
8,32,32,0,13,0.6,1,1,1,0.530791700119153,0,0
8,32,32,0,14,0.6,1,1,2,0.439518200000748,0,0
8,32,32,0,15,0.6,1,2,1,0.399299600161612,0,0
8,32,32,0,16,0.6,1,2,2,0.294940700056031,0,0
8,32,32,0,17,0.2,0,1,1,0.314576599979773,0,0
8,32,32,0,18,0.6,1,2,2,0.496630300069228,0,0
8,32,32,0,19,0.6,1,1,1,0.501369700068608,0,0
8,32,32,0,20,0.6,1,2,2,0.362190899904817,0,0
8,32,32,0,21,0.6,1,2,1,0.808695700019598,0,0
8,32,32,0,22,0.6,1,2,2,0.440997899975628,0,0
8,32,32,0,23,0.6,1,1,1,0.532208600081503,0,0
8,32,32,0,24,0.6,1,1,2,0.497602000134066,0,0
8,32,32,0,25,0.4,1,1,1,0.65185540006496,0,0
8,32,32,0,26,0.4,1,1,2,0.466204300057143,0,0
8,32,32,0,27,0.4,1,2,1,0.538602199871093,0,0
8,32,32,0,28,0.4,1,1,2,0.608629799913615,0,0
8,32,32,0,29,0.4,1,2,1,0.466178999980912,0,0
8,32,32,0,30,0.4,1,2,2,0.453207700047642,0,0
8,32,33,0,1,1.8,1,2,1,0.515860199928284,0,0
8,32,33,0,2,1.6,1,1,2,0.430185899836943,0,0
8,32,33,0,3,1.2,1,1,1,0.654720399994403,0,0
8,32,33,0,4,1,1,2,2,0.243514799978584,0,0
8,32,33,0,5,0.8,1,1,1,0.260495999827981,0,0
8,32,33,0,6,0.6,1,2,2,0.407340100035071,0,0
8,32,33,0,7,0.4,1,2,1,0.681629200000316,0,0
8,32,33,0,8,0.4,1,1,2,0.443737499881536,0,0
8,32,33,0,9,0.4,1,1,1,1.44316189992242,0,0
8,32,33,0,10,0.2,1,2,2,0.439602199941874,0,0
8,32,33,0,11,0.2,1,2,1,0.522077899891883,0,0
8,32,33,0,12,0.2,1,1,2,0.561750499997288,0,0
8,32,33,0,13,0.2,0,2,1,0.506647699978203,0,0
8,32,33,0,14,0.4,1,1,2,0.331724200164899,0,0
8,32,33,0,15,0.4,0,1,1,0.798732300056145,0,0
8,32,33,0,16,0.6,1,1,2,0.276566999964416,0,0
8,32,33,0,17,0.6,1,2,1,0.300616799853742,0,0
8,32,33,0,18,0.6,1,2,2,0.499770499998704,0,0
8,32,33,0,19,0.6,1,2,1,0.324227100005373,0,0
8,32,33,0,20,0.4,1,1,2,0.479012999916449,0,0
8,32,33,0,21,0.4,1,1,1,0.322756599867716,0,0
8,32,33,0,22,0.4,1,1,2,0.36289480002597,0,0
8,32,33,0,23,0.4,1,2,1,0.558051500003785,0,0
8,32,33,0,24,0.4,1,2,2,0.425394899910316,0,0
8,32,33,0,25,0.4,1,2,1,0.38537949998863,0,0
8,32,33,0,26,0.4,1,2,2,0.279846000019461,0,0
8,32,33,0,27,0.4,0,2,1,0.285606099991128,0,0
8,32,33,0,28,0.2,1,1,2,0.441463000141084,0,0
8,32,33,0,29,0.2,0,1,1,0.398691999958828,0,0
8,32,33,0,30,0.4,1,1,2,0.550545699894428,0,0
8,32,34,0,1,1.8,1,2,1,2.38552169990726,0,0
8,32,34,0,2,1.6,1,1,2,0.957224299898371,0,0
8,32,34,0,3,1.2,1,1,1,0.599646700080484,0,0
8,32,34,0,4,1,1,2,2,0.452304000034928,0,0
8,32,34,0,5,0.8,1,2,1,0.474738999968395,0,0
8,32,34,0,6,0.6,1,1,2,0.713640199974179,0,0
8,32,34,0,7,0.4,1,1,1,0.274364199955016,0,0
8,32,34,0,8,0.4,1,1,2,0.501501800026745,0,0
8,32,34,0,9,0.4,1,1,1,0.584328700089827,0,0
8,32,34,0,10,0.2,0,2,2,1.23863580008037,0,0
8,32,34,0,11,0.4,1,2,1,0.30765109998174,0,0
8,32,34,0,12,0.4,1,2,2,0.421764899976552,0,0
8,32,34,0,13,0.4,1,1,1,0.438812999986112,0,0
8,32,34,0,14,0.4,1,1,2,0.262179299956188,0,0
8,32,34,0,15,0.4,1,2,1,0.399804800050333,0,0
8,32,34,0,16,0.4,1,1,2,0.307929100003093,0,0
8,32,34,0,17,0.4,1,2,1,0.278145899996161,0,0
8,32,34,0,18,0.4,1,2,2,0.470608199946582,0,0
8,32,34,0,19,0.4,1,2,1,0.323106799973175,0,0
8,32,34,0,20,0.4,1,2,2,0.315318200038746,0,0
8,32,34,0,21,0.4,1,2,1,0.446159499930218,0,0
8,32,34,0,22,0.4,0,1,2,0.466660500038415,0,0
8,32,34,0,23,0.4,1,1,1,0.367525600129738,0,0
8,32,34,0,24,0.4,1,1,2,0.483103499980643,0,0
8,32,34,0,25,0.4,1,2,1,0.439976199995726,0,0
8,32,34,0,26,0.4,1,1,2,0.436541999923065,0,0
8,32,34,0,27,0.4,1,1,1,0.414141699904576,0,0
8,32,34,0,28,0.4,1,2,2,0.380440599983558,0,0
8,32,34,0,29,0.4,1,1,1,0.408009599894285,0,0
8,32,34,0,30,0.4,1,2,2,0.478978700004518,0,0
8,32,30,1,1,2.6,1,1,1,0.474470899906009,0,0
8,32,30,1,2,2,1,2,2,0.454272599890828,0,0
8,32,30,1,3,1.8,0,2,1,0.506316800136119,0,0
8,32,30,1,4,3,1,1,2,0.470465200021863,0,0
8,32,30,1,5,2.8,1,2,1,0.599268899997696,0,0
8,32,30,1,6,2.6,1,1,2,0.50368810002692,0,0
8,32,30,1,7,2.4,1,1,1,0.532662099925801,0,0
8,32,30,1,8,2.2,0,1,2,0.8084944000002,0,0
8,32,30,1,9,2.8,1,2,1,0.579373999964446,0,0
8,32,30,1,10,2.8,0,2,2,0.554447300033644,0,0
8,32,30,1,11,3.6,1,1,1,0.499221500009298,0,0
8,32,30,1,12,3.4,1,2,2,0.703206199919805,0,0
8,32,30,1,13,3.4,1,2,1,0.623298899969086,0,0
8,32,30,1,14,3.2,1,1,2,0.844993100035936,0,0
8,32,30,1,15,3.2,1,2,1,0.638791900128126,0,0
8,32,30,1,16,3,1,2,2,0.553930599940941,0,0
8,32,30,1,17,2.6,1,1,1,0.658170500071719,0,0
8,32,30,1,18,2.6,1,1,2,0.35813400009647,0,0
8,32,30,1,19,2.6,1,2,1,0.475180700188503,0,0
8,32,30,1,20,2.6,1,1,2,1.20995809999295,0,0
8,32,30,1,21,2.6,1,1,1,0.925617600092664,0,0
8,32,30,1,22,2.4,0,1,2,0.633346799993888,0,0
8,32,30,1,23,2.6,1,2,1,0.511011200025678,0,0
8,32,30,1,24,2.6,1,2,2,0.465955199906603,0,0
8,32,30,1,25,2.6,1,1,1,0.681255099829286,0,0
8,32,30,1,26,2.6,1,2,2,0.557592800119892,0,0
8,32,30,1,27,2.6,1,2,1,0.662536700023338,0,0
8,32,30,1,28,2.2,1,2,2,0.551228899974376,0,0
8,32,30,1,29,2.2,1,1,1,0.484077399829403,0,0
8,32,30,1,30,2,1,1,2,0.590847099898383,0,0
8,32,31,1,1,2.6,1,1,1,0.484605300007388,0,0
8,32,31,1,2,2,1,1,2,0.50737169990316,0,0
8,32,31,1,3,1.8,1,2,1,0.481314799981192,0,0
8,32,31,1,4,1.4,1,2,2,0.481548700015992,0,0
8,32,31,1,5,1.2,1,1,1,0.724577999906614,0,0
8,32,31,1,6,1,0,2,2,0.546368899988011,0,0
8,32,31,1,7,1.8,1,1,1,0.528829100076109,0,0
8,32,31,1,8,1.6,1,2,2,0.84117959998548,0,0
8,32,31,1,9,1.4,1,1,1,0.752754300134256,0,0
8,32,31,1,10,1.4,1,2,2,0.696615400025621,0,0
8,32,31,1,11,1.4,1,1,1,0.882325500017032,0,0
8,32,31,1,12,1.2,0,2,2,0.799297000048682,0,0
8,32,31,1,13,1.4,1,2,1,0.829239200102165,0,0
8,32,31,1,14,1.4,0,2,2,0.560886099934578,0,0
8,32,31,1,15,1.8,1,2,1,0.5146804000251,0,0
8,32,31,1,16,1.6,1,1,2,0.474459900055081,0,0
8,32,31,1,17,1.6,1,1,1,0.865631000138819,0,0
8,32,31,1,18,1.6,1,1,2,0.794087899848819,0,0
8,32,31,1,19,1.6,1,2,1,0.821148599963635,0,0
8,32,31,1,20,1.6,1,2,2,0.668579400051385,0,0
8,32,31,1,21,1.6,1,1,1,0.450089199934155,0,0
8,32,31,1,22,1.6,1,2,2,0.644640500191599,0,0
8,32,31,1,23,1.2,0,1,1,0.574383599916473,0,0
8,32,31,1,24,1.6,1,1,2,0.88203789992258,0,0
8,32,31,1,25,1.6,1,2,1,0.52505819988437,0,0
8,32,31,1,26,1.6,0,1,2,1.15218600002117,0,0
8,32,31,1,27,1.6,1,2,1,0.441204099915922,0,0
8,32,31,1,28,1.6,1,2,2,0.548162599792704,0,0
8,32,31,1,29,1.6,0,1,1,0.581662899814546,0,0
8,32,31,1,30,1.8,1,1,2,0.512254300061613,0,0
8,32,32,1,1,2.6,1,1,1,0.407869199989364,0,0
8,32,32,1,2,2,1,2,2,0.366219599964097,0,0
8,32,32,1,3,1.8,1,2,1,0.259868999943137,0,0
8,32,32,1,4,1.4,1,2,2,0.406298799905926,0,0
8,32,32,1,5,1.2,1,1,1,0.315292599843815,0,0
8,32,32,1,6,1,0,1,2,0.643640600144863,0,0
8,32,32,1,7,1.8,1,1,1,0.304782499792054,0,0
8,32,32,1,8,1.6,1,2,2,0.539308799896389,0,0
8,32,32,1,9,1.4,1,2,1,0.932932199910283,0,0
8,32,32,1,10,1.4,1,1,2,0.638938500080258,0,0
8,32,32,1,11,1.4,1,1,1,0.311155100120232,0,0
8,32,32,1,12,1.2,1,2,2,0.507935000117868,0,0
8,32,32,1,13,1.2,0,1,1,0.365754900034517,0,0
8,32,32,1,14,1.4,1,1,2,0.482448800001293,0,0
8,32,32,1,15,1.4,1,2,1,0.326451600063592,0,0
8,32,32,1,16,1.4,1,2,2,0.425598199944943,0,0
8,32,32,1,17,1.4,1,2,1,0.229548200033605,0,0
8,32,32,1,18,1.4,1,1,2,0.262944899965078,0,0
8,32,32,1,19,1.4,1,2,1,0.288873099954799,0,0
8,32,32,1,20,1,0,1,2,0.407442899886519,0,0
8,32,32,1,21,1.4,0,1,1,0.247744000051171,0,0
8,32,32,1,22,1.6,1,2,2,0.347786199999973,0,0
8,32,32,1,23,1.4,1,1,1,0.74437169986777,0,0
8,32,32,1,24,1.4,1,2,2,0.643146200105548,0,0
8,32,32,1,25,1.4,0,2,1,0.439292200142518,0,0
8,32,32,1,26,1.6,1,1,2,0.412573199952021,0,0
8,32,32,1,27,1.6,1,2,1,0.366071099881083,0,0
8,32,32,1,28,1.6,1,1,2,0.410140599822626,0,0
8,32,32,1,29,1.6,1,1,1,0.377596799982712,0,0
8,32,32,1,30,1.6,1,2,2,0.532300299964845,0,0
8,32,33,1,1,2.6,1,1,1,0.338149999966845,0,0
8,32,33,1,2,2,1,2,2,0.557048799935728,0,0
8,32,33,1,3,1.8,1,2,1,0.403138400055468,0,0
8,32,33,1,4,1.4,1,1,2,0.569089200114831,0,0
8,32,33,1,5,1.2,1,2,1,0.562111699953675,0,0
8,32,33,1,6,1,1,1,2,0.519534499850124,0,0
8,32,33,1,7,0.8,1,1,1,0.597432600101456,0,0
8,32,33,1,8,0.6,1,1,2,0.53645720006898,0,0
8,32,33,1,9,0.6,1,2,1,0.44139469997026,0,0
8,32,33,1,10,0.4,1,2,2,0.520105900010094,0,0
8,32,33,1,11,0.4,0,1,1,0.521358200116083,0,0
8,32,33,1,12,0.8,1,2,2,0.454554599942639,0,0
8,32,33,1,13,0.6,1,1,1,0.724451099988073,0,0
8,32,33,1,14,0.6,0,1,2,0.530452399980277,0,0
8,32,33,1,15,0.8,1,2,1,0.384545899927616,0,0
8,32,33,1,16,0.8,0,2,2,0.651856899959967,0,0
8,32,33,1,17,1.2,1,1,1,0.533305000048131,0,0
8,32,33,1,18,1,1,2,2,0.444365800125524,0,0
8,32,33,1,19,1,1,2,1,0.395964600145817,0,0
8,32,33,1,20,1,1,1,2,0.785697299987078,0,0
8,32,33,1,21,1,1,2,1,0.451407699845731,0,0
8,32,33,1,22,1,1,1,2,0.534747299971059,0,0
8,32,33,1,23,1,1,1,1,0.406355899991468,0,0
8,32,33,1,24,0.8,1,2,2,1.01812139991671,0,0
8,32,33,1,25,0.8,1,2,1,0.767972399946302,0,0
8,32,33,1,26,0.6,1,1,2,0.450208700029179,0,0
8,32,33,1,27,0.6,1,1,1,0.410136300139129,0,0
8,32,33,1,28,0.6,0,1,2,0.299470700090751,0,0
8,32,33,1,29,0.8,1,2,1,0.514684300171211,0,0
8,32,33,1,30,0.8,1,2,2,0.582102200016379,0,0
8,32,34,1,1,2.6,1,2,1,0.644535799976438,0,0
8,32,34,1,2,2,1,2,2,0.379792999941856,0,0
8,32,34,1,3,1.8,1,1,1,0.408995199948549,0,0
8,32,34,1,4,1.4,1,2,2,0.396539800101891,0,0
8,32,34,1,5,1.2,1,1,1,0.498266800073907,0,0
8,32,34,1,6,1,1,1,2,0.401888499967754,0,0
8,32,34,1,7,0.8,1,2,1,0.476751500042155,0,0
8,32,34,1,8,0.6,1,1,2,0.447825599927455,0,0
8,32,34,1,9,0.6,1,1,1,0.401747300056741,0,0
8,32,34,1,10,0.4,1,2,2,1.00304390001111,0,0
8,32,34,1,11,0.4,0,2,1,0.247282299911603,0,0
8,32,34,1,12,0.8,1,1,2,0.292508899932727,0,0
8,32,34,1,13,0.6,1,1,1,0.497613199986517,0,0
8,32,34,1,14,0.6,0,2,2,0.336227399995551,0,0
8,32,34,1,15,0.8,1,1,1,0.30868130014278,0,0
8,32,34,1,16,0.8,1,1,2,0.346244600135833,0,0
8,32,34,1,17,0.8,1,2,1,0.300273499917239,0,0
8,32,34,1,18,0.8,1,2,2,0.5566823000554,0,0
8,32,34,1,19,0.8,1,1,1,0.458716100081801,0,0
8,32,34,1,20,0.8,1,2,2,0.629088999936357,0,0
8,32,34,1,21,0.8,1,2,1,0.392195200081915,0,0
8,32,34,1,22,0.8,1,1,2,0.426103899953887,0,0
8,32,34,1,23,0.4,0,2,1,0.325372700113803,0,0
8,32,34,1,24,0.8,1,1,2,0.444674900034443,0,0
8,32,34,1,25,0.8,1,1,1,0.403813800076023,0,0
8,32,34,1,26,0.8,1,1,2,0.506922299973667,0,0
8,32,34,1,27,0.8,1,2,1,0.452511999988928,0,0
8,32,34,1,28,0.8,1,1,2,0.228215200128034,0,0
8,32,34,1,29,0.6,1,2,1,0.609081800095737,0,0
8,32,34,1,30,0.6,1,2,2,0.501833199989051,0,0
12,32,30,0,1,1.8,1,2,1,0.455630499986,0,0
12,32,30,0,2,1.6,1,2,2,0.272334800014505,0,0
12,32,30,0,3,1.2,1,1,1,0.239814500004286,0,0
12,32,30,0,4,1,1,1,2,0.249518399999943,0,0
12,32,30,0,5,0.8,1,1,1,0.342540799989365,0,0
12,32,30,0,6,0.6,1,2,2,0.322692299989285,0,0
12,32,30,0,7,0.4,1,1,1,0.496065099985572,0,0
12,32,30,0,8,0.4,1,2,2,0.319909299985738,0,0
12,32,30,0,9,0.4,1,2,1,0.801944099977845,0,0
12,32,30,0,10,0.2,1,2,2,0.311519000009866,0,0
12,32,30,0,11,0.2,1,1,1,0.274320399999851,0,0
12,32,30,0,12,0.2,1,1,2,0.360366100008832,0,0
12,32,30,0,13,0.2,1,2,1,0.302759200014407,0,0
12,32,30,0,14,0.2,1,2,2,0.241237200010801,0,0
12,32,30,0,15,0.2,1,2,1,0.332162399980007,0,0
12,32,30,0,16,0.2,1,1,2,0.307939699996496,0,0
12,32,30,0,17,0.2,1,1,1,0.31168750001234,0,0
12,32,30,0,18,0.2,1,1,2,1.01572870000382,0,0
12,32,30,0,19,0.2,1,2,1,0.35406700000749,0,0
12,32,30,0,20,0.2,1,2,2,0.434442400000989,0,0
12,32,30,0,21,0.2,1,1,1,0.343507899990072,0,0
12,32,30,0,22,0.2,1,2,2,0.359174400015036,0,0
12,32,30,0,23,0.2,1,1,1,0.449323099979665,0,0
12,32,30,0,24,0.2,1,1,2,0.425320900016231,0,0
12,32,30,0,25,0.2,1,1,1,0.341688700020313,0,0
12,32,30,0,26,0.2,1,1,2,0.331787100003567,0,0
12,32,30,0,27,0.2,1,2,1,0.336922599992249,0,0
12,32,30,0,28,0.2,1,1,2,0.305381200014381,0,0
12,32,30,0,29,0.2,1,2,1,0.31566130000283,0,0
12,32,30,0,30,0.2,1,2,2,0.278042499994626,0,0
12,32,31,0,1,1.8,1,2,1,0.49898239999311,0,0
12,32,31,0,2,1.6,1,2,2,0.32750909999595,0,0
12,32,31,0,3,1.2,1,1,1,0.302182599989465,0,0
12,32,31,0,4,1,1,2,2,0.360244100011187,0,0
12,32,31,0,5,0.8,1,1,1,0.409073000017088,0,0
12,32,31,0,6,0.6,1,1,2,0.425879100017482,0,0
12,32,31,0,7,0.4,1,2,1,0.298450300004333,0,0
12,32,31,0,8,0.4,1,1,2,0.279416699981084,0,0
12,32,31,0,9,0.4,1,2,1,0.257230099989101,0,0
12,32,31,0,10,0.2,0,1,2,0.315753500006394,0,0
12,32,31,0,11,0.4,1,1,1,0.927812900015851,0,0
12,32,31,0,12,0.4,1,2,2,0.245547299971804,0,0
12,32,31,0,13,0.4,1,1,1,0.317452200019034,0,0
12,32,31,0,14,0.4,1,2,2,0.471781400003238,0,0
12,32,31,0,15,0.4,1,2,1,0.361455400008708,0,0
12,32,31,0,16,0.4,1,1,2,0.384890200017253,0,0
12,32,31,0,17,0.4,1,2,1,0.401979399990523,0,0
12,32,31,0,18,0.4,1,1,2,0.24940610001795,0,0
12,32,31,0,19,0.4,1,2,1,0.326483899989398,0,0
12,32,31,0,20,0.4,1,1,2,0.602432000014232,0,0
12,32,31,0,21,0.4,1,1,1,0.559132199996384,0,0
12,32,31,0,22,0.4,1,2,2,0.777670900017256,0,0
12,32,31,0,23,0.4,1,2,1,0.353989799972624,0,0
12,32,31,0,24,0.4,1,1,2,0.497816400020383,0,0
12,32,31,0,25,0.2,1,1,1,0.351154400006635,0,0
12,32,31,0,26,0.2,1,1,2,0.423609599994961,0,0
12,32,31,0,27,0.2,1,1,1,0.394689099979587,0,0
12,32,31,0,28,0.2,1,2,2,0.539097299973946,0,0
12,32,31,0,29,0.2,1,2,1,0.285368899989408,0,0
12,32,31,0,30,0.2,1,2,2,0.280885100015439,0,0
12,32,32,0,1,1.8,1,2,1,0.435402500006603,0,0
12,32,32,0,2,1.6,1,1,2,0.249809100001585,0,0
12,32,32,0,3,1.2,1,1,1,0.288001500011887,0,0
12,32,32,0,4,1,1,2,2,0.376874600013252,0,0
12,32,32,0,5,0.8,1,2,1,0.504190399980871,0,0
12,32,32,0,6,0.6,1,1,2,0.201689000008628,0,0
12,32,32,0,7,0.4,1,2,1,0.274203500011936,0,0
12,32,32,0,8,0.4,1,1,2,0.380152400000952,0,0
12,32,32,0,9,0.4,1,1,1,0.298260099982144,0,0
12,32,32,0,10,0.2,1,2,2,0.317881900002249,0,0
12,32,32,0,11,0.2,1,1,1,2.48873509999248,0,0
12,32,32,0,12,0.2,1,2,2,0.330077899998287,0,0
12,32,32,0,13,0.2,1,1,1,0.321634799998719,0,0
12,32,32,0,14,0.2,1,2,2,0.346036700007971,0,0
12,32,32,0,15,0.2,1,2,1,0.310977799992543,0,0
12,32,32,0,16,0.2,1,1,2,0.345414600014919,0,0
12,32,32,0,17,0.2,1,2,1,0.342597699986072,0,0
12,32,32,0,18,0.2,1,1,2,0.656473100010771,0,0
12,32,32,0,19,0.2,1,2,1,0.410349300014786,0,0
12,32,32,0,20,0.2,1,1,2,0.386606599990046,0,0
12,32,32,0,21,0.2,1,1,1,0.510263500007568,0,0
12,32,32,0,22,0.2,1,2,2,0.594688500015764,0,0
12,32,32,0,23,0.2,1,2,1,0.521168900013436,0,0
12,32,32,0,24,0.2,1,1,2,0.492284599982668,0,0
12,32,32,0,25,0.2,1,1,1,0.529131799994502,0,0
12,32,32,0,26,0.2,1,2,2,0.498232700017979,0,0
12,32,32,0,27,0.2,1,2,1,0.597602599998936,0,0
12,32,32,0,28,0.2,1,2,2,0.320083800004795,0,0
12,32,32,0,29,0.2,1,1,1,0.303687700012233,0,0
12,32,32,0,30,0.2,1,1,2,0.282626700005494,0,0
12,32,33,0,1,1.8,1,2,1,0.518112499994459,0,0
12,32,33,0,2,1.6,1,1,2,0.440655599988531,0,0
12,32,33,0,3,1.2,1,2,1,0.362235800013877,0,0
12,32,33,0,4,1,1,1,2,0.303912900009891,0,0
12,32,33,0,5,0.8,1,1,1,0.324090000009164,0,0
12,32,33,0,6,0.6,1,2,2,0.296590299985837,0,0
12,32,33,0,7,0.4,1,1,1,0.753714599995874,0,0
12,32,33,0,8,0.4,1,2,2,0.504990100016585,0,0
12,32,33,0,9,0.4,1,2,1,0.263568299997132,0,0
12,32,33,0,10,0.2,1,1,2,0.303660500008846,0,0
12,32,33,0,11,0.2,1,1,1,0.450272299989592,0,0
12,32,33,0,12,0.2,0,2,2,0.287824999977602,0,0
12,32,33,0,13,0.4,1,2,1,0.359501300001284,0,0
12,32,33,0,14,0.4,1,2,2,0.355714600009378,0,0
12,32,33,0,15,0.4,1,2,1,0.654879800014896,0,0
12,32,33,0,16,0.4,1,1,2,0.361770399991656,0,0
12,32,33,0,17,0.4,1,1,1,0.336138400016353,0,0
12,32,33,0,18,0.4,1,1,2,0.387293300009333,0,0
12,32,33,0,19,0.4,1,1,1,0.310793400014518,0,0
12,32,33,0,20,0.4,1,1,2,0.261339400021825,0,0
12,32,33,0,21,0.2,1,2,1,0.37588209999376,0,0
12,32,33,0,22,0.2,1,2,2,0.377152800007025,0,0
12,32,33,0,23,0.2,1,1,1,0.481408699997701,0,0
12,32,33,0,24,0.2,1,2,2,0.3261653999798,0,0
12,32,33,0,25,0.2,1,2,1,0.344413200014969,0,0
12,32,33,0,26,0.2,1,2,2,0.555747600010363,0,0
12,32,33,0,27,0.2,1,1,1,0.493880199996056,0,0
12,32,33,0,28,0.2,0,2,2,0.794480299984571,0,0
12,32,33,0,29,0.2,0,1,1,0.248187999997754,0,0
12,32,33,0,30,0.4,1,1,2,0.260376799997175,0,0
12,32,34,0,1,1.8,1,2,1,1.6161094000272,0,0
12,32,34,0,2,1.6,1,1,2,0.970216799993068,0,0
12,32,34,0,3,1.2,1,2,1,0.925887100020191,0,0
12,32,34,0,4,1,1,1,2,0.709597500012023,0,0
12,32,34,0,5,0.8,1,2,1,0.986503199994331,0,0
12,32,34,0,6,0.6,1,1,2,0.79074130000663,0,0
12,32,34,0,7,0.4,1,1,1,1.90547699999297,0,0
12,32,34,0,8,0.4,1,1,2,0.969015300011961,0,0
12,32,34,0,9,0.4,1,2,1,0.396617100021103,0,0
12,32,34,0,10,0.2,1,1,2,NaN,1,0
12,32,34,0,11,0.2,1,2,1,0.339654999988852,0,0
12,32,34,0,12,0.2,1,2,2,0.650091199990129,0,0
12,32,34,0,13,0.2,1,1,1,0.62734000000637,0,0
12,32,34,0,14,0.2,1,1,2,0.412294000008842,0,0
12,32,34,0,15,0.2,1,1,1,0.783611799997743,0,0
12,32,34,0,16,0.2,0,2,2,0.441911300003994,0,0
12,32,34,0,17,0.2,0,2,1,0.579850400012219,0,0
12,32,34,0,18,0.4,1,2,2,0.313346000009915,0,0
12,32,34,0,19,0.4,1,1,1,0.294123700005002,0,0
12,32,34,0,20,0.4,1,2,2,0.36635299999034,0,0
12,32,34,0,21,0.4,1,1,1,0.249651800026186,0,0
12,32,34,0,22,0.4,1,1,2,0.314986400015187,0,0
12,32,34,0,23,0.4,1,2,1,0.538098099990748,0,0
12,32,34,0,24,0.4,1,2,2,0.558336299989605,0,0
12,32,34,0,25,0.4,1,2,1,0.298922799993306,0,0
12,32,34,0,26,0.4,1,1,2,0.370702399988659,0,0
12,32,34,0,27,0.4,1,1,1,0.357805699983146,0,0
12,32,34,0,28,0.4,1,2,2,0.355023800017079,0,0
12,32,34,0,29,0.4,1,2,1,0.305230899975868,0,0
12,32,30,1,1,2.6,1,2,1,0.340484499989543,0,0
12,32,30,1,2,2,1,2,2,0.474453400005586,0,0
12,32,30,1,3,1.8,1,1,1,0.260174499999266,0,0
12,32,30,1,4,1.4,1,1,2,0.375136699993163,0,0
12,32,30,1,5,1.2,0,2,1,0.330051700002514,0,0
12,32,30,1,6,2.2,1,1,2,0.485712299996521,0,0
12,32,30,1,7,2,1,2,1,NaN,1,0
12,32,30,1,8,1.8,1,1,2,0.248759200010682,0,0
12,32,30,1,9,1.6,1,1,1,0.318346400017617,0,0
12,32,30,1,10,1.6,1,2,2,0.257347200007644,0,0
12,32,30,1,11,1.6,1,1,1,0.319953099999111,0,0
12,32,30,1,12,1.4,1,2,2,0.344692699989537,0,0
12,32,30,1,13,1.4,1,2,1,0.618296699976781,0,0
12,32,30,1,14,1,0,1,2,0.270216600009007,0,0
12,32,30,1,15,1.4,1,2,1,1.17967449998832,0,0
12,32,30,1,16,1.4,0,1,2,0.391876699985005,0,0
12,32,30,1,17,1.6,1,2,1,0.336475899996003,0,0
12,32,30,1,18,1.6,0,1,2,0.334950699994806,0,0
12,32,30,1,19,2,1,1,1,0.415634400007548,0,0
12,32,30,1,20,1.8,1,1,2,0.457477299991297,0,0
12,32,30,1,21,1.8,1,2,1,0.327896999981022,0,0
12,32,30,1,22,1.8,0,1,2,0.266703200002667,0,0
12,32,30,1,23,2.2,1,2,1,0.279834400018444,0,0
12,32,30,1,24,2.2,1,2,2,0.376430899981642,0,0
12,32,30,1,25,2,1,1,1,0.253054000000702,0,0
12,32,30,1,26,2,0,2,2,0.424615900003118,0,0
12,32,30,1,27,2.4,1,2,1,0.609623600001214,0,0
12,32,30,1,28,2.4,1,1,2,0.285427700000582,0,0
12,32,30,1,29,2.4,1,2,1,0.944173299998511,0,0
12,32,31,1,1,2.6,1,2,1,0.534823699999833,0,0
12,32,31,1,2,2,1,2,2,0.814730299985968,0,0
12,32,31,1,3,1.8,1,1,1,0.339410499989754,0,0
12,32,31,1,4,1.4,1,1,2,0.407773300015833,0,0
12,32,31,1,5,1.2,1,2,1,0.432919200015021,0,0
12,32,31,1,6,1,1,1,2,0.393639500020072,0,0
12,32,31,1,7,0.8,0,1,1,0.416815899981884,0,0
12,32,31,1,8,1.4,1,2,2,0.432013499987079,0,0
12,32,31,1,9,1.4,1,1,1,0.286365000007208,0,0
12,32,31,1,10,1.2,1,2,2,0.25750939999125,0,0
12,32,31,1,11,1.2,1,2,1,0.576963300001808,0,0
12,32,31,1,12,1,0,1,2,1.29066030000104,0,0
12,32,31,1,13,1.4,1,2,1,0.328669200011063,0,0
12,32,31,1,14,1.2,1,2,2,0.850071500026388,0,0
12,32,31,1,15,1.2,0,1,1,0.849264199991012,0,0
12,32,31,1,16,1.4,1,2,2,0.358331800001906,0,0
12,32,31,1,17,1.4,1,1,1,0.287577499984764,0,0
12,32,31,1,18,1.4,1,1,2,0.512896800006274,0,0
12,32,31,1,19,1.4,1,2,1,1.50520730001153,0,0
12,32,31,1,20,1.4,1,2,2,0.31859889999032,0,0
12,32,31,1,21,1.4,1,1,1,1.39997159998165,0,0
12,32,31,1,22,1.4,1,1,2,0.272996400017291,0,0
12,32,31,1,23,1,1,1,1,2.13346820001607,0,0
12,32,31,1,24,1,1,2,2,0.504970800015144,0,0
12,32,31,1,25,1,1,1,1,1.31307410000591,0,0
12,32,31,1,26,1,1,2,2,0.48044809998828,0,0
12,32,31,1,27,1,1,2,1,0.387654199992539,0,0
12,32,31,1,28,1,1,1,2,0.51179580000462,0,0
12,32,31,1,29,1,1,2,1,0.506966300017666,0,0
12,32,31,1,30,1,1,1,2,0.47902199998498,0,0
12,32,32,1,1,2.6,1,1,1,1.39539019999211,0,0
12,32,32,1,2,2,1,2,2,0.40353799998411,0,0
12,32,32,1,3,1.8,1,2,1,0.375872799981153,0,0
12,32,32,1,4,1.4,1,1,2,0.473671699990518,0,0
12,32,32,1,5,1.2,0,1,1,0.640030799986562,0,0
12,32,32,1,6,2.2,1,2,2,0.307881700020516,0,0
12,32,32,1,7,2,1,2,1,0.456374900008086,0,0
12,32,32,1,8,1.8,1,2,2,0.490557399985846,0,0
12,32,32,1,9,1.6,1,1,1,0.355263000004925,0,0
12,32,32,1,10,1.6,1,1,2,0.380241999984719,0,0
12,32,32,1,11,1.6,1,1,1,0.391284899989842,0,0
12,32,32,1,12,1.4,1,2,2,0.373650699999416,0,0
12,32,32,1,13,1.4,1,2,1,0.262106399983168,0,0
12,32,32,1,14,1,1,1,2,0.303513199993176,0,0
12,32,32,1,15,1,0,1,1,0.744257299986202,0,0
12,32,32,1,16,1.4,1,1,2,0.246005399996648,0,0
12,32,32,1,17,1.4,1,2,1,0.599855200009188,0,0
12,32,32,1,18,1.4,1,2,2,0.397496499994304,0,0
12,32,32,1,19,1.4,1,2,1,0.372210400004406,0,0
12,32,32,1,20,1.4,1,1,2,0.350811400014209,0,0
12,32,32,1,21,1.4,1,1,1,1.03106919999118,0,0
12,32,32,1,22,1.4,1,2,2,0.464916600001743,0,0
12,32,32,1,23,1.4,1,1,1,0.678273800003808,0,0
12,32,32,1,24,1,1,2,2,0.382863699982408,0,0
12,32,32,1,25,1,1,2,1,0.439400100003695,0,0
12,32,32,1,26,1,1,2,2,0.279089499992551,0,0
12,32,32,1,27,1,0,2,1,0.350617000018246,0,0
12,32,32,1,28,1,1,1,2,0.262094000005163,0,0
12,32,32,1,29,1,1,1,1,0.664270300010685,0,0
12,32,32,1,30,1,1,1,2,1.2398988000059,0,0
12,32,33,1,1,2.6,1,2,1,0.292378100013593,0,0
12,32,33,1,2,2,1,2,2,0.268094900005963,0,0
12,32,33,1,3,1.8,1,2,1,0.338499000004958,0,0
12,32,33,1,4,1.4,1,1,2,0.383097899990389,0,0
12,32,33,1,5,1.2,1,1,1,0.656675300007919,0,0
12,32,33,1,6,1,1,1,2,0.281508199987002,0,0
12,32,33,1,7,0.8,1,2,1,0.326891000004252,0,0
12,32,33,1,8,0.6,1,2,2,0.303455099987332,0,0
12,32,33,1,9,0.6,0,2,1,0.354048800014425,0,0
12,32,33,1,10,1,1,1,2,0.248062099999515,0,0
12,32,33,1,11,1,1,1,1,0.597214900015388,0,0
12,32,33,1,12,1,1,1,2,0.299245500005782,0,0
12,32,33,1,13,0.8,0,1,1,1.05020989998593,0,0
12,32,33,1,14,1.2,1,1,2,0.313122099993052,0,0
12,32,33,1,15,1,0,2,1,1.21803739998722,0,0
12,32,33,1,16,1.4,1,2,2,0.51194779999787,0,0
12,32,33,1,17,1.2,1,2,1,0.400696099997731,0,0
12,32,33,1,18,1.2,1,1,2,0.626109700009692,0,0
12,32,33,1,19,1.2,1,1,1,0.875367000000551,0,0
12,32,33,1,20,1.2,1,1,2,0.321058300003642,0,0
12,32,33,1,21,1.2,1,2,1,0.36159499999485,0,0
12,32,33,1,22,1.2,1,2,2,0.270090500009246,0,0
12,32,33,1,23,1.2,0,1,1,0.474400900013279,0,0
12,32,33,1,24,1.4,1,2,2,0.373109800013481,0,0
12,32,33,1,25,1.2,0,2,1,0.365713300008792,0,0
12,32,33,1,26,1.6,1,1,2,0.446387399977539,0,0
12,32,33,1,27,1.4,1,1,1,0.480323099996895,0,0
12,32,33,1,28,1.4,1,2,2,0.302272400003858,0,0
12,32,33,1,29,1.4,1,1,1,0.322125300008338,0,0
12,32,33,1,30,1.4,1,2,2,0.391715900012059,0,0
12,32,34,1,1,2.6,1,2,1,0.539349800004857,0,0
12,32,34,1,2,2,1,2,2,0.333324800012633,0,0
12,32,34,1,3,1.8,1,2,1,0.410222800011979,0,0
12,32,34,1,4,1.4,1,1,2,0.287918799993349,0,0
12,32,34,1,5,1.2,1,1,1,0.378853200003505,0,0
12,32,34,1,6,1,1,1,2,0.528021299978718,0,0
12,32,34,1,7,0.8,0,1,1,0.528497999999672,0,0
12,32,34,1,8,1.4,1,2,2,0.327484300010838,0,0
12,32,34,1,9,1.4,1,2,1,0.457447599997977,0,0
12,32,34,1,10,1.2,1,1,2,0.36016219999874,0,0
12,32,34,1,11,1.2,1,2,1,0.458131499995943,0,0
12,32,34,1,12,1,1,1,2,0.439294599986169,0,0
12,32,34,1,13,1,1,2,1,0.303587799979141,0,0
12,32,34,1,14,1,1,2,2,0.289143300004071,0,0
12,32,34,1,15,1,1,1,1,0.378008400002727,0,0
12,32,34,1,16,1,1,1,2,0.289895200025057,0,0
12,32,34,1,17,0.6,1,1,1,0.415933500014944,0,0
12,32,34,1,18,0.6,1,2,2,0.302473999996437,0,0
12,32,34,1,19,0.6,1,1,1,3.55327189998934,0,0
12,32,34,1,20,0.6,1,1,2,0.256301400018856,0,0
12,32,34,1,21,0.6,0,2,1,0.513907000015024,0,0
12,32,34,1,22,0.6,1,1,2,0.313821200019447,0,0
12,32,34,1,23,0.6,0,2,1,0.450532100017881,0,0
12,32,34,1,24,1,1,2,2,0.303040099999635,0,0
12,32,34,1,25,1,0,2,1,0.449637799989432,0,0
12,32,34,1,26,1.2,1,2,2,0.31022730001132,0,0
12,32,34,1,27,0.8,1,1,1,1.13902460000827,0,0
12,32,34,1,28,0.8,1,1,2,0.629653399984818,0,0
12,32,34,1,29,0.8,0,1,1,0.556063500000164,0,0
12,32,34,1,30,1.2,1,2,2,0.50197610000032,0,0
22,31.4,29.4,0,1,1.8,1,2,1,0.387537400005385,0,0
22,31.4,29.4,0,2,1.6,1,1,2,0.440337899999577,0,0
22,31.4,29.4,0,3,1.2,1,1,1,0.389329400000861,0,0
22,31.4,29.4,0,4,1,1,2,2,0.683279700009734,0,0
22,31.4,29.4,0,5,0.8,1,1,1,0.54935519999708,0,0
22,31.4,29.4,0,6,0.6,1,2,2,0.328471999993781,0,0
22,31.4,29.4,0,7,0.4,1,1,1,0.363529800000833,0,0
22,31.4,29.4,0,8,0.4,1,2,2,0.408796500007156,0,0
22,31.4,29.4,0,9,0.4,1,2,1,0.422976599991671,0,0
22,31.4,29.4,0,10,0.2,1,2,2,0.482164999993984,0,0
22,31.4,29.4,0,11,0.2,1,1,1,0.336301500006812,0,0
22,31.4,29.4,0,12,0.2,1,1,2,0.488801300001796,0,0
22,31.4,29.4,0,13,0.2,1,2,1,2.62043770001037,0,0
22,31.4,29.4,0,14,0.2,1,2,2,0.437659399991389,0,0
22,31.4,29.4,0,15,0.2,1,1,1,NaN,1,0
22,31.4,29.4,0,16,0.2,1,1,2,0.240381600000546,0,0
22,31.4,29.4,0,17,0.2,1,1,1,0.560927399987122,0,0
22,31.4,29.4,0,18,0.2,1,2,2,0.465764900000067,0,0
22,31.4,29.4,0,19,0.2,1,2,1,0.641079400011222,0,0
22,31.4,29.4,0,20,0.2,1,1,2,0.453201799988165,0,0
22,31.4,29.4,0,21,0.2,1,2,1,0.603242299999692,0,0
22,31.4,29.4,0,22,0.2,1,2,2,0.274541399994632,0,0
22,31.4,29.4,0,23,0.2,1,1,1,0.398432200003299,0,0
22,31.4,29.4,0,24,0.2,1,1,2,0.454323099998874,0,0
22,31.4,29.4,0,25,0.2,1,2,1,0.5860049000039,0,0
22,31.4,29.4,0,26,0.2,1,1,2,0.298605200005113,0,0
22,31.4,29.4,0,27,0.2,1,2,1,2.68925209999725,0,0
22,31.4,29.4,0,28,0.2,1,1,2,0.44789869998931,0,0
22,31.4,29.4,0,29,0.2,1,1,1,0.415617200007546,0,0
22,31.4,30.4,0,1,1.8,1,1,1,0.505460899992613,0,0
22,31.4,30.4,0,2,1.6,1,2,2,0.457486799990875,0,0
22,31.4,30.4,0,3,1.2,1,1,1,2.54826619999949,0,0
22,31.4,30.4,0,4,1,1,1,2,0.339183200005209,0,0
22,31.4,30.4,0,5,0.8,1,2,1,0.389452800009167,0,0
22,31.4,30.4,0,6,0.6,1,2,2,0.332712700008415,0,0
22,31.4,30.4,0,7,0.4,1,2,1,0.402232000007643,0,0
22,31.4,30.4,0,8,0.4,1,1,2,0.388820000007399,0,0
22,31.4,30.4,0,9,0.4,1,1,1,0.320092800000566,0,0
22,31.4,30.4,0,10,0.2,1,2,2,2.58962159999646,0,0
22,31.4,30.4,0,11,0.2,0,2,1,0.554890499988687,0,0
22,31.4,30.4,0,12,0.4,1,1,2,0.315285799995763,0,0
22,31.4,30.4,0,13,0.4,1,2,1,0.305484099997557,0,0
22,31.4,30.4,0,14,0.4,1,2,2,0.33657349999703,0,0
22,31.4,30.4,0,15,0.4,1,1,1,0.366859300003853,0,0
22,31.4,30.4,0,16,0.4,1,1,2,0.569031899998663,0,0
22,31.4,30.4,0,17,0.4,1,2,1,0.408178600002429,0,0
22,31.4,30.4,0,18,0.4,1,1,2,2.8146626999951,0,0
22,31.4,30.4,0,19,0.4,1,2,1,0.282096099996124,0,0
22,31.4,30.4,0,20,0.4,1,2,2,0.337660599994706,0,0
22,31.4,30.4,0,21,0.4,1,1,1,0.478835300003993,0,0
22,31.4,30.4,0,22,0.4,1,1,2,0.60868489999848,0,0
22,31.4,30.4,0,23,0.2,1,1,1,3.65590789999987,0,0
22,31.4,30.4,0,24,0.2,1,2,2,1.0001454000012,0,0
22,31.4,30.4,0,25,0.2,1,1,1,0.430051799994544,0,0
22,31.4,30.4,0,26,0.2,1,2,2,0.22848960000556,0,0
22,31.4,30.4,0,27,0.2,1,1,1,0.586156000004848,0,0
22,31.4,30.4,0,28,0.2,1,1,2,2.85991420000209,0,0
22,31.4,30.4,0,29,0.2,1,2,1,0.291951599996537,0,0
22,31.4,30.4,0,30,0.2,1,2,2,0.497011500003282,0,0
22,31.4,31.4,0,1,1.8,1,2,1,0.281208999993396,0,0
22,31.4,31.4,0,2,1.6,1,1,2,0.531003700001747,0,0
22,31.4,31.4,0,3,1.2,1,2,1,0.698220000005676,0,0
22,31.4,31.4,0,4,1,1,2,2,0.440279899994493,0,0
22,31.4,31.4,0,5,0.8,1,1,1,0.387191400004667,0,0
22,31.4,31.4,0,6,0.6,1,1,2,0.364091700001154,0,0
22,31.4,31.4,0,7,0.4,1,2,1,0.527277999994112,0,0
22,31.4,31.4,0,8,0.4,0,2,2,0.50574379999307,0,0
22,31.4,31.4,0,9,0.8,1,1,1,0.43601239999407,0,0
22,31.4,31.4,0,10,0.8,1,2,2,0.354859500002931,0,0
22,31.4,31.4,0,11,0.6,1,1,1,0.371231199998874,0,0
22,31.4,31.4,0,12,0.6,1,1,2,1.34216010000091,0,0
22,31.4,31.4,0,13,0.6,1,1,1,0.493160400001216,0,0
22,31.4,31.4,0,14,0.6,1,1,2,1.54803199999151,0,0
22,31.4,31.4,0,15,0.6,1,1,1,0.367368099992746,0,0
22,31.4,31.4,0,16,0.6,1,2,2,0.350645799990161,0,0
22,31.4,31.4,0,17,0.6,1,2,1,0.304092800011858,0,0
22,31.4,31.4,0,18,0.2,0,2,2,0.447256699990248,0,0
22,31.4,31.4,0,19,0.6,1,1,1,0.39401010000438,0,0
22,31.4,31.4,0,20,0.6,1,2,2,0.308515299999272,0,0
22,31.4,31.4,0,21,0.6,1,2,1,0.868794299996807,0,0
22,31.4,31.4,0,22,0.6,1,1,2,0.462824999995064,0,0
22,31.4,31.4,0,23,0.6,1,1,1,0.582451700000092,0,0
22,31.4,31.4,0,24,0.6,1,2,2,0.355557799994131,0,0
22,31.4,31.4,0,25,0.6,1,1,1,0.321712999997544,0,0
22,31.4,31.4,0,26,0.6,1,2,2,0.295270399990841,0,0
22,31.4,31.4,0,27,0.6,1,1,1,0.409342900005868,0,0
22,31.4,31.4,0,28,0.4,0,2,2,1.42819199999212,0,0
22,31.4,31.4,0,29,0.6,1,1,1,0.339062099999865,0,0
22,31.4,31.4,0,30,0.6,1,2,2,0.488328999999794,0,0
22,31.4,32.4,0,1,1.8,1,1,1,0.629195799992885,0,0
22,31.4,32.4,0,2,1.6,1,2,2,0.367200299995602,0,0
22,31.4,32.4,0,3,1.2,1,1,1,0.413683999999193,0,0
22,31.4,32.4,0,4,1,1,2,2,0.468378000005032,0,0
22,31.4,32.4,0,5,0.8,1,1,1,0.568858999991789,0,0
22,31.4,32.4,0,6,0.6,1,2,2,1.05200989999867,0,0
22,31.4,32.4,0,7,0.4,1,2,1,1.25548819999676,0,0
22,31.4,32.4,0,8,0.4,1,2,2,1.1400949999952,0,0
22,31.4,32.4,0,9,0.4,1,1,1,0.304428299990832,0,0
22,31.4,32.4,0,10,0.2,1,1,2,0.429330099999788,0,0
22,31.4,32.4,0,11,0.2,0,2,1,0.402559500013012,0,0
22,31.4,32.4,0,12,0.4,1,1,2,0.703357999998843,0,0
22,31.4,32.4,0,13,0.4,1,1,1,0.401690899991081,0,0
22,31.4,32.4,0,14,0.4,1,2,2,0.279001599992625,0,0
22,31.4,32.4,0,15,0.4,1,2,1,0.57137329998659,0,0
22,31.4,32.4,0,16,0.4,0,1,2,0.495248999999603,0,0
22,31.4,32.4,0,17,0.6,1,2,1,0.264395999998669,0,0
22,31.4,32.4,0,18,0.6,1,1,2,0.202354799999739,0,0
22,31.4,32.4,0,19,0.4,1,1,1,0.377092700000503,0,0
22,31.4,32.4,0,20,0.4,0,1,2,2.93057260000205,0,0
22,31.4,32.4,0,21,0.6,1,2,1,0.346951800005627,0,0
22,31.4,32.4,0,22,0.6,1,2,2,0.384519100000034,0,0
22,31.4,32.4,0,23,0.6,1,1,1,0.400126299995463,0,0
22,31.4,32.4,0,24,0.6,1,2,2,0.35474169999361,0,0
22,31.4,32.4,0,25,0.6,1,2,1,0.243875499989372,0,0
22,31.4,32.4,0,26,0.6,1,2,2,0.384808599992539,0,0
22,31.4,32.4,0,27,0.6,1,1,1,0.66194039999391,0,0
22,31.4,32.4,0,28,0.6,1,1,2,0.428364199993666,0,0
22,31.4,32.4,0,29,0.6,1,2,1,0.44241219999094,0,0
22,31.4,32.4,0,30,0.2,1,1,2,1.13266369998746,0,0
22,31.4,33.4,0,1,1.8,1,2,1,1.3749902999989,0,0
22,31.4,33.4,0,2,1.6,1,1,2,2.03633089999494,0,0
22,31.4,33.4,0,3,1.2,1,1,1,0.349204300000565,0,0
22,31.4,33.4,0,4,1,1,1,2,0.48002039999119,0,0
22,31.4,33.4,0,5,0.8,1,2,1,0.43706199999724,0,0
22,31.4,33.4,0,6,0.6,1,2,2,0.243941500011715,0,0
22,31.4,33.4,0,7,0.4,1,1,1,0.430912900003023,0,0
22,31.4,33.4,0,8,0.4,1,2,2,0.301425199999358,0,0
22,31.4,33.4,0,9,0.4,1,1,1,0.347025600000052,0,0
22,31.4,33.4,0,10,0.2,1,1,2,NaN,1,0
22,31.4,33.4,0,11,0.2,0,2,1,0.372942400004831,0,0
22,31.4,33.4,0,12,0.4,1,2,2,0.558729199998197,0,0
22,31.4,33.4,0,13,0.4,1,1,1,0.332571000006283,0,0
22,31.4,33.4,0,14,0.4,1,1,2,0.437136900000041,0,0
22,31.4,33.4,0,15,0.4,1,1,1,0.313565000004019,0,0
22,31.4,33.4,0,16,0.4,1,2,2,0.372846600002958,0,0
22,31.4,33.4,0,17,0.4,1,2,1,0.268965099996421,0,0
22,31.4,33.4,0,18,0.4,1,2,2,0.209526600010577,0,0
22,31.4,33.4,0,19,0.4,1,1,1,0.332697100006044,0,0
22,31.4,33.4,0,20,0.4,1,2,2,0.357447100002901,0,0
22,31.4,33.4,0,21,0.4,1,2,1,0.235590199998114,0,0
22,31.4,33.4,0,22,0.4,1,1,2,0.372973300007288,0,0
22,31.4,33.4,0,23,0.2,1,1,1,0.335588400004781,0,0
22,31.4,33.4,0,24,0.2,1,2,2,0.33288449999236,0,0
22,31.4,33.4,0,25,0.2,1,2,1,0.41394469999068,0,0
22,31.4,33.4,0,26,0.2,1,1,2,0.314459499990335,0,0
22,31.4,33.4,0,27,0.2,1,2,1,0.269114099995932,0,0
22,31.4,33.4,0,28,0.2,1,1,2,0.42519710000488,0,0
22,31.4,33.4,0,29,0.2,1,2,1,0.340979500004323,0,0
22,31.4,29.4,1,1,2.6,1,1,1,0.764412299991818,0,0
22,31.4,29.4,1,2,2,1,2,2,2.73972239998693,0,0
22,31.4,29.4,1,3,1.8,0,1,1,0.339077799988445,0,0
22,31.4,29.4,1,4,3,1,2,2,0.362010700002429,0,0
22,31.4,29.4,1,5,2.8,1,2,1,0.55673690000549,0,0
22,31.4,29.4,1,6,2.6,1,1,2,0.382080399998813,0,0
22,31.4,29.4,1,7,2.4,0,1,1,0.685160199995153,0,0
22,31.4,29.4,1,8,3.2,1,1,2,0.351072099991143,0,0
22,31.4,29.4,1,9,3,0,2,1,0.560427500007791,0,0
22,31.4,29.4,1,10,3.8,1,1,2,0.356068499997491,0,0
22,31.4,29.4,1,11,3.8,1,2,1,0.503702999994857,0,0
22,31.4,29.4,1,12,3.6,1,2,2,0.314804099994944,0,0
22,31.4,29.4,1,13,3.6,1,1,1,0.765671500004828,0,0
22,31.4,29.4,1,14,3.4,1,1,2,0.487476399997831,0,0
22,31.4,29.4,1,15,3.2,1,2,1,0.618737600001623,0,0
22,31.4,29.4,1,16,2.8,1,1,2,0.368949099996826,0,0
22,31.4,29.4,1,17,2.8,1,2,1,0.347396299999673,0,0
22,31.4,29.4,1,18,2.8,1,2,2,0.371483399998397,0,0
22,31.4,29.4,1,19,2.8,0,1,1,0.272333500004606,0,0
22,31.4,29.4,1,20,3.4,1,1,2,0.384896100003971,0,0
22,31.4,29.4,1,21,3.4,0,2,1,3.30563819999225,0,0
22,31.4,29.4,1,22,4,1,2,2,0.490456800005632,0,0
22,31.4,29.4,1,23,4,1,1,1,0.379691299996921,0,0
22,31.4,29.4,1,24,4,1,2,2,0.474586700001964,0,0
22,31.4,29.4,1,25,3.8,0,1,1,0.529232700006105,0,0
22,31.4,29.4,1,26,4.4,1,2,2,0.437894999995478,0,0
22,31.4,29.4,1,27,4.4,1,1,1,0.531909500001348,0,0
22,31.4,29.4,1,28,4.4,1,2,2,0.325043200005894,0,0
22,31.4,29.4,1,29,4.4,1,2,1,0.344074299995555,0,0
22,31.4,29.4,1,30,4.4,1,1,2,0.456523499989999,0,0
22,31.4,30.4,1,1,2.6,0,2,1,3.11334500000521,0,0
22,31.4,30.4,1,2,4,1,1,2,0.411710800006404,0,0
22,31.4,30.4,1,3,3.8,1,1,1,0.404778800002532,0,0
22,31.4,30.4,1,4,3.6,1,2,2,0.635074099991471,0,0
22,31.4,30.4,1,5,3.4,0,2,1,0.648847100004787,0,0
22,31.4,30.4,1,6,4.2,1,1,2,0.257832300005248,0,0
22,31.4,30.4,1,7,4.2,1,1,1,0.297334700007923,0,0
22,31.4,30.4,1,8,4,1,2,2,0.388001700004679,0,0
22,31.4,30.4,1,9,4,0,2,1,3.73688670000411,0,0
22,31.4,30.4,1,10,4.6,1,1,2,0.299262200001976,0,0
22,31.4,30.4,1,11,4.6,1,2,1,0.399470100004692,0,0
22,31.4,30.4,1,12,4.4,1,1,2,0.334365299990168,0,0
22,31.4,30.4,1,13,4.4,1,2,1,0.386551000003237,0,0
22,31.4,30.4,1,14,4.4,1,2,2,0.315344200003892,0,0
22,31.4,30.4,1,15,3.8,1,1,1,1.23679870000342,0,0
22,31.4,30.4,1,16,3.6,1,1,2,0.285664499999257,0,0
22,31.4,30.4,1,17,3.6,0,2,1,2.67401919999975,0,0
22,31.4,30.4,1,18,4.4,1,1,2,0.330683499996667,0,0
22,31.4,30.4,1,19,4.4,1,1,1,0.44566909999412,0,0
22,31.4,30.4,1,20,4.4,1,2,2,0.484744299988961,0,0
22,31.4,30.4,1,21,3.8,1,1,1,0.839460699993651,0,0
22,31.4,30.4,1,22,3.8,1,1,2,0.506783500008169,0,0
22,31.4,30.4,1,23,3.8,0,2,1,0.572039499995299,0,0
22,31.4,30.4,1,24,4.4,1,2,2,0.614192499997444,0,0
22,31.4,30.4,1,25,4.4,1,1,1,0.879475800000364,0,0
22,31.4,30.4,1,26,4.4,1,1,2,0.346213600001647,0,0
22,31.4,30.4,1,27,3.8,1,2,1,0.983226199998171,0,0
22,31.4,30.4,1,28,3.6,1,2,2,0.312956600013422,0,0
22,31.4,30.4,1,29,3.6,1,2,1,0.45954690000508,0,0
22,31.4,30.4,1,30,3.4,1,1,2,0.329826300003333,0,0
22,31.4,31.4,1,1,2.6,1,1,1,0.576564100003452,0,0
22,31.4,31.4,1,2,2,1,1,2,0.595167799998308,0,0
22,31.4,31.4,1,3,1.8,1,2,1,0.426871499992558,0,0
22,31.4,31.4,1,4,1.4,1,2,2,0.461226500003249,0,0
22,31.4,31.4,1,5,1.2,0,2,1,2.7212823999871,0,0
22,31.4,31.4,1,6,2.2,1,1,2,0.384499599997071,0,0
22,31.4,31.4,1,7,2,1,1,1,0.442982500011567,0,0
22,31.4,31.4,1,8,1.8,1,1,2,0.462783599999966,0,0
22,31.4,31.4,1,9,1.6,1,1,1,0.38314530000207,0,0
22,31.4,31.4,1,10,1.6,1,2,2,0.339691799992579,0,0
22,31.4,31.4,1,11,1.6,0,2,1,0.366500800009817,0,0
22,31.4,31.4,1,12,2,1,2,2,0.377731299988227,0,0
22,31.4,31.4,1,13,2,1,1,1,0.45224070000404,0,0
22,31.4,31.4,1,14,1.8,1,2,2,0.418863600003533,0,0
22,31.4,31.4,1,15,1.8,0,2,1,0.476236100003007,0,0
22,31.4,31.4,1,16,2.2,1,2,2,0.505830699999933,0,0
22,31.4,31.4,1,17,2.2,1,1,1,1.23529250000138,0,0
22,31.4,31.4,1,18,2,1,1,2,0.373265100002754,0,0
22,31.4,31.4,1,19,2,1,1,1,1.88699310000811,0,0
22,31.4,31.4,1,20,2,1,2,2,0.400731899993843,0,0
22,31.4,31.4,1,21,1.6,0,2,1,0.619817899991176,0,0
22,31.4,31.4,1,22,2,1,2,2,2.17351999999664,0,0
22,31.4,31.4,1,23,2,1,1,1,0.393488999994588,0,0
22,31.4,31.4,1,24,2,1,1,2,0.353127599999425,0,0
22,31.4,31.4,1,25,2,1,1,1,0.439812700002221,0,0
22,31.4,31.4,1,26,2,1,1,2,0.525791799998842,0,0
22,31.4,31.4,1,27,1.6,1,1,1,1.0702517000027,0,0
22,31.4,31.4,1,28,1.6,1,2,2,0.378102599992417,0,0
22,31.4,31.4,1,29,1.6,0,2,1,0.379984300001524,0,0
22,31.4,31.4,1,30,2,1,2,2,0.632412699997076,0,0
22,31.4,32.4,1,1,2.6,1,1,1,0.375306200003251,0,0
22,31.4,32.4,1,2,2,1,1,2,0.348924799996894,0,0
22,31.4,32.4,1,3,1.8,0,2,1,3.62313180000638,0,0
22,31.4,32.4,1,4,3,1,1,2,0.412330599996494,0,0
22,31.4,32.4,1,5,2.8,1,2,1,0.345628600000055,0,0
22,31.4,32.4,1,6,2.6,1,2,2,0.374550199994701,0,0
22,31.4,32.4,1,7,2.4,1,1,1,NaN,1,0
22,31.4,32.4,1,8,2.2,1,2,2,0.335944700011169,0,0
22,31.4,32.4,1,9,2.2,1,1,1,0.419453099995735,0,0
22,31.4,32.4,1,10,2.2,0,2,2,0.334087799987174,0,0
22,31.4,32.4,1,11,2.8,1,2,1,1.72191160000511,0,0
22,31.4,32.4,1,12,2.6,1,1,2,0.452341799988062,0,0
22,31.4,32.4,1,13,2.6,1,2,1,2.13614550000057,0,0
22,31.4,32.4,1,14,2.4,1,1,2,0.229059599994798,0,0
22,31.4,32.4,1,15,2.4,1,1,1,1.18896800000221,0,0
22,31.4,32.4,1,16,2,1,2,2,0.285873599990737,0,0
22,31.4,32.4,1,17,2,1,1,1,0.533414600009564,0,0
22,31.4,32.4,1,18,2,0,2,2,0.533388600000762,0,0
22,31.4,32.4,1,19,2.4,1,2,1,1.89660079999885,0,0
22,31.4,32.4,1,20,2.4,1,1,2,0.432922299994971,0,0
22,31.4,32.4,1,21,2.4,1,1,1,0.643508099994506,0,0
22,31.4,32.4,1,22,2,1,1,2,0.26680940001097,0,0
22,31.4,32.4,1,23,2,1,2,1,0.25563690000854,0,0
22,31.4,32.4,1,24,2,1,2,2,0.913984700004221,0,0
22,31.4,32.4,1,25,1.8,1,1,1,3.90512090000266,0,0
22,31.4,32.4,1,26,1.8,1,2,2,0.311539899994386,0,0
22,31.4,32.4,1,27,1.6,1,2,1,1.04891159999534,0,0
22,31.4,32.4,1,28,1.6,0,2,2,0.519011099997442,0,0
22,31.4,32.4,1,29,2,1,1,1,0.453791899999487,0,0
22,31.4,33.4,1,1,2.6,1,1,1,0.385793900000863,0,0
22,31.4,33.4,1,2,2,1,1,2,0.47440629999619,0,0
22,31.4,33.4,1,3,1.8,1,1,1,0.354540800006362,0,0
22,31.4,33.4,1,4,1.4,1,2,2,0.331554399992456,0,0
22,31.4,33.4,1,5,1.2,1,2,1,3.62599529999716,0,0
22,31.4,33.4,1,6,1,1,2,2,1.01297949999571,0,0
22,31.4,33.4,1,7,0.8,1,1,1,0.518977000014274,0,0
22,31.4,33.4,1,8,0.6,1,1,2,0.478473200011649,0,0
22,31.4,33.4,1,9,0.6,0,2,1,0.755022800003644,0,0
22,31.4,33.4,1,10,1,1,2,2,0.482557399998768,0,0
22,31.4,33.4,1,11,1,0,2,1,0.856629099987913,0,0
22,31.4,33.4,1,12,1.6,1,1,2,0.413997600000584,0,0
22,31.4,33.4,1,13,1.4,1,2,1,0.418669399994542,0,0
22,31.4,33.4,1,14,1.4,1,1,2,0.280348999993294,0,0
22,31.4,33.4,1,15,1.2,1,2,1,0.59725740000431,0,0
22,31.4,33.4,1,16,1.2,1,2,2,0.365181499990285,0,0
22,31.4,33.4,1,17,1.2,1,1,1,0.514490000001388,0,0
22,31.4,33.4,1,18,0.8,1,1,2,1.52506119999452,0,0
22,31.4,33.4,1,19,0.8,1,1,1,0.587242699999479,0,0
22,31.4,33.4,1,20,0.8,1,1,2,2.29639249999309,0,0
22,31.4,33.4,1,21,0.8,1,2,1,0.61995960000786,0,0
22,31.4,33.4,1,22,0.8,1,2,2,0.512465699997847,0,0
22,31.4,33.4,1,23,0.8,1,1,1,1.72533820000535,0,0
22,31.4,33.4,1,24,0.8,1,2,2,0.892878200000268,0,0
22,31.4,33.4,1,25,0.8,1,2,1,0.602355300012277,0,0
22,31.4,33.4,1,26,0.4,0,1,2,0.353540700001759,0,0
22,31.4,33.4,1,27,0.8,1,2,1,0.383466400002362,0,0
22,31.4,33.4,1,28,0.8,1,2,2,0.319784300008905,0,0
22,31.4,33.4,1,29,0.8,1,1,1,2.89117519999854,0,0
22,31.4,33.4,1,30,0.8,0,1,2,1.78732629999286,0,0
25,30.9,28.9,0,1,1.8,1,1,1,0.365173599915579,0,0
25,30.9,28.9,0,2,1.6,1,2,2,0.293478799983859,0,0
25,30.9,28.9,0,3,1.2,1,1,1,0.273538499837741,0,0
25,30.9,28.9,0,4,1,1,1,2,0.500847599934787,0,0
25,30.9,28.9,0,5,0.8,1,2,1,0.90959499985911,0,0
25,30.9,28.9,0,6,0.6,1,2,2,0.850172399776056,0,0
25,30.9,28.9,0,7,0.4,0,2,1,0.38982170005329,0,0
25,30.9,28.9,0,8,0.8,1,1,2,0.279747399967164,0,0
25,30.9,28.9,0,9,0.8,1,1,1,0.308380399830639,0,0
25,30.9,28.9,0,10,0.8,1,1,2,0.464036200195551,0,0
25,30.9,28.9,0,11,0.6,1,2,1,0.373107000021264,0,0
25,30.9,28.9,0,12,0.6,1,2,2,0.380743199959397,0,0
25,30.9,28.9,0,13,0.6,1,2,1,0.911368600092828,0,0
25,30.9,28.9,0,14,0.6,1,1,2,0.243132499977946,0,0
25,30.9,28.9,0,15,0.6,1,2,1,0.445588999893516,0,0
25,30.9,28.9,0,16,0.6,1,2,2,0.463692999910563,0,0
25,30.9,28.9,0,17,0.6,1,1,1,0.352604700019583,0,0
25,30.9,28.9,0,18,0.6,1,1,2,0.382718400098383,0,0
25,30.9,28.9,0,19,0.6,1,2,1,0.315013899933547,0,0
25,30.9,28.9,0,20,0.2,1,1,2,0.39009050000459,0,0
25,30.9,28.9,0,21,0.2,1,1,1,0.371664199978113,0,0
25,30.9,28.9,0,22,0.2,1,1,2,0.529854799853638,0,0
25,30.9,28.9,0,23,0.2,1,2,1,0.79465109994635,0,0
25,30.9,28.9,0,24,0.2,0,2,2,0.592289800057188,0,0
25,30.9,28.9,0,25,0.4,1,2,1,0.54341150005348,0,0
25,30.9,28.9,0,26,0.4,1,2,2,0.628406899981201,0,0
25,30.9,28.9,0,27,0.4,1,2,1,0.85115659981966,0,0
25,30.9,28.9,0,28,0.4,1,1,2,0.338359199929982,0,0
25,30.9,28.9,0,29,0.4,1,1,1,0.431080000009388,0,0
25,30.9,28.9,0,30,0.2,1,1,2,0.255799600156024,0,0
25,30.9,29.9,0,1,1.8,1,1,1,0.578630199888721,0,0
25,30.9,29.9,0,2,1.6,1,1,2,0.326237900182605,0,0
25,30.9,29.9,0,3,1.2,1,2,1,0.534235300030559,0,0
25,30.9,29.9,0,4,1,0,2,2,0.597794400062412,0,0
25,30.9,29.9,0,5,1.8,1,2,1,0.416707099881023,0,0
25,30.9,29.9,0,6,1.8,1,1,2,0.424076800001785,0,0
25,30.9,29.9,0,7,1.4,1,2,1,0.436812700005248,0,0
25,30.9,29.9,0,8,1.4,1,2,2,0.534919400000945,0,0
25,30.9,29.9,0,9,1.4,1,2,1,0.880324899917468,0,0
25,30.9,29.9,0,10,1.2,1,1,2,0.468907700153068,0,0
25,30.9,29.9,0,11,1.2,1,1,1,0.325785099994391,0,0
25,30.9,29.9,0,12,1.2,1,1,2,0.37165670003742,0,0
25,30.9,29.9,0,13,0.8,1,2,1,0.463227099971846,0,0
25,30.9,29.9,0,14,0.8,1,2,2,0.434976200107485,0,0
25,30.9,29.9,0,15,0.8,1,1,1,0.338686699979007,0,0
25,30.9,29.9,0,16,0.8,1,1,2,0.481475800042972,0,0
25,30.9,29.9,0,17,0.6,1,2,1,0.417286199983209,0,0
25,30.9,29.9,0,18,0.4,1,1,2,0.420656900154427,0,0
25,30.9,29.9,0,19,0.4,1,1,1,0.996079700067639,0,0
25,30.9,29.9,0,20,0.4,1,1,2,0.732716199941933,0,0
25,30.9,29.9,0,21,0.2,1,1,1,0.539571000030264,0,0
25,30.9,29.9,0,22,0.2,1,2,2,0.434180399868637,0,0
25,30.9,29.9,0,23,0.2,1,2,1,0.579504999797791,0,0
25,30.9,29.9,0,24,0.2,1,2,2,0.280417000176385,0,0
25,30.9,29.9,0,25,0.2,1,1,1,0.485356899909675,0,0
25,30.9,29.9,0,26,0.2,1,1,2,1.63330599991605,0,0
25,30.9,29.9,0,27,0.2,1,2,1,1.76296760002151,0,0
25,30.9,29.9,0,28,0.2,1,1,2,0.289423299953341,0,0
25,30.9,29.9,0,29,0.2,1,2,1,0.373465299839154,0,0
25,30.9,29.9,0,30,0.2,1,2,2,0.354036499978974,0,0
25,30.9,30.9,0,1,1.8,1,2,1,0.448269500164315,0,0
25,30.9,30.9,0,2,1.6,1,1,2,0.265116600086913,0,0
25,30.9,30.9,0,3,1.2,1,1,1,0.407237499952316,0,0
25,30.9,30.9,0,4,1,1,2,2,0.281502800062299,0,0
25,30.9,30.9,0,5,0.8,1,1,1,0.382538600126281,0,0
25,30.9,30.9,0,6,0.6,1,2,2,0.448267500149086,0,0
25,30.9,30.9,0,7,0.4,1,1,1,0.352853500051424,0,0
25,30.9,30.9,0,8,0.4,1,1,2,0.424636000068858,0,0
25,30.9,30.9,0,9,0.4,1,2,1,0.366611300036311,0,0
25,30.9,30.9,0,10,0.2,1,2,2,0.775479200063273,0,0
25,30.9,30.9,0,11,0.2,1,1,1,0.361214600037783,0,0
25,30.9,30.9,0,12,0.2,1,2,2,0.448364100186154,0,0
25,30.9,30.9,0,13,0.2,1,2,1,0.447376100113615,0,0
25,30.9,30.9,0,14,0.2,1,1,2,0.326323800021783,0,0
25,30.9,30.9,0,15,0.2,1,2,1,0.42917099990882,0,0
25,30.9,30.9,0,16,0.2,1,2,2,0.396848500007764,0,0
25,30.9,30.9,0,17,0.2,0,1,1,0.316629499895498,0,0
25,30.9,30.9,0,18,0.2,1,1,2,0.466825200011954,0,0
25,30.9,30.9,0,19,0.2,1,2,1,1.501185500063,0,0
25,30.9,30.9,0,20,0.2,1,1,2,0.435018799966201,0,0
25,30.9,30.9,0,21,0.2,1,2,1,0.5340418999549,0,0
25,30.9,30.9,0,22,0.2,1,1,2,0.489300700137392,0,0
25,30.9,30.9,0,23,0.2,1,1,1,0.335180599940941,0,0
25,30.9,30.9,0,24,0.2,1,2,2,0.363899700110778,0,0
25,30.9,30.9,0,25,0.2,1,2,1,1.3205022001639,0,0
25,30.9,30.9,0,26,0.2,1,2,2,0.498079400043935,0,0
25,30.9,30.9,0,27,0.2,1,1,1,2.15946779982187,0,0
25,30.9,30.9,0,28,0.2,1,2,2,0.363058000104502,0,0
25,30.9,30.9,0,29,0.2,1,1,1,0.341269100084901,0,0
25,30.9,30.9,0,30,0.2,1,1,2,0.557992500020191,0,0
25,30.9,31.9,0,1,1.8,1,2,1,0.791878799907863,0,0
25,30.9,31.9,0,2,1.6,1,1,2,0.301076899981126,0,0
25,30.9,31.9,0,3,1.2,1,2,1,0.289328899933025,0,0
25,30.9,31.9,0,4,1,1,2,2,0.314218600047752,0,0
25,30.9,31.9,0,5,0.8,1,1,1,0.267287199851125,0,0
25,30.9,31.9,0,6,0.6,1,1,2,0.231425599893555,0,0
25,30.9,31.9,0,7,0.4,1,2,1,0.715637100161985,0,0
25,30.9,31.9,0,8,0.4,1,1,2,1.20196059998125,0,0
25,30.9,31.9,0,9,0.4,1,1,1,0.62121729995124,0,0
25,30.9,31.9,0,10,0.2,1,1,2,0.775091900024563,0,0
25,30.9,31.9,0,11,0.2,1,2,1,0.376971899997443,0,0
25,30.9,31.9,0,12,0.2,1,2,2,0.459867799887434,0,0
25,30.9,31.9,0,13,0.2,1,2,1,0.45979220001027,0,0
25,30.9,31.9,0,14,0.2,1,2,2,1.07710029999726,0,0
25,30.9,31.9,0,15,0.2,1,1,1,0.407697499962524,0,0
25,30.9,31.9,0,16,0.2,1,2,2,0.506079799961299,0,0
25,30.9,31.9,0,17,0.2,1,1,1,0.33849069988355,0,0
25,30.9,31.9,0,18,0.2,1,1,2,0.910636499989778,0,0
25,30.9,31.9,0,19,0.2,1,1,1,0.331205400172621,0,0
25,30.9,31.9,0,20,0.2,1,2,2,0.482750799972564,0,0
25,30.9,31.9,0,21,0.2,1,1,1,0.358101600082591,0,0
25,30.9,31.9,0,22,0.2,1,2,2,0.489102199906483,0,0
25,30.9,31.9,0,23,0.2,1,2,1,0.474224899895489,0,0
25,30.9,31.9,0,24,0.2,1,1,2,0.444618900073692,0,0
25,30.9,31.9,0,25,0.2,1,2,1,1.0684462999925,0,0
25,30.9,31.9,0,26,0.2,1,1,2,1.23240279988386,0,0
25,30.9,31.9,0,27,0.2,1,1,1,0.366060999920592,0,0
25,30.9,31.9,0,28,0.2,1,2,2,0.755384599789977,0,0
25,30.9,31.9,0,29,0.2,1,1,1,0.405494600068778,0,0
25,30.9,31.9,0,30,0.2,1,2,2,0.499864399898797,0,0
25,30.9,32.9,0,1,1.8,1,1,1,NaN,1,0
25,30.9,32.9,0,2,1.6,1,1,2,2.68920439993963,0,0
25,30.9,32.9,0,3,1.2,1,2,1,1.16780609986745,0,0
25,30.9,32.9,0,4,1,1,1,2,0.650798400165513,0,0
25,30.9,32.9,0,5,0.8,1,2,1,0.511242199921981,0,0
25,30.9,32.9,0,6,0.6,1,2,2,0.440350199816748,0,0
25,30.9,32.9,0,7,0.4,1,1,1,0.614355199970305,0,0
25,30.9,32.9,0,8,0.4,1,1,2,0.38540709996596,0,0
25,30.9,32.9,0,9,0.4,1,2,1,0.475271800067276,0,0
25,30.9,32.9,0,10,0.2,1,2,2,0.554770699935034,0,0
25,30.9,32.9,0,11,0.2,1,1,1,0.342561300145462,0,0
25,30.9,32.9,0,12,0.2,1,2,2,0.356656299903989,0,0
25,30.9,32.9,0,13,0.2,1,2,1,0.627155200112611,0,0
25,30.9,32.9,0,14,0.2,1,1,2,0.450144200120121,0,0
25,30.9,32.9,0,15,0.2,1,2,1,0.593719699885696,0,0
25,30.9,32.9,0,16,0.2,1,2,2,0.618977800011635,0,0
25,30.9,32.9,0,17,0.2,1,1,1,0.449049099814147,0,0
25,30.9,32.9,0,18,0.2,1,1,2,0.397798799909651,0,0
25,30.9,32.9,0,19,0.2,1,1,1,0.478256999980658,0,0
25,30.9,32.9,0,20,0.2,1,1,2,0.364618099993095,0,0
25,30.9,32.9,0,21,0.2,1,2,1,0.446844599908218,0,0
25,30.9,32.9,0,22,0.2,1,2,2,0.520959499990568,0,0
25,30.9,32.9,0,23,0.2,1,1,1,0.634848299901932,0,0
25,30.9,32.9,0,24,0.2,1,2,2,0.426555400015786,0,0
25,30.9,32.9,0,25,0.2,1,1,1,0.385463600046933,0,0
25,30.9,32.9,0,26,0.2,1,2,2,0.348674699896947,0,0
25,30.9,32.9,0,27,0.2,1,2,1,0.597513899905607,0,0
25,30.9,32.9,0,28,0.2,1,2,2,0.406595200067386,0,0
25,30.9,32.9,0,29,0.2,0,1,1,0.53764840005897,0,0
25,30.9,28.9,1,1,2.6,1,1,1,0.388396499911323,0,0
25,30.9,28.9,1,2,2,1,2,2,0.514343600021675,0,0
25,30.9,28.9,1,3,1.8,1,2,1,0.471580999903381,0,0
25,30.9,28.9,1,4,1.4,1,2,2,0.590400999877602,0,0
25,30.9,28.9,1,5,1.2,1,1,1,0.566077600000426,0,0
25,30.9,28.9,1,6,1,0,1,2,0.321354900021106,0,0
25,30.9,28.9,1,7,1.8,1,1,1,0.253659199923277,0,0
25,30.9,28.9,1,8,1.6,1,1,2,0.648671000031754,0,0
25,30.9,28.9,1,9,1.4,0,2,1,0.605565600097179,0,0
25,30.9,28.9,1,10,2,1,1,2,0.444739500060678,0,0
25,30.9,28.9,1,11,2,1,2,1,0.465501199942082,0,0
25,30.9,28.9,1,12,1.8,1,2,2,0.535247100051492,0,0
25,30.9,28.9,1,13,1.8,1,1,1,0.38020409992896,0,0
25,30.9,28.9,1,14,1.6,1,2,2,0.642851799959317,0,0
25,30.9,28.9,1,15,1.6,1,1,1,0.303939099889249,0,0
25,30.9,28.9,1,16,1.6,1,2,2,0.509818000020459,0,0
25,30.9,28.9,1,17,1.6,1,2,1,0.562148799886927,0,0
25,30.9,28.9,1,18,1.2,1,1,2,0.586909900186583,0,0
25,30.9,28.9,1,19,1.2,1,1,1,0.745053099934012,0,0
25,30.9,28.9,1,20,1.2,0,2,2,0.911412600195035,0,0
25,30.9,28.9,1,21,1.6,1,1,1,0.567680400097743,0,0
25,30.9,28.9,1,22,1.6,1,2,2,0.518357699969783,0,0
25,30.9,28.9,1,23,1.6,1,1,1,0.342763199936599,0,0
25,30.9,28.9,1,24,1.6,0,2,2,0.669317299965769,0,0
25,30.9,28.9,1,25,1.6,1,2,1,0.708845400018618,0,0
25,30.9,28.9,1,26,1.6,1,1,2,0.446995600126684,0,0
25,30.9,28.9,1,27,1.6,1,2,1,0.280051899841055,0,0
25,30.9,28.9,1,28,1.6,1,2,2,0.608075600117445,0,0
25,30.9,28.9,1,29,1.4,1,1,1,0.472604300128296,0,0
25,30.9,28.9,1,30,1.2,1,1,2,0.36311769997701,0,0
25,30.9,29.9,1,1,2.6,1,1,1,0.379715600050986,0,0
25,30.9,29.9,1,2,2,1,2,2,0.678327100118622,0,0
25,30.9,29.9,1,3,1.8,1,2,1,0.459673899924383,0,0
25,30.9,29.9,1,4,1.4,1,2,2,0.767271799966693,0,0
25,30.9,29.9,1,5,1.2,1,1,1,0.548406800022349,0,0
25,30.9,29.9,1,6,1,1,1,2,0.608016600133851,0,0
25,30.9,29.9,1,7,0.8,1,2,1,0.374914299929515,0,0
25,30.9,29.9,1,8,0.6,1,1,2,0.558496200013906,0,0
25,30.9,29.9,1,9,0.6,1,1,1,2.24249139986932,0,0
25,30.9,29.9,1,10,0.4,1,2,2,0.538797199958935,0,0
25,30.9,29.9,1,11,0.4,0,1,1,0.297527800081298,0,0
25,30.9,29.9,1,12,0.8,0,2,2,0.407168999779969,0,0
25,30.9,29.9,1,13,1.2,1,2,1,0.781751099973917,0,0
25,30.9,29.9,1,14,1.2,1,2,2,0.362722299993038,0,0
25,30.9,29.9,1,15,1.2,1,1,1,0.39236480020918,0,0
25,30.9,29.9,1,16,1,1,1,2,0.512226900085807,0,0
25,30.9,29.9,1,17,1,0,2,1,0.578926699934527,0,0
25,30.9,29.9,1,18,1.2,1,1,2,0.335330800153315,0,0
25,30.9,29.9,1,19,1.2,1,1,1,0.378797000041232,0,0
25,30.9,29.9,1,20,1.2,1,1,2,0.838394999969751,0,0
25,30.9,29.9,1,21,1.2,1,2,1,0.958227599970996,0,0
25,30.9,29.9,1,22,1.2,1,2,2,0.297385499812663,0,0
25,30.9,29.9,1,23,0.8,1,2,1,0.610773799940944,0,0
25,30.9,29.9,1,24,0.8,1,1,2,0.365198199870065,0,0
25,30.9,29.9,1,25,0.8,1,2,1,0.689073999878019,0,0
25,30.9,29.9,1,26,0.8,1,1,2,0.455962599953637,0,0
25,30.9,29.9,1,27,0.8,0,1,1,0.724922199966386,0,0
25,30.9,29.9,1,28,0.8,1,1,2,2.32095169997774,0,0
25,30.9,29.9,1,29,0.8,0,2,1,0.527706600027159,0,0
25,30.9,29.9,1,30,1.2,1,2,2,0.363192900083959,0,0
25,30.9,30.9,1,1,2.6,1,1,1,0.560205900110304,0,0
25,30.9,30.9,1,2,2,1,2,2,0.432969599962234,0,0
25,30.9,30.9,1,3,1.8,1,2,1,0.668236300116405,0,0
25,30.9,30.9,1,4,1.4,1,2,2,0.334013799903914,0,0
25,30.9,30.9,1,5,1.2,1,1,1,0.51408619992435,0,0
25,30.9,30.9,1,6,1,1,1,2,0.306432700017467,0,0
25,30.9,30.9,1,7,0.8,1,2,1,0.38699429994449,0,0
25,30.9,30.9,1,8,0.6,1,1,2,0.351180300116539,0,0
25,30.9,30.9,1,9,0.6,0,1,1,0.379956100136042,0,0
25,30.9,30.9,1,10,1,1,2,2,0.471395900007337,0,0
25,30.9,30.9,1,11,1,1,1,1,1.28582069999538,0,0
25,30.9,30.9,1,12,1,0,2,2,0.424641099991277,0,0
25,30.9,30.9,1,13,1.4,1,2,1,0.319556900067255,0,0
25,30.9,30.9,1,14,1.4,1,1,2,0.564194500213489,0,0
25,30.9,30.9,1,15,1.2,1,1,1,0.468466500053182,0,0
25,30.9,30.9,1,16,1.2,1,1,2,0.345800700131804,0,0
25,30.9,30.9,1,17,1.2,1,2,1,0.482540800003335,0,0
25,30.9,30.9,1,18,0.8,1,2,2,0.541239100042731,0,0
25,30.9,30.9,1,19,0.8,1,1,1,0.706681199837476,0,0
25,30.9,30.9,1,20,0.8,1,1,2,0.641826099948958,0,0
25,30.9,30.9,1,21,0.8,0,2,1,0.41236549988389,0,0
25,30.9,30.9,1,22,1.2,1,2,2,0.468322899891064,0,0
25,30.9,30.9,1,23,1,1,1,1,0.258403500076383,0,0
25,30.9,30.9,1,24,1,1,2,2,0.35648120008409,0,0
25,30.9,30.9,1,25,0.8,1,2,1,0.356383800040931,0,0
25,30.9,30.9,1,26,0.8,1,1,2,0.316343900049105,0,0
25,30.9,30.9,1,27,0.8,1,1,1,0.502089899964631,0,0
25,30.9,30.9,1,28,0.8,1,2,2,0.50290279998444,0,0
25,30.9,30.9,1,29,0.8,0,2,1,0.402785599930212,0,0
25,30.9,30.9,1,30,1,1,1,2,0.625611399998888,0,0
25,30.9,31.9,1,1,2.6,1,2,1,0.413783200085163,0,0
25,30.9,31.9,1,2,2,1,2,2,1.01787950005382,0,0
25,30.9,31.9,1,3,1.8,1,1,1,0.326346899848431,0,0
25,30.9,31.9,1,4,1.4,1,1,2,0.285396599909291,0,0
25,30.9,31.9,1,5,1.2,1,2,1,0.342024800134823,0,0
25,30.9,31.9,1,6,1,1,1,2,0.309314099838957,0,0
25,30.9,31.9,1,7,0.8,1,2,1,0.404267099918798,0,0
25,30.9,31.9,1,8,0.6,1,1,2,0.406635999912396,0,0
25,30.9,31.9,1,9,0.6,1,1,1,0.526036799885333,0,0
25,30.9,31.9,1,10,0.4,1,2,2,0.332191499881446,0,0
25,30.9,31.9,1,11,0.4,1,1,1,0.353432799922302,0,0
25,30.9,31.9,1,12,0.2,0,2,2,0.827677799854428,0,0
25,30.9,31.9,1,13,0.6,1,2,1,0.447692199843004,0,0
25,30.9,31.9,1,14,0.4,1,1,2,0.35273090004921,0,0
25,30.9,31.9,1,15,0.4,0,1,1,0.460362799931318,0,0
25,30.9,31.9,1,16,0.6,1,1,2,0.294177499832585,0,0
25,30.9,31.9,1,17,0.6,1,2,1,0.526365599827841,0,0
25,30.9,31.9,1,18,0.6,1,2,2,0.495944200083613,0,0
25,30.9,31.9,1,19,0.6,0,2,1,0.341697899857536,0,0
25,30.9,31.9,1,20,0.8,1,2,2,0.379272300051525,0,0
25,30.9,31.9,1,21,0.8,1,1,1,0.720210300059989,0,0
25,30.9,31.9,1,22,0.6,1,1,2,0.330964100081474,0,0
25,30.9,31.9,1,23,0.6,1,2,1,0.530503800138831,0,0
25,30.9,31.9,1,24,0.6,1,1,2,0.36256629996933,0,0
25,30.9,31.9,1,25,0.6,1,1,1,0.62588270008564,0,0
25,30.9,31.9,1,26,0.6,1,2,2,0.486447900068015,0,0
25,30.9,31.9,1,27,0.6,1,2,1,0.316990999970585,0,0
25,30.9,31.9,1,28,0.6,1,2,2,0.394709300016984,0,0
25,30.9,31.9,1,29,0.6,1,1,1,0.507052700035274,0,0
25,30.9,31.9,1,30,0.6,1,1,2,0.560135600157082,0,0
25,30.9,32.9,1,1,2.6,1,1,1,0.482298000017181,0,0
25,30.9,32.9,1,2,2,1,2,2,0.460683699930087,0,0
25,30.9,32.9,1,3,1.8,1,1,1,0.426454700063914,0,0
25,30.9,32.9,1,4,1.4,1,2,2,0.503385100048035,0,0
25,30.9,32.9,1,5,1.2,1,2,1,0.343348999973387,0,0
25,30.9,32.9,1,6,1,1,1,2,0.433653500163928,0,0
25,30.9,32.9,1,7,0.8,1,2,1,0.751697600120679,0,0
25,30.9,32.9,1,8,0.6,1,1,2,0.4467252001632,0,0
25,30.9,32.9,1,9,0.6,1,2,1,0.420001100050285,0,0
25,30.9,32.9,1,10,0.4,1,1,2,0.34972729999572,0,0
25,30.9,32.9,1,11,0.4,1,1,1,0.504109600093216,0,0
25,30.9,32.9,1,12,0.2,1,2,2,0.359817600110546,0,0
25,30.9,32.9,1,13,0.2,1,1,1,0.424565599998459,0,0
25,30.9,32.9,1,14,0.2,1,1,2,0.389483999926597,0,0
25,30.9,32.9,1,15,0.2,1,2,1,0.337403600104153,0,0
25,30.9,32.9,1,16,0.2,0,2,2,0.303219600114971,0,0
25,30.9,32.9,1,17,0.4,1,1,1,0.886647299863398,0,0
25,30.9,32.9,1,18,0.4,0,2,2,0.290554899955168,0,0
25,30.9,32.9,1,19,0.6,1,2,1,0.308834799798205,0,0
25,30.9,32.9,1,20,0.6,1,1,2,0.621371399844065,0,0
25,30.9,32.9,1,21,0.6,1,1,1,0.428332600044087,0,0
25,30.9,32.9,1,22,0.4,0,1,2,1.95646449993365,0,0
25,30.9,32.9,1,23,0.6,1,2,1,0.458371399901807,0,0
25,30.9,32.9,1,24,0.6,1,2,2,0.552136499900371,0,0
25,30.9,32.9,1,25,0.6,1,1,1,0.368476100033149,0,0
25,30.9,32.9,1,26,0.6,1,2,2,0.412504300009459,0,0
25,30.9,32.9,1,27,0.6,1,2,1,0.514989200048149,0,0
25,30.9,32.9,1,28,0.6,1,2,2,0.482379700057209,0,0
25,30.9,32.9,1,29,0.6,1,1,1,0.576138000003994,0,0
25,30.9,32.9,1,30,0.6,1,1,2,0.387777700088918,0,0
26,31.6,29.6,0,1,1.8,1,1,1,0.33247569995001,0,0
26,31.6,29.6,0,2,1.6,1,2,2,0.484387200092897,0,0
26,31.6,29.6,0,3,1.2,1,1,1,0.432327500078827,0,0
26,31.6,29.6,0,4,1,1,2,2,0.542521700030193,0,0
26,31.6,29.6,0,5,0.8,1,2,1,0.344514399999753,0,0
26,31.6,29.6,0,6,0.6,1,1,2,0.308113100007176,0,0
26,31.6,29.6,0,7,0.4,1,2,1,0.588638100074604,0,0
26,31.6,29.6,0,8,0.4,1,1,2,0.24956430005841,0,0
26,31.6,29.6,0,9,0.4,1,2,1,0.374518600059673,0,0
26,31.6,29.6,0,10,0.2,1,1,2,0.40420819981955,0,0
26,31.6,29.6,0,11,0.2,1,2,1,0.205255599925295,0,0
26,31.6,29.6,0,12,0.2,1,1,2,0.312812000047415,0,0
26,31.6,29.6,0,13,0.2,1,1,1,0.725076799979433,0,0
26,31.6,29.6,0,14,0.2,1,2,2,0.295550199924037,0,0
26,31.6,29.6,0,15,0.2,1,2,1,0.396396799944341,0,0
26,31.6,29.6,0,16,0.2,1,1,2,0.476394600002095,0,0
26,31.6,29.6,0,17,0.2,1,1,1,0.385476200142875,0,0
26,31.6,29.6,0,18,0.2,1,2,2,0.202316500013694,0,0
26,31.6,29.6,0,19,0.2,1,1,1,0.25579349999316,0,0
26,31.6,29.6,0,20,0.2,1,2,2,0.404479299904779,0,0
26,31.6,29.6,0,21,0.2,1,2,1,0.258654300123453,0,0
26,31.6,29.6,0,22,0.2,1,2,2,0.267740500159562,0,0
26,31.6,29.6,0,23,0.2,1,1,1,0.439329799963161,0,0
26,31.6,29.6,0,24,0.2,1,1,2,0.375901199877262,0,0
26,31.6,29.6,0,25,0.2,1,1,1,0.673878599889576,0,0
26,31.6,29.6,0,26,0.2,1,2,2,0.493158799828961,0,0
26,31.6,29.6,0,27,0.2,1,2,1,0.432201100047678,0,0
26,31.6,29.6,0,28,0.2,1,1,2,0.340253100031987,0,0
26,31.6,29.6,0,29,0.2,1,2,1,0.330707299988717,0,0
26,31.6,29.6,0,30,0.2,1,1,2,0.376700300024822,0,0
26,31.6,30.6,0,1,1.8,1,1,1,0.284585000015795,0,0
26,31.6,30.6,0,2,1.6,1,1,2,0.208424899959937,0,0
26,31.6,30.6,0,3,1.2,1,1,1,0.328439299948514,0,0
26,31.6,30.6,0,4,1,1,2,2,0.266800799872726,0,0
26,31.6,30.6,0,5,0.8,1,2,1,0.297763200011104,0,0
26,31.6,30.6,0,6,0.6,1,2,2,2.2199244000949,0,0
26,31.6,30.6,0,7,0.4,1,2,1,0.523871900048107,0,0
26,31.6,30.6,0,8,0.4,1,2,2,0.36585530010052,0,0
26,31.6,30.6,0,9,0.4,1,1,1,0.277235700050369,0,0
26,31.6,30.6,0,10,0.2,0,1,2,1.93076839996502,0,0
26,31.6,30.6,0,11,0.4,1,2,1,0.556798900011927,0,0
26,31.6,30.6,0,12,0.4,1,1,2,0.614371899981052,0,0
26,31.6,30.6,0,13,0.4,1,1,1,0.431416699895635,0,0
26,31.6,30.6,0,14,0.4,1,1,2,0.404551799874753,0,0
26,31.6,30.6,0,15,0.4,1,2,1,0.400623300112784,0,0
26,31.6,30.6,0,16,0.4,1,2,2,0.293570399982855,0,0
26,31.6,30.6,0,17,0.4,1,2,1,0.360482800053433,0,0
26,31.6,30.6,0,18,0.4,1,1,2,0.318276599980891,0,0
26,31.6,30.6,0,19,0.4,1,2,1,0.346397600136697,0,0
26,31.6,30.6,0,20,0.4,1,1,2,0.235249700024724,0,0
26,31.6,30.6,0,21,0.4,1,2,1,0.279659500112757,0,0
26,31.6,30.6,0,22,0.4,1,1,2,0.355171399889514,0,0
26,31.6,30.6,0,23,0.4,1,1,1,0.248513499973342,0,0
26,31.6,30.6,0,24,0.4,1,2,2,0.294449100038037,0,0
26,31.6,30.6,0,25,0.2,0,1,1,0.28170709987171,0,0
26,31.6,30.6,0,26,0.4,1,2,2,0.338633100036532,0,0
26,31.6,30.6,0,27,0.4,0,1,1,1.49788579996675,0,0
26,31.6,30.6,0,28,0.4,1,2,2,0.36433759983629,0,0
26,31.6,30.6,0,29,0.4,1,2,1,0.843765600118786,0,0
26,31.6,30.6,0,30,0.4,1,1,2,0.214972699992359,0,0
26,31.6,31.6,0,1,1.8,1,2,1,0.357037200126797,0,0
26,31.6,31.6,0,2,1.6,1,2,2,0.47765629994683,0,0
26,31.6,31.6,0,3,1.2,1,2,1,0.349095499841496,0,0
26,31.6,31.6,0,4,1,1,1,2,0.342728499788791,0,0
26,31.6,31.6,0,5,0.8,1,1,1,0.313899700064212,0,0
26,31.6,31.6,0,6,0.6,1,1,2,0.225376199930906,0,0
26,31.6,31.6,0,7,0.4,1,2,1,0.427502299891785,0,0
26,31.6,31.6,0,8,0.4,1,1,2,0.360890200128779,0,0
26,31.6,31.6,0,9,0.4,1,1,1,0.713051100028679,0,0
26,31.6,31.6,0,10,0.2,1,2,2,0.527668199967593,0,0
26,31.6,31.6,0,11,0.2,1,2,1,0.338620499940589,0,0
26,31.6,31.6,0,12,0.2,1,1,2,0.704669399885461,0,0
26,31.6,31.6,0,13,0.2,0,1,1,0.368773699970916,0,0
26,31.6,31.6,0,14,0.4,1,1,2,0.215994100086391,0,0
26,31.6,31.6,0,15,0.4,1,2,1,0.244246499845758,0,0
26,31.6,31.6,0,16,0.4,1,1,2,0.343619299819693,0,0
26,31.6,31.6,0,17,0.4,1,2,1,0.202571400208399,0,0
26,31.6,31.6,0,18,0.4,1,2,2,0.264126199996099,0,0
26,31.6,31.6,0,19,0.4,1,1,1,0.256354799959809,0,0
26,31.6,31.6,0,20,0.2,1,2,2,0.417669899994507,0,0
26,31.6,31.6,0,21,0.2,1,2,1,0.216097100172192,0,0
26,31.6,31.6,0,22,0.2,1,2,2,0.586349499877542,0,0
26,31.6,31.6,0,23,0.2,1,1,1,0.291772799799219,0,0
26,31.6,31.6,0,24,0.2,1,1,2,0.27758920006454,0,0
26,31.6,31.6,0,25,0.2,1,2,1,0.531859899871051,0,0
26,31.6,31.6,0,26,0.2,1,1,2,0.335186599986628,0,0
26,31.6,31.6,0,27,0.2,0,1,1,0.373668800108135,0,0
26,31.6,31.6,0,28,0.2,1,2,2,0.364900799933821,0,0
26,31.6,31.6,0,29,0.2,0,2,1,0.342453599907458,0,0
26,31.6,31.6,0,30,0.4,1,1,2,0.265885500004515,0,0
26,31.6,32.6,0,1,1.8,1,1,1,0.68415499990806,0,0
26,31.6,32.6,0,2,1.6,1,2,2,0.892717599868774,0,0
26,31.6,32.6,0,3,1.2,1,1,1,0.663241699803621,0,0
26,31.6,32.6,0,4,1,1,1,2,0.619712600018829,0,0
26,31.6,32.6,0,5,0.8,1,2,1,0.339381999801844,0,0
26,31.6,32.6,0,6,0.6,1,2,2,0.598381099989638,0,0
26,31.6,32.6,0,7,0.4,1,1,1,0.317453700117767,0,0
26,31.6,32.6,0,8,0.4,1,2,2,0.69119600020349,0,0
26,31.6,32.6,0,9,0.4,1,2,1,0.470049999887124,0,0
26,31.6,32.6,0,10,0.2,1,1,2,1.98151289997622,0,0
26,31.6,32.6,0,11,0.2,1,2,1,0.362560300156474,0,0
26,31.6,32.6,0,12,0.2,1,1,2,0.297384900040925,0,0
26,31.6,32.6,0,13,0.2,1,1,1,0.232953799888492,0,0
26,31.6,32.6,0,14,0.2,1,2,2,0.206041200086474,0,0
26,31.6,32.6,0,15,0.2,1,2,1,0.236008799867705,0,0
26,31.6,32.6,0,16,0.2,1,1,2,0.516231099842116,0,0
26,31.6,32.6,0,17,0.2,1,1,1,0.306436900049448,0,0
26,31.6,32.6,0,18,0.2,1,2,2,0.905420900089666,0,0
26,31.6,32.6,0,19,0.2,1,2,1,0.221212799893692,0,0
26,31.6,32.6,0,20,0.2,1,1,2,0.394711999921128,0,0
26,31.6,32.6,0,21,0.2,1,2,1,0.35524299996905,0,0
26,31.6,32.6,0,22,0.2,1,1,2,0.298516100039706,0,0
26,31.6,32.6,0,23,0.2,1,1,1,0.302330599864945,0,0
26,31.6,32.6,0,24,0.2,1,2,2,0.291711499914527,0,0
26,31.6,32.6,0,25,0.2,1,1,1,0.438338299980387,0,0
26,31.6,32.6,0,26,0.2,1,2,2,0.247050999896601,0,0
26,31.6,32.6,0,27,0.2,1,1,1,0.297402499942109,0,0
26,31.6,32.6,0,28,0.2,1,2,2,0.364590900018811,0,0
26,31.6,32.6,0,29,0.2,1,2,1,0.307524100178853,0,0
26,31.6,32.6,0,30,0.2,1,1,2,0.304189200047404,0,0
26,31.6,33.6,0,1,1.8,1,1,1,1.61936630005948,0,0
26,31.6,33.6,0,2,1.6,1,2,2,0.955253100022674,0,0
26,31.6,33.6,0,3,1.2,1,2,1,0.619792100042105,0,0
26,31.6,33.6,0,4,1,1,1,2,0.6391680999659,0,0
26,31.6,33.6,0,5,0.8,1,1,1,1.30490210000426,0,0
26,31.6,33.6,0,6,0.6,1,2,2,0.525779523188248,0,0
26,31.6,33.6,0,7,0.4,1,2,1,0.57106290012598,0,0
26,31.6,33.6,0,8,0.4,1,1,2,0.561303499853238,0,0
26,31.6,33.6,0,9,0.4,1,2,1,1.23191049997695,0,0
26,31.6,33.6,0,10,0.2,1,2,2,0.587080399971455,0,0
26,31.6,33.6,0,11,0.2,0,1,1,2.74315480003133,0,0
26,31.6,33.6,0,12,0.4,1,1,2,0.768548700027168,0,0
26,31.6,33.6,0,13,0.4,1,1,1,0.294753100024536,0,0
26,31.6,33.6,0,14,0.4,1,2,2,0.327047199942172,0,0
26,31.6,33.6,0,15,0.4,1,2,1,0.357039199909195,0,0
26,31.6,33.6,0,16,0.4,1,2,2,0.249423300148919,0,0
26,31.6,33.6,0,17,0.4,1,1,1,0.415847199968994,0,0
26,31.6,33.6,0,18,0.4,1,1,2,0.440539999864995,0,0
26,31.6,33.6,0,19,0.4,1,2,1,0.428703000070527,0,0
26,31.6,33.6,0,20,0.4,1,1,2,0.423327799886465,0,0
26,31.6,33.6,0,21,0.4,1,2,1,0.550402500201017,0,0
26,31.6,33.6,0,22,0.4,1,2,2,0.30406800005585,0,0
26,31.6,33.6,0,23,0.2,1,1,1,0.694632000057027,0,0
26,31.6,33.6,0,24,0.2,1,1,2,0.411042799940333,0,0
26,31.6,33.6,0,25,0.2,0,1,1,0.740538500016555,0,0
26,31.6,33.6,0,26,0.4,1,2,2,0.275900499895215,0,0
26,31.6,33.6,0,27,0.4,1,2,1,0.297041299985722,0,0
26,31.6,33.6,0,28,0.4,1,1,2,0.610167199978605,0,0
26,31.6,33.6,0,29,0.4,1,2,1,0.319779900135472,0,0
26,31.6,33.6,0,30,0.4,1,1,2,0.699434800073504,0,0
26,31.6,29.6,1,1,2.6,0,2,1,0.292512499960139,0,0
26,31.6,29.6,1,2,4,1,2,2,0.541992800077423,0,0
26,31.6,29.6,1,3,3.8,1,2,1,0.369842800078914,0,0
26,31.6,29.6,1,4,3.6,1,1,2,0.392519599990919,0,0
26,31.6,29.6,1,5,3.4,1,1,1,1.6879889999982,0,0
26,31.6,29.6,1,6,3.2,1,1,2,0.31843510014005,0,0
26,31.6,29.6,1,7,3.2,1,2,1,0.925996900070459,0,0
26,31.6,29.6,1,8,3,1,1,2,0.359574900008738,0,0
26,31.6,29.6,1,9,2.8,0,2,1,1.93930960004218,0,0
26,31.6,29.6,1,10,3.4,1,1,2,0.262636500177905,0,0
26,31.6,29.6,1,11,3.2,0,2,1,0.998720100149512,0,0
26,31.6,29.6,1,12,3.8,1,1,2,0.231618699850515,0,0
26,31.6,29.6,1,13,3.6,1,2,1,0.627185200108215,0,0
26,31.6,29.6,1,14,3.6,1,1,2,0.202381999930367,0,0
26,31.6,29.6,1,15,3.6,1,1,1,3.08457289985381,0,0
26,31.6,29.6,1,16,3.4,1,2,2,0.302655600011349,0,0
26,31.6,29.6,1,17,3.4,1,1,1,1.70638379990123,0,0
26,31.6,29.6,1,18,3.4,1,2,2,1.12830850016326,0,0
26,31.6,29.6,1,19,3,1,1,1,0.283227999927476,0,0
26,31.6,29.6,1,20,3,1,1,2,1.38200839981437,0,0
26,31.6,29.6,1,21,3,1,2,1,0.329828899819404,0,0
26,31.6,29.6,1,22,3,1,1,2,0.272780800005421,0,0
26,31.6,29.6,1,23,3,1,2,1,0.541433100122958,0,0
26,31.6,29.6,1,24,2.6,1,2,2,1.46314800018445,0,0
26,31.6,29.6,1,25,2.4,1,2,1,0.479084100108594,0,0
26,31.6,29.6,1,26,2.4,1,2,2,0.601912799989805,0,0
26,31.6,29.6,1,27,2.2,1,1,1,NaN,1,0
26,31.6,29.6,1,28,2.2,0,2,2,1.35685550002381,0,0
26,31.6,29.6,1,29,2.6,1,1,1,1.15699109993875,0,0
26,31.6,30.6,1,1,2.6,0,2,1,2.2044829998631,0,0
26,31.6,30.6,1,2,4,1,1,2,0.64068099996075,0,0
26,31.6,30.6,1,3,3.8,1,2,1,0.509107900084928,0,0
26,31.6,30.6,1,4,3.6,1,1,2,0.409267599927261,0,0
26,31.6,30.6,1,5,3.4,1,2,1,0.33112380001694,0,0
26,31.6,30.6,1,6,3.2,1,1,2,0.321249200031161,0,0
26,31.6,30.6,1,7,3.2,1,1,1,0.508917599916458,0,0
26,31.6,30.6,1,8,3,1,2,2,0.297749500023201,0,0
26,31.6,30.6,1,9,2.8,1,2,1,0.2813015000429,0,0
26,31.6,30.6,1,10,2.4,1,2,2,0.275816999841481,0,0
26,31.6,30.6,1,11,2.2,1,1,1,0.34428620012477,0,0
26,31.6,30.6,1,12,2,0,1,2,0.320653600152582,0,0
26,31.6,30.6,1,13,3,1,1,1,0.255545200081542,0,0
26,31.6,30.6,1,14,2.8,1,2,2,0.247579099843279,0,0
26,31.6,30.6,1,15,2.4,1,2,1,0.24045110004954,0,0
26,31.6,30.6,1,16,2.4,1,2,2,0.253835299983621,0,0
26,31.6,30.6,1,17,2.4,1,1,1,0.346069700084627,0,0
26,31.6,30.6,1,18,2.4,1,1,2,0.362851599929854,0,0
26,31.6,30.6,1,19,2.2,0,2,1,1.3425714999903,0,0
26,31.6,30.6,1,20,2.6,1,1,2,1.91951889987104,0,0
26,31.6,30.6,1,21,2.4,1,2,1,0.217703300062567,0,0
26,31.6,30.6,1,22,2.4,1,1,2,1.10815300000831,0,0
26,31.6,30.6,1,23,2.4,1,1,1,1.57627660012804,0,0
26,31.6,30.6,1,24,2.4,1,2,2,1.16894709994085,0,0
26,31.6,30.6,1,25,2.4,1,1,1,1.02230229997076,0,0
26,31.6,30.6,1,26,2,0,1,2,0.853554899804294,0,0
26,31.6,30.6,1,27,2.4,1,2,1,1.18215340003371,0,0
26,31.6,30.6,1,28,2.4,1,2,2,0.233535000123084,0,0
26,31.6,30.6,1,29,2.4,0,1,1,0.506539999973029,0,0
26,31.6,30.6,1,30,2.6,1,2,2,0.861252800095826,0,0
26,31.6,31.6,1,1,2.6,1,2,1,0.259291499853134,0,0
26,31.6,31.6,1,2,2,1,2,2,0.551556100137532,0,0
26,31.6,31.6,1,3,1.8,0,1,1,1.09821139997803,0,0
26,31.6,31.6,1,4,3,1,1,2,0.281562600051984,0,0
26,31.6,31.6,1,5,2.8,1,1,1,0.321041299961507,0,0
26,31.6,31.6,1,6,2.6,1,2,2,0.317269899882376,0,0
26,31.6,31.6,1,7,2.4,1,2,1,0.202313999878243,0,0
26,31.6,31.6,1,8,2.2,1,2,2,0.328105699969456,0,0
26,31.6,31.6,1,9,2.2,0,1,1,0.355114000150934,0,0
26,31.6,31.6,1,10,2.8,1,1,2,0.288052599877119,0,0
26,31.6,31.6,1,11,2.8,1,1,1,0.258829900063574,0,0
26,31.6,31.6,1,12,2.6,1,2,2,0.257737500127405,0,0
26,31.6,31.6,1,13,2.6,1,1,1,1.84993289993145,0,0
26,31.6,31.6,1,14,2.4,1,2,2,0.238829199923202,0,0
26,31.6,31.6,1,15,2.4,1,2,1,0.235306399874389,0,0
26,31.6,31.6,1,16,2,1,2,2,0.250886700116098,0,0
26,31.6,31.6,1,17,2,1,1,1,0.266169700073078,0,0
26,31.6,31.6,1,18,2,1,1,2,0.431105799973011,0,0
26,31.6,31.6,1,19,2,1,2,1,0.424723400035873,0,0
26,31.6,31.6,1,20,1.6,1,1,2,0.227483800146729,0,0
26,31.6,31.6,1,21,1.6,0,1,1,1.03539880015887,0,0
26,31.6,31.6,1,22,2,1,2,2,0.257335799979046,0,0
26,31.6,31.6,1,23,2,1,2,1,0.29306250018999,0,0
26,31.6,31.6,1,24,2,0,1,2,0.321594799868762,0,0
26,31.6,31.6,1,25,2.4,1,2,1,1.11348479986191,0,0
26,31.6,31.6,1,26,2.2,1,2,2,0.221308900043368,0,0
26,31.6,31.6,1,27,2.2,1,1,1,1.2251248001121,0,0
26,31.6,31.6,1,28,2,1,1,2,0.987958100158721,0,0
26,31.6,31.6,1,29,2,1,1,1,1.70324609987438,0,0
26,31.6,31.6,1,30,1.8,1,2,2,0.50607159989886,0,0
26,31.6,32.6,1,1,2.6,1,1,1,0.410473699914292,0,0
26,31.6,32.6,1,2,2,1,1,2,0.326321800006554,0,0
26,31.6,32.6,1,3,1.8,1,2,1,0.338379000080749,0,0
26,31.6,32.6,1,4,1.4,1,2,2,0.251907899975777,0,0
26,31.6,32.6,1,5,1.2,1,1,1,0.499292300082743,0,0
26,31.6,32.6,1,6,1,1,2,2,0.219002900179476,0,0
26,31.6,32.6,1,7,0.8,0,2,1,0.300255899783224,0,0
26,31.6,32.6,1,8,1.4,1,1,2,0.207534400047734,0,0
26,31.6,32.6,1,9,1.4,1,1,1,0.285285599995404,0,0
26,31.6,32.6,1,10,1.2,1,2,2,0.347352300072089,0,0
26,31.6,32.6,1,11,1.2,0,2,1,0.465805999934673,0,0
26,31.6,32.6,1,12,1.6,1,1,2,0.392255200073123,0,0
26,31.6,32.6,1,13,1.6,1,1,1,0.289959100075066,0,0
26,31.6,32.6,1,14,1.4,0,2,2,0.961759000085294,0,0
26,31.6,32.6,1,15,1.8,0,1,1,1.02666139998473,0,0
26,31.6,32.6,1,16,2.8,1,1,2,0.249635200016201,0,0
26,31.6,32.6,1,17,2.6,1,2,1,0.511695699999109,0,0
26,31.6,32.6,1,18,2.4,1,2,2,0.308789000147954,0,0
26,31.6,32.6,1,19,2.2,1,2,1,0.337766000069678,0,0
26,31.6,32.6,1,20,2.2,1,1,2,0.210881800157949,0,0
26,31.6,32.6,1,21,2,0,1,1,1.5645864000544,0,0
26,31.6,32.6,1,22,2.6,1,2,2,0.447614999953657,0,0
26,31.6,32.6,1,23,2.4,1,1,1,0.968844099901617,0,0
26,31.6,32.6,1,24,2.4,1,2,2,0.274656699970365,0,0
26,31.6,32.6,1,25,2.4,1,1,1,0.540879100095481,0,0
26,31.6,32.6,1,26,1.8,1,1,2,0.849082699976861,0,0
26,31.6,32.6,1,27,1.8,1,2,1,3.54605620005168,0,0
26,31.6,32.6,1,28,1.8,1,2,2,0.262921300018206,0,0
26,31.6,32.6,1,29,1.8,1,1,1,0.6200053000357,0,0
26,31.6,32.6,1,30,1.6,1,2,2,1.31395089998841,0,0
26,31.6,33.6,1,1,2.6,1,2,1,0.440407700138167,0,0
26,31.6,33.6,1,2,2,1,1,2,0.231036999961361,0,0
26,31.6,33.6,1,3,1.8,1,2,1,0.417188300052658,0,0
26,31.6,33.6,1,4,1.4,1,1,2,0.446364199975505,0,0
26,31.6,33.6,1,5,1.2,1,1,1,3.48970180004835,0,0
26,31.6,33.6,1,6,1,1,2,2,0.474582900060341,0,0
26,31.6,33.6,1,7,0.8,0,1,1,0.470210900064558,0,0
26,31.6,33.6,1,8,1.4,1,1,2,0.225034999893978,0,0
26,31.6,33.6,1,9,1.4,1,2,1,0.399870099965483,0,0
26,31.6,33.6,1,10,1.2,1,2,2,0.60720290010795,0,0
26,31.6,33.6,1,11,1.2,1,1,1,1.05629050009884,0,0
26,31.6,33.6,1,12,1,1,2,2,0.375914399977773,0,0
26,31.6,33.6,1,13,1,1,2,1,0.317465199856088,0,0
26,31.6,33.6,1,14,1,1,1,2,0.274669400183484,0,0
26,31.6,33.6,1,15,1,1,1,1,0.357841299846768,0,0
26,31.6,33.6,1,16,1,1,2,2,0.538525999989361,0,0
26,31.6,33.6,1,17,0.6,1,2,1,0.349957900121808,0,0
26,31.6,33.6,1,18,0.6,0,1,2,0.81810380006209,0,0
26,31.6,33.6,1,19,1,1,2,1,1.33640490006655,0,0
26,31.6,33.6,1,20,1,1,1,2,0.341512999963015,0,0
26,31.6,33.6,1,21,1,0,1,1,0.885349499993026,0,0
26,31.6,33.6,1,22,1.2,1,2,2,0.257494000019506,0,0
26,31.6,33.6,1,23,1,1,1,1,0.685707200085744,0,0
26,31.6,33.6,1,24,1,0,2,2,0.361259800149128,0,0
26,31.6,33.6,1,25,1.2,0,2,1,0.33344479999505,0,0
26,31.6,33.6,1,26,1.4,1,1,2,0.437118300003931,0,0
26,31.6,33.6,1,27,1.4,1,2,1,0.301268100040033,0,0
26,31.6,33.6,1,28,1.4,1,2,2,0.745136599987745,0,0
26,31.6,33.6,1,29,1.2,0,1,1,0.644486899953336,0,0
26,31.6,33.6,1,30,1.6,1,1,2,0.348712099948898,0,0
28,32.3,30.3,0,1,1.8,1,1,1,0.202293100068346,0,0
28,32.3,30.3,0,2,1.6,1,2,2,0.202597199939191,0,0
28,32.3,30.3,0,3,1.2,1,2,1,0.202237199991941,0,0
28,32.3,30.3,0,4,1,1,1,2,0.202427600044757,0,0
28,32.3,30.3,0,5,0.8,1,1,1,0.202487000031397,0,0
28,32.3,30.3,0,6,0.6,1,2,2,0.202243899926543,0,0
28,32.3,30.3,0,7,0.4,1,2,1,0.203377600060776,0,0
28,32.3,30.3,0,8,0.4,0,1,2,2.55467689991929,0,0
28,32.3,30.3,0,9,0.8,1,1,1,0.202666899887845,0,0
28,32.3,30.3,0,10,0.8,1,1,2,0.25457250000909,0,0
28,32.3,30.3,0,11,0.6,1,2,1,0.202401299960911,0,0
28,32.3,30.3,0,12,0.6,1,2,2,0.202477199956775,0,0
28,32.3,30.3,0,13,0.6,1,1,1,0.202665700111538,0,0
28,32.3,30.3,0,14,0.6,1,1,2,0.202252000104636,0,0
28,32.3,30.3,0,15,0.6,1,2,1,0.202282899990678,0,0
28,32.3,30.3,0,16,0.6,1,1,2,0.2025960998144,0,0
28,32.3,30.3,0,17,0.6,1,2,1,0.202469799900427,0,0
28,32.3,30.3,0,18,0.2,1,2,2,0.224097799975425,0,0
28,32.3,30.3,0,19,0.2,1,1,1,0.202310200082138,0,0
28,32.3,30.3,0,20,0.2,1,1,2,0.20332399988547,0,0
28,32.3,30.3,0,21,0.2,1,1,1,0.202338200062513,0,0
28,32.3,30.3,0,22,0.2,1,2,2,0.202264199964702,0,0
28,32.3,30.3,0,23,0.2,1,2,1,0.243716600118205,0,0
28,32.3,30.3,0,24,0.2,1,2,2,0.341579499887303,0,0
28,32.3,30.3,0,25,0.2,1,2,1,0.338717800099403,0,0
28,32.3,30.3,0,26,0.2,1,2,2,0.258639500010759,0,0
28,32.3,30.3,0,27,0.2,1,1,1,0.541906400118023,0,0
28,32.3,30.3,0,28,0.2,1,1,2,0.233548799995333,0,0
28,32.3,30.3,0,29,0.2,1,1,1,0.429053400177509,0,0
28,32.3,30.3,0,30,0.2,1,2,2,0.25904759997502,0,0
28,32.3,31.3,0,1,1.8,1,2,1,0.354367300169542,0,0
28,32.3,31.3,0,2,1.6,1,1,2,0.326618999941275,0,0
28,32.3,31.3,0,3,1.2,1,2,1,0.389748699963093,0,0
28,32.3,31.3,0,4,1,1,1,2,0.339671100024134,0,0
28,32.3,31.3,0,5,0.8,1,1,1,0.770800299942493,0,0
28,32.3,31.3,0,6,0.6,1,2,2,0.333640900207683,0,0
28,32.3,31.3,0,7,0.4,1,1,1,0.333663600031286,0,0
28,32.3,31.3,0,8,0.4,1,1,2,0.911604600027204,0,0
28,32.3,31.3,0,9,0.4,1,1,1,0.352421600138769,0,0
28,32.3,31.3,0,10,0.2,1,2,2,0.274729899829254,0,0
28,32.3,31.3,0,11,0.2,1,2,1,1.30353269982152,0,0
28,32.3,31.3,0,12,0.2,0,2,2,0.605047800112516,0,0
28,32.3,31.3,0,13,0.4,1,2,1,0.273659499827772,0,0
28,32.3,31.3,0,14,0.4,1,1,2,0.360201299889013,0,0
28,32.3,31.3,0,15,0.4,1,1,1,0.719329399988055,0,0
28,32.3,31.3,0,16,0.4,1,2,2,0.226783800171688,0,0
28,32.3,31.3,0,17,0.4,1,2,1,0.281995499972254,0,0
28,32.3,31.3,0,18,0.4,1,1,2,0.723821399966255,0,0
28,32.3,31.3,0,19,0.4,1,1,1,0.336104499874637,0,0
28,32.3,31.3,0,20,0.4,1,2,2,0.322729200124741,0,0
28,32.3,31.3,0,21,0.2,0,2,1,0.551616600016132,0,0
28,32.3,31.3,0,22,0.4,1,2,2,0.269356000004336,0,0
28,32.3,31.3,0,23,0.4,1,1,1,0.31071069999598,0,0
28,32.3,31.3,0,24,0.4,1,1,2,0.281128899892792,0,0
28,32.3,31.3,0,25,0.4,1,2,1,0.353812000015751,0,0
28,32.3,31.3,0,26,0.4,1,1,2,2.14544890006073,0,0
28,32.3,31.3,0,27,0.4,1,2,1,0.326030799886212,0,0
28,32.3,31.3,0,28,0.4,1,2,2,0.38250539987348,0,0
28,32.3,31.3,0,29,0.4,1,1,1,NaN,1,0
28,32.3,32.3,0,1,1.8,1,2,1,0.344529499998316,0,0
28,32.3,32.3,0,2,1.6,1,2,2,0.21662940015085,0,0
28,32.3,32.3,0,3,1.2,1,1,1,0.307844800176099,0,0
28,32.3,32.3,0,4,1,1,2,2,0.456879100063816,0,0
28,32.3,32.3,0,5,0.8,1,1,1,0.730446600122377,0,0
28,32.3,32.3,0,6,0.6,1,1,2,0.265651499852538,0,0
28,32.3,32.3,0,7,0.4,1,1,1,0.367895599920303,0,0
28,32.3,32.3,0,8,0.4,1,2,2,0.216853899881244,0,0
28,32.3,32.3,0,9,0.4,1,1,1,0.499995599966496,0,0
28,32.3,32.3,0,10,0.2,1,2,2,0.327080999966711,0,0
28,32.3,32.3,0,11,0.2,1,1,1,0.301744299940765,0,0
28,32.3,32.3,0,12,0.2,1,2,2,0.542078200029209,0,0
28,32.3,32.3,0,13,0.2,1,2,1,0.258393099997193,0,0
28,32.3,32.3,0,14,0.2,1,1,2,NaN,1,0
28,32.3,32.3,0,15,0.2,1,2,1,0.537690099794418,0,0
28,32.3,32.3,0,16,0.2,1,2,2,0.253291900036857,0,0
28,32.3,32.3,0,17,0.2,1,1,1,0.284989299951121,0,0
28,32.3,32.3,0,18,0.2,1,1,2,0.256551199825481,0,0
28,32.3,32.3,0,19,0.2,1,2,1,0.295135400025174,0,0
28,32.3,32.3,0,20,0.2,1,1,2,0.211261800024658,0,0
28,32.3,32.3,0,21,0.2,1,1,1,0.240753000136465,0,0
28,32.3,32.3,0,22,0.2,1,1,2,0.386588299879804,0,0
28,32.3,32.3,0,23,0.2,1,2,1,0.203323799883947,0,0
28,32.3,32.3,0,24,0.2,1,2,2,0.358707200037315,0,0
28,32.3,32.3,0,25,0.2,1,1,1,0.267818299820647,0,0
28,32.3,32.3,0,26,0.2,1,2,2,0.857261399971321,0,0
28,32.3,32.3,0,27,0.2,0,2,1,1.70183239993639,0,0
28,32.3,32.3,0,28,0.2,1,2,2,0.838023799937218,0,0
28,32.3,32.3,0,29,0.2,0,1,1,0.259380599949509,0,0
28,32.3,33.3,0,1,1.8,1,2,1,0.298367499839514,0,0
28,32.3,33.3,0,2,1.6,1,1,2,0.29298310005106,0,0
28,32.3,33.3,0,3,1.2,1,1,1,0.327938499860466,0,0
28,32.3,33.3,0,4,1,1,2,2,0.267283800058067,0,0
28,32.3,33.3,0,5,0.8,1,2,1,0.232855600072071,0,0
28,32.3,33.3,0,6,0.6,1,1,2,0.258183100027964,0,0
28,32.3,33.3,0,7,0.4,1,1,1,0.294161299942061,0,0
28,32.3,33.3,0,8,0.4,1,2,2,0.28126970003359,0,0
28,32.3,33.3,0,9,0.4,1,1,1,0.281082700006664,0,0
28,32.3,33.3,0,10,0.2,1,2,2,0.288351900177076,0,0
28,32.3,33.3,0,11,0.2,1,1,1,0.28090690006502,0,0
28,32.3,33.3,0,12,0.2,0,2,2,0.27915499988012,0,0
28,32.3,33.3,0,13,0.4,1,2,1,0.265361099969596,0,0
28,32.3,33.3,0,14,0.4,1,1,2,0.210067199775949,0,0
28,32.3,33.3,0,15,0.4,1,2,1,0.301497800042853,0,0
28,32.3,33.3,0,16,0.4,1,1,2,0.223418000154197,0,0
28,32.3,33.3,0,17,0.4,1,2,1,0.284773099934682,0,0
28,32.3,33.3,0,18,0.4,1,1,2,0.300474900053814,0,0
28,32.3,33.3,0,19,0.4,1,2,1,0.293097000103444,0,0
28,32.3,33.3,0,20,0.4,1,2,2,0.241114499978721,0,0
28,32.3,33.3,0,21,0.2,1,1,1,0.312668900005519,0,0
28,32.3,33.3,0,22,0.2,1,1,2,0.373066700063646,0,0
28,32.3,33.3,0,23,0.2,1,2,1,0.892269399948418,0,0
28,32.3,33.3,0,24,0.2,1,1,2,0.231431700056419,0,0
28,32.3,33.3,0,25,0.2,1,2,1,0.45560979982838,0,0
28,32.3,33.3,0,26,0.2,1,1,2,0.283954200102016,0,0
28,32.3,33.3,0,27,0.2,1,1,1,0.347806499805301,0,0
28,32.3,33.3,0,28,0.2,1,2,2,0.410761100007221,0,0
28,32.3,33.3,0,29,0.2,1,1,1,0.525494700064883,0,0
28,32.3,33.3,0,30,0.2,0,2,2,0.402931599877775,0,0
28,32.3,34.3,0,1,1.8,1,1,1,1.85101009998471,0,0
28,32.3,34.3,0,2,1.6,1,1,2,0.591273299884051,0,0
28,32.3,34.3,0,3,1.2,1,1,1,0.452771499985829,0,0
28,32.3,34.3,0,4,1,1,2,2,0.349281100090593,0,0
28,32.3,34.3,0,5,0.8,1,2,1,0.303997799986973,0,0
28,32.3,34.3,0,6,0.6,1,2,2,0.484057600144297,0,0
28,32.3,34.3,0,7,0.4,1,1,1,0.404546600067988,0,0
28,32.3,34.3,0,8,0.4,0,2,2,0.706450499827042,0,0
28,32.3,34.3,0,9,0.8,1,1,1,0.615335399983451,0,0
28,32.3,34.3,0,10,0.8,1,1,2,1.46801860001869,0,0
28,32.3,34.3,0,11,0.6,1,2,1,1.07407510001212,0,0
28,32.3,34.3,0,12,0.6,1,2,2,0.27871030010283,0,0
28,32.3,34.3,0,13,0.6,1,2,1,0.367930499836802,0,0
28,32.3,34.3,0,14,0.6,1,1,2,0.358370200032368,0,0
28,32.3,34.3,0,15,0.6,1,2,1,0.223757900064811,0,0
28,32.3,34.3,0,16,0.6,1,1,2,0.251160699874163,0,0
28,32.3,34.3,0,17,0.6,1,1,1,0.28275529993698,0,0
28,32.3,34.3,0,18,0.2,0,2,2,0.682044900022447,0,0
28,32.3,34.3,0,19,0.6,1,2,1,0.237748200073838,0,0
28,32.3,34.3,0,20,0.6,1,1,2,0.257064600009471,0,0
28,32.3,34.3,0,21,0.6,1,1,1,0.220589000033215,0,0
28,32.3,34.3,0,22,0.6,1,2,2,0.26625830004923,0,0
28,32.3,34.3,0,23,0.6,1,1,1,0.255891499808058,0,0
28,32.3,34.3,0,24,0.6,1,2,2,0.26358599984087,0,0
28,32.3,34.3,0,25,0.6,1,1,1,0.458815000019968,0,0
28,32.3,34.3,0,26,0.6,1,1,2,0.212615400087088,0,0
28,32.3,34.3,0,27,0.6,1,2,1,0.208820099942386,0,0
28,32.3,34.3,0,28,0.4,1,1,2,0.24429740011692,0,0
28,32.3,34.3,0,29,0.4,1,2,1,0.232825099956244,0,0
28,32.3,34.3,0,30,0.4,1,2,2,0.202260700054467,0,0
28,32.3,30.3,1,1,2.6,0,2,1,0.446174599928781,0,0
28,32.3,30.3,1,2,4,1,1,2,0.209319100016728,0,0
28,32.3,30.3,1,3,3.8,1,2,1,0.502503999974579,0,0
28,32.3,30.3,1,4,3.6,1,2,2,0.287513299845159,0,0
28,32.3,30.3,1,5,3.4,1,1,1,0.24364889995195,0,0
28,32.3,30.3,1,6,3.2,1,1,2,0.20232450007461,0,0
28,32.3,30.3,1,7,3.2,0,2,1,2.37173009989783,0,0
28,32.3,30.3,1,8,3.8,1,1,2,0.232687399955466,0,0
28,32.3,30.3,1,9,3.8,1,1,1,0.459719400154427,0,0
28,32.3,30.3,1,10,3.6,1,2,2,0.345045800087973,0,0
28,32.3,30.3,1,11,3.6,1,2,1,0.360746500082314,0,0
28,32.3,30.3,1,12,3.4,1,1,2,0.884844799991697,0,0
28,32.3,30.3,1,13,3,1,2,1,0.203324900008738,0,0
28,32.3,30.3,1,14,3,1,2,2,0.202273599803448,0,0
28,32.3,30.3,1,15,2.8,1,2,1,1.3151536998339,0,0
28,32.3,30.3,1,16,2.8,1,1,2,NaN,1,0
28,32.3,30.3,1,17,2.4,0,1,1,0.2560260000173,0,0
28,32.3,30.3,1,18,3,1,1,2,0.347233899869025,0,0
28,32.3,30.3,1,19,3,1,2,1,3.73196309991181,0,0
28,32.3,30.3,1,20,3,1,1,2,0.202388700097799,0,0
28,32.3,30.3,1,21,3,1,1,1,0.202319100033492,0,0
28,32.3,30.3,1,22,3,1,1,2,0.223744900198653,0,0
28,32.3,30.3,1,23,2.8,1,2,1,0.202304399805143,0,0
28,32.3,30.3,1,24,2.8,1,2,2,0.202376600122079,0,0
28,32.3,30.3,1,25,2.4,1,1,1,0.202516900142655,0,0
28,32.3,30.3,1,26,2.2,1,2,2,0.202264499850571,1,0
28,32.3,30.3,1,27,2.2,1,2,1,NaN,0,0
28,32.3,30.3,1,28,2,1,1,2,0.202235899865627,0,0
28,32.3,31.3,1,1,2.6,1,1,1,0.27280419995077,0,0
28,32.3,31.3,1,2,2,1,1,2,0.308115899795666,0,0
28,32.3,31.3,1,3,1.8,1,2,1,0.319716400001198,0,0
28,32.3,31.3,1,4,1.4,1,2,2,0.259829999879003,0,0
28,32.3,31.3,1,5,1.2,0,2,1,0.37433769996278,0,0
28,32.3,31.3,1,6,2.2,1,1,2,0.202455500140786,0,0
28,32.3,31.3,1,7,2,1,1,1,0.202708199853078,0,0
28,32.3,31.3,1,8,1.8,1,2,2,0.202392700128257,0,0
28,32.3,31.3,1,9,1.6,1,2,1,0.202322699828073,0,0
28,32.3,31.3,1,10,1.6,1,1,2,0.202407300006598,0,0
28,32.3,31.3,1,11,1.6,1,2,1,0.202605099882931,0,0
28,32.3,31.3,1,12,1.4,1,1,2,0.202646700199693,0,0
28,32.3,31.3,1,13,1.4,1,2,1,0.202284300001338,0,0
28,32.3,31.3,1,14,1,1,1,2,0.388097299961373,0,0
28,32.3,31.3,1,15,1,1,1,1,0.202268299879506,0,0
28,32.3,31.3,1,16,1,0,2,2,2.59692699997686,0,0
28,32.3,31.3,1,17,1.4,0,1,1,0.460159699898213,0,0
28,32.3,31.3,1,18,1.6,1,2,2,0.297495200065896,0,0
28,32.3,31.3,1,19,1.6,1,1,1,0.261200200067833,0,0
28,32.3,31.3,1,20,1.6,1,2,2,0.202674200059846,0,0
28,32.3,31.3,1,21,1.6,1,2,1,0.612848800141364,0,0
28,32.3,31.3,1,22,1.6,1,1,2,0.26858099992387,0,0
28,32.3,31.3,1,23,1.6,1,2,1,0.210300699807703,0,0
28,32.3,31.3,1,24,1.2,1,1,2,0.289785100147128,0,0
28,32.3,31.3,1,25,1.2,0,1,1,0.310811500065029,0,0
28,32.3,31.3,1,26,1.6,1,2,2,0.202479799976572,0,0
28,32.3,31.3,1,27,1.6,1,2,1,0.427336600143462,0,0
28,32.3,31.3,1,28,1.6,1,2,2,0.202114599989727,0,0
28,32.3,31.3,1,29,1.6,1,1,1,0.30821799999103,0,0
28,32.3,31.3,1,30,1.2,1,1,2,1.09207540005445,0,0
28,32.3,32.3,1,1,2.6,1,1,1,0.321203700033948,0,0
28,32.3,32.3,1,2,2,1,2,2,0.866935199825093,0,0
28,32.3,32.3,1,3,1.8,0,1,1,0.243804699974135,0,0
28,32.3,32.3,1,4,3,1,2,2,1.70609979983419,0,0
28,32.3,32.3,1,5,2.8,1,2,1,0.96498109982349,0,0
28,32.3,32.3,1,6,2.6,0,1,2,0.243591699982062,0,0
28,32.3,32.3,1,7,3.6,1,2,1,1.32535239984281,0,0
28,32.3,32.3,1,8,3.4,1,2,2,0.289308999897912,0,0
28,32.3,32.3,1,9,3.2,1,1,1,0.280231499811634,0,0
28,32.3,32.3,1,10,3.2,0,2,2,0.298930900171399,0,0
28,32.3,32.3,1,11,4,0,1,1,0.510210299864411,0,0
28,32.3,32.3,1,12,4.8,1,1,2,1.46251620003022,0,0
28,32.3,32.3,1,13,4.8,0,1,1,0.529841999989003,0,0
28,32.3,32.3,1,14,5.6,0,2,2,2.32802130002528,0,0
28,32.3,32.3,1,15,6.4,1,2,1,0.338522299891338,0,0
28,32.3,32.3,1,16,6.4,1,1,2,2.0541195999831,0,1
28,32.3,32.3,1,17,5.2,1,2,1,1.99341710004956,0,0
28,32.3,32.3,1,18,5.2,1,1,2,0.432874500053003,0,0
28,32.3,32.3,1,19,5.2,0,1,1,1.3284987998195,0,0
28,32.3,32.3,1,20,6.6,1,2,2,0.203402400016785,0,0
28,32.3,32.3,1,21,6.6,0,2,1,0.329818699974567,0,0
28,32.3,32.3,1,22,6,1,2,2,0.635079800151289,0,0
28,32.3,32.3,1,23,7.4,1,1,1,0.242024299921468,0,0
28,32.3,32.3,1,24,5.2,0,1,2,0.400533200008795,0,0
28,32.3,32.3,1,25,7.4,1,2,1,0.26164979999885,0,0
28,32.3,32.3,1,26,7.4,1,2,2,0.203305299859494,0,0
28,32.3,32.3,1,27,7.4,0,1,1,0.316126900026575,0,0
28,32.3,32.3,1,28,8.8,1,2,2,0.295529499882832,0,0
28,32.3,32.3,1,29,6.2,1,1,1,1.80843079998158,0,1
28,32.3,32.3,1,30,8.8,1,1,2,1.24191260011867,0,0
28,32.3,33.3,1,1,2.6,1,2,1,2.41260410007089,0,0
28,32.3,33.3,1,2,2,1,2,2,1.73701989999972,0,0
28,32.3,33.3,1,3,1.8,0,1,1,1.92496520001441,0,0
28,32.3,33.3,1,4,3,0,1,2,0.74028249992989,0,0
28,32.3,33.3,1,5,4.2,0,1,1,0.326614700024948,0,0
28,32.3,33.3,1,6,5.2,1,2,2,0.328010200057179,0,0
28,32.3,33.3,1,7,5.2,1,2,1,1.40227529988624,0,0
28,32.3,33.3,1,8,5,0,1,2,0.33262600004673,0,0
28,32.3,33.3,1,9,5.8,0,1,1,0.429472599877045,0,0
28,32.3,33.3,1,10,6.6,1,2,2,0.306844499893486,0,0
28,32.3,33.3,1,11,6.4,0,1,1,3.32650649989955,0,1
28,32.3,33.3,1,12,7.2,1,2,2,0.405927000101656,0,0
28,32.3,33.3,1,13,7.2,0,1,1,NaN,1,0
28,32.3,33.3,1,14,7.8,1,1,2,1.42660200013779,0,0
28,32.3,33.3,1,15,6.6,0,1,1,0.461144500179216,0,0
28,32.3,33.3,1,16,8,1,2,2,3.36550429998897,0,0
28,32.3,33.3,1,17,8,1,2,1,0.34893439989537,0,0
28,32.3,33.3,1,18,8,1,2,2,0.64907839987427,0,0
28,32.3,33.3,1,19,8,1,1,1,0.289908099919558,0,1
28,32.3,33.3,1,20,8,1,1,2,0.406715899938717,0,0
28,32.3,33.3,1,21,6.6,1,2,1,0.381613400066271,0,0
28,32.3,33.3,1,22,6.4,1,2,2,0.260382500011474,0,0
28,32.3,33.3,1,23,6.2,1,1,1,3.18205319996923,0,1
28,32.3,33.3,1,24,6.2,1,2,2,0.378755700075999,0,0
28,32.3,33.3,1,25,6,1,1,1,3.02362929983065,0,1
28,32.3,33.3,1,26,5.8,1,2,2,0.476190900197253,0,0
28,32.3,33.3,1,27,5.6,1,2,1,0.466938100056723,0,0
28,32.3,33.3,1,28,5.4,1,1,2,0.537237400189042,0,0
28,32.3,33.3,1,29,5.4,1,2,1,0.299495999934152,0,0
28,32.3,34.3,1,1,2.6,1,2,1,NaN,1,0
28,32.3,34.3,1,2,2,0,1,2,0.64765049982816,0,0
28,32.3,34.3,1,3,3.4,0,2,1,1.56207390013151,1,0
28,32.3,34.3,1,4,4.6,1,1,2,NaN,0,0
28,32.3,34.3,1,5,4.4,1,2,1,0.489351199939847,0,0
28,32.3,34.3,1,6,4.2,1,1,2,0.307428899919614,0,0
28,32.3,34.3,1,7,4,1,1,1,0.756446900079027,0,0
28,32.3,34.3,1,8,4,1,2,2,0.798233800102025,0,0
28,32.3,34.3,1,9,3.8,1,1,1,0.268312900094315,0,0
28,32.3,34.3,1,10,3.2,0,2,2,0.959653999889269,0,0
28,32.3,34.3,1,11,4,1,2,1,0.269106299849227,0,0
28,32.3,34.3,1,12,4,0,1,2,0.407098700059578,0,0
28,32.3,34.3,1,13,4.6,1,1,1,0.591012499993667,0,0
28,32.3,34.3,1,14,4.6,0,2,2,1.63555140001699,0,0
28,32.3,34.3,1,15,5.2,0,2,1,1.88885230012238,0,0
28,32.3,34.3,1,16,6,1,1,2,0.395484199980274,0,0
28,32.3,34.3,1,17,6,0,1,1,0.66086780000478,0,0
28,32.3,34.3,1,18,6.6,1,2,2,0.348333099856973,0,0
28,32.3,34.3,1,19,5.6,1,1,1,1.48782250005752,0,0
28,32.3,34.3,1,20,5.6,1,1,2,0.605056300060824,0,0
28,32.3,34.3,1,21,5.4,1,2,1,0.90439820010215,0,0
28,32.3,34.3,1,22,5.4,1,2,2,0.367618799908087,0,0
28,32.3,34.3,1,23,5,0,2,1,1.12160089984536,0,0
28,32.3,34.3,1,24,7,1,1,2,1.45218689995818,0,0
28,32.3,34.3,1,25,7,1,2,1,3.31189140002243,0,0
28,32.3,34.3,1,26,7,1,2,2,0.51083720009774,0,0
28,32.3,34.3,1,27,7,1,1,1,0.591735700145364,0,1
28,32.3,34.3,1,28,5.6,0,1,2,0.449024899862707,0,0
29,32.5,30.5,0,1,1.8,1,1,1,0.817942599998787,0,0
29,32.5,30.5,0,2,1.6,1,2,2,0.342519400001038,0,0
29,32.5,30.5,0,3,1.2,1,1,1,0.793489200004842,0,0
29,32.5,30.5,0,4,1,1,2,2,0.264587400000892,0,0
29,32.5,30.5,0,5,0.8,1,1,1,0.278732300001138,0,0
29,32.5,30.5,0,6,0.6,1,2,2,0.334142899999279,0,0
29,32.5,30.5,0,7,0.4,1,2,1,0.241777100003674,0,0
29,32.5,30.5,0,8,0.4,1,1,2,0.264208900000085,0,0
29,32.5,30.5,0,9,0.4,1,2,1,0.854414500005078,0,0
29,32.5,30.5,0,10,0.2,1,1,2,0.319649599994591,0,0
29,32.5,30.5,0,11,0.2,1,1,1,0.358682599995518,0,0
29,32.5,30.5,0,12,0.2,1,2,2,1.2637251000051,0,0
29,32.5,30.5,0,13,0.2,0,2,1,0.9726143999942,0,0
29,32.5,30.5,0,14,0.4,1,2,2,0.642439899995225,0,0
29,32.5,30.5,0,15,0.4,0,1,1,0.613240799997584,0,0
29,32.5,30.5,0,16,0.6,1,2,2,0.285745000001043,0,0
29,32.5,30.5,0,17,0.6,1,1,1,0.365808900001866,0,0
29,32.5,30.5,0,18,0.6,0,1,2,1.51630930000101,0,0
29,32.5,30.5,0,19,0.8,1,2,1,0.861227800000052,0,0
29,32.5,30.5,0,20,0.8,1,2,2,0.243625499999325,0,0
29,32.5,30.5,0,21,0.8,0,1,1,0.595944900000177,0,0
29,32.5,30.5,0,22,1.2,1,1,2,0.2936492000008,0,0
29,32.5,30.5,0,23,1,1,2,1,0.402307200005453,0,0
29,32.5,30.5,0,24,1,1,1,2,0.331219499996223,0,0
29,32.5,30.5,0,25,0.6,0,1,1,0.333034600000246,0,0
29,32.5,30.5,0,26,1,1,2,2,1.08341849999852,0,0
29,32.5,30.5,0,27,1,1,2,1,0.435091700004705,0,0
29,32.5,30.5,0,28,1,1,2,2,0.288722899997083,0,0
29,32.5,30.5,0,29,1,1,1,1,0.483333199998015,0,0
29,32.5,30.5,0,30,1,1,1,2,0.300341200003459,0,0
29,32.5,31.5,0,1,1.8,1,1,1,0.298679799998354,0,0
29,32.5,31.5,0,2,1.6,1,2,2,0.298424200002046,0,0
29,32.5,31.5,0,3,1.2,1,2,1,0.384096000001591,0,0
29,32.5,31.5,0,4,1,1,1,2,0.466413499998453,0,0
29,32.5,31.5,0,5,0.8,1,2,1,0.389043399998627,0,0
29,32.5,31.5,0,6,0.6,1,1,2,0.253197900005034,0,0
29,32.5,31.5,0,7,0.4,1,1,1,0.260945799993351,0,0
29,32.5,31.5,0,8,0.4,1,2,2,0.347706200001994,0,0
29,32.5,31.5,0,9,0.4,1,2,1,0.389296499997727,0,0
29,32.5,31.5,0,10,0.2,0,1,2,0.52932989999681,0,0
29,32.5,31.5,0,11,0.4,1,2,1,0.406210599998303,0,0
29,32.5,31.5,0,12,0.4,1,1,2,0.644137099996442,0,0
29,32.5,31.5,0,13,0.4,1,1,1,0.202336499998637,0,0
29,32.5,31.5,0,14,0.4,1,1,2,0.638736400003836,0,0
29,32.5,31.5,0,15,0.4,1,2,1,0.556693800004723,0,0
29,32.5,31.5,0,16,0.4,1,2,2,0.399393699997745,0,0
29,32.5,31.5,0,17,0.4,1,1,1,0.324387699998624,0,0
29,32.5,31.5,0,18,0.4,1,2,2,0.313378400001966,0,0
29,32.5,31.5,0,19,0.4,1,1,1,0.314914399998088,0,0
29,32.5,31.5,0,20,0.4,1,1,2,0.355704599998717,0,0
29,32.5,31.5,0,21,0.4,1,2,1,0.301609000001918,0,0
29,32.5,31.5,0,22,0.4,1,1,2,0.285162600004696,0,0
29,32.5,31.5,0,23,0.4,1,2,1,0.360274799997569,0,0
29,32.5,31.5,0,24,0.4,1,2,2,0.432699299999513,0,0
29,32.5,31.5,0,25,0.2,1,2,1,0.38773349999974,0,0
29,32.5,31.5,0,26,0.2,1,1,2,0.340895000001183,0,0
29,32.5,31.5,0,27,0.2,0,1,1,0.501366399999824,0,0
29,32.5,31.5,0,28,0.4,1,2,2,0.448284899997816,0,0
29,32.5,31.5,0,29,0.4,1,1,1,0.336286800004018,0,0
29,32.5,31.5,0,30,0.4,1,2,2,0.639025699994818,0,0
29,32.5,32.5,0,1,1.8,1,2,1,0.56395469999552,0,0
29,32.5,32.5,0,2,1.6,1,2,2,0.318205199997465,0,0
29,32.5,32.5,0,3,1.2,1,1,1,0.248593799995433,0,0
29,32.5,32.5,0,4,1,1,2,2,0.266383800000767,0,0
29,32.5,32.5,0,5,0.8,1,1,1,0.266150200004631,0,0
29,32.5,32.5,0,6,0.6,0,1,2,0.436919799998577,0,0
29,32.5,32.5,0,7,1.2,1,2,1,0.364493199995195,0,0
29,32.5,32.5,0,8,1,1,1,2,0.285315200002515,0,0
29,32.5,32.5,0,9,1,1,1,1,0.340365399999428,0,0
29,32.5,32.5,0,10,1,1,2,2,0.28851730000315,0,0
29,32.5,32.5,0,11,0.8,1,1,1,0.303324699998484,0,0
29,32.5,32.5,0,12,0.8,1,2,2,0.388049699999101,0,0
29,32.5,32.5,0,13,0.8,1,2,1,0.346619500000088,0,0
29,32.5,32.5,0,14,0.8,1,1,2,0.284216200001538,0,0
29,32.5,32.5,0,15,0.8,1,1,1,0.390276300000551,0,0
29,32.5,32.5,0,16,0.8,1,1,2,0.326320799998939,0,0
29,32.5,32.5,0,17,0.4,1,2,1,0.3128932000036,0,0
29,32.5,32.5,0,18,0.4,1,2,2,0.30552130000433,0,0
29,32.5,32.5,0,19,0.4,1,2,1,1.29183879999619,0,0
29,32.5,32.5,0,20,0.4,1,1,2,0.301858300001186,0,0
29,32.5,32.5,0,21,0.4,1,2,1,0.397205599998415,0,0
29,32.5,32.5,0,22,0.4,1,1,2,0.394800599999144,0,0
29,32.5,32.5,0,23,0.2,1,2,1,0.257903400000941,0,0
29,32.5,32.5,0,24,0.2,1,1,2,0.594223000000056,0,0
29,32.5,32.5,0,25,0.2,0,1,1,0.570387700005085,0,0
29,32.5,32.5,0,26,0.4,1,2,2,0.517629500005569,0,0
29,32.5,32.5,0,27,0.4,1,1,1,0.359251400004723,0,0
29,32.5,32.5,0,28,0.4,1,1,2,0.410169900002074,0,0
29,32.5,32.5,0,29,0.4,1,2,1,0.261273899996013,0,0
29,32.5,32.5,0,30,0.4,1,2,2,0.378475500001514,0,0
29,32.5,33.5,0,1,1.8,1,2,1,2.10663150000619,0,0
29,32.5,33.5,0,2,1.6,1,1,2,0.29323039999872,0,0
29,32.5,33.5,0,3,1.2,1,1,1,0.297674800000095,0,0
29,32.5,33.5,0,4,1,1,1,2,NaN,1,0
29,32.5,33.5,0,5,0.8,1,2,1,3.1465234999996,0,0
29,32.5,33.5,0,6,0.6,1,2,2,0.362039700004971,0,0
29,32.5,33.5,0,7,0.4,1,1,1,0.363357400005043,0,0
29,32.5,33.5,0,8,0.4,1,1,2,0.738557900003798,0,0
29,32.5,33.5,0,9,0.4,1,2,1,0.416932699998142,0,0
29,32.5,33.5,0,10,0.2,1,2,2,0.66713339999842,0,0
29,32.5,33.5,0,11,0.2,1,1,1,0.278851700000814,0,0
29,32.5,33.5,0,12,0.2,1,2,2,0.516270899999654,0,0
29,32.5,33.5,0,13,0.2,0,1,1,0.493694199998572,0,0
29,32.5,33.5,0,14,0.4,1,2,2,1.46652039999753,0,0
29,32.5,33.5,0,15,0.4,1,1,1,0.272119200002635,0,0
29,32.5,33.5,0,16,0.4,1,1,2,0.282536999999138,0,0
29,32.5,33.5,0,17,0.4,1,2,1,0.238502699998207,0,0
29,32.5,33.5,0,18,0.4,1,2,2,0.2966849000004,0,0
29,32.5,33.5,0,19,0.4,1,1,1,0.249539999997069,0,0
29,32.5,33.5,0,20,0.2,1,2,2,1.29919040000095,0,0
29,32.5,33.5,0,21,0.2,0,2,1,0.831248299997242,0,0
29,32.5,33.5,0,22,0.4,1,1,2,0.517033000003721,0,0
29,32.5,33.5,0,23,0.4,1,1,1,0.305084899999201,0,0
29,32.5,33.5,0,24,0.4,1,2,2,0.259633299996494,0,0
29,32.5,33.5,0,25,0.4,1,1,1,0.335549000003084,0,0
29,32.5,33.5,0,26,0.4,1,1,2,0.447675600000366,0,0
29,32.5,33.5,0,27,0.4,1,2,1,0.502103499995428,0,0
29,32.5,33.5,0,28,0.4,1,2,2,0.338982100001886,0,0
29,32.5,33.5,0,29,0.4,0,2,1,0.202361400006339,0,0
29,32.5,34.5,0,1,1.8,1,1,1,2.88337119999778,0,0
29,32.5,34.5,0,2,1.6,1,1,2,0.597809600003529,0,0
29,32.5,34.5,0,3,1.2,1,2,1,0.416790399998717,0,0
29,32.5,34.5,0,4,1,1,1,2,0.319532299996354,0,0
29,32.5,34.5,0,5,0.8,1,2,1,0.26145780000661,0,0
29,32.5,34.5,0,6,0.6,1,2,2,0.393038599999272,0,0
29,32.5,34.5,0,7,0.4,1,1,1,1.58556980000139,0,0
29,32.5,34.5,0,8,0.4,1,1,2,0.349354999998468,0,0
29,32.5,34.5,0,9,0.4,1,2,1,0.30861890000233,0,0
29,32.5,34.5,0,10,0.2,0,2,2,1.22594550000213,0,0
29,32.5,34.5,0,11,0.4,1,1,1,0.326297400002659,0,0
29,32.5,34.5,0,12,0.4,1,2,2,0.258185799997591,0,0
29,32.5,34.5,0,13,0.4,1,2,1,0.430456599999161,0,0
29,32.5,34.5,0,14,0.4,1,1,2,0.336476800002856,0,0
29,32.5,34.5,0,15,0.4,1,2,1,0.29481510000187,0,0
29,32.5,34.5,0,16,0.4,1,1,2,0.276013499998953,0,0
29,32.5,34.5,0,17,0.4,1,1,1,0.374752499999886,0,0
29,32.5,34.5,0,18,0.4,1,2,2,0.35865009999543,0,0
29,32.5,34.5,0,19,0.4,1,2,1,0.298430700000608,0,0
29,32.5,34.5,0,20,0.4,0,1,2,2.9916951999985,0,0
29,32.5,34.5,0,21,0.4,1,2,1,0.263090200001898,0,0
29,32.5,34.5,0,22,0.4,1,2,2,0.421187899999495,0,0
29,32.5,34.5,0,23,0.4,0,1,1,1.96685579999757,0,0
29,32.5,34.5,0,24,0.6,1,1,2,0.306897000002209,0,0
29,32.5,34.5,0,25,0.4,1,1,1,0.352233400000841,0,0
29,32.5,34.5,0,26,0.4,0,1,2,0.405538400002115,0,0
29,32.5,34.5,0,27,0.6,1,1,1,0.319696999998996,0,0
29,32.5,34.5,0,28,0.6,1,2,2,0.427047499993932,0,0
29,32.5,34.5,0,29,0.6,1,2,1,0.279079199994158,0,0
29,32.5,34.5,0,30,0.6,1,2,2,0.873387799998454,0,0
29,32.5,30.5,1,1,2.6,1,1,1,0.517946300002222,0,0
29,32.5,30.5,1,2,2,0,1,2,0.344151400000555,0,0
29,32.5,30.5,1,3,3.4,1,2,1,0.387630299999728,0,0
29,32.5,30.5,1,4,3.2,1,1,2,0.775138800003333,0,0
29,32.5,30.5,1,5,3,1,2,1,0.319276200003515,0,0
29,32.5,30.5,1,6,2.8,1,2,2,0.470539299996744,0,0
29,32.5,30.5,1,7,2.6,1,2,1,0.512394999997923,0,0
29,32.5,30.5,1,8,2.6,1,1,2,0.268694300000789,0,0
29,32.5,30.5,1,9,2.4,1,2,1,0.751450599993404,0,0
29,32.5,30.5,1,10,2.2,1,1,2,0.389106499998888,0,0
29,32.5,30.5,1,11,2.2,1,2,1,0.243464799998037,0,0
29,32.5,30.5,1,12,1.8,1,1,2,0.202370200000587,0,0
29,32.5,30.5,1,13,1.8,0,1,1,0.372517700001481,0,0
29,32.5,30.5,1,14,2.4,1,2,2,0.362911600001098,0,0
29,32.5,30.5,1,15,2.2,0,1,1,0.316061600002286,0,0
29,32.5,30.5,1,16,2.6,1,1,2,0.267257999999856,0,0
29,32.5,30.5,1,17,2.4,1,2,1,1.15683069999795,0,0
29,32.5,30.5,1,18,2.4,1,2,2,0.221228800000972,0,0
29,32.5,30.5,1,19,2.4,0,2,1,2.5376047000027,0,0
29,32.5,30.5,1,20,2.8,1,1,2,0.233300699997926,0,0
29,32.5,30.5,1,21,2.6,1,2,1,0.633606299998064,0,0
29,32.5,30.5,1,22,2.6,1,2,2,0.295323899998039,0,0
29,32.5,30.5,1,23,2.6,1,1,1,0.62565899999754,0,0
29,32.5,30.5,1,24,2.6,0,1,2,0.296551499995985,0,0
29,32.5,30.5,1,25,3,1,2,1,0.538139799995406,0,0
29,32.5,30.5,1,26,2.8,1,2,2,3.73248159999639,0,0
29,32.5,30.5,1,27,2.8,1,1,1,0.320950900000753,0,0
29,32.5,30.5,1,28,2.8,1,1,2,0.39600000000064,0,0
29,32.5,30.5,1,29,2.8,1,2,1,2.35339869999734,0,0
29,32.5,30.5,1,30,2.6,1,1,2,0.202480799998739,0,0
29,32.5,31.5,1,1,2.6,0,1,1,0.294927499999176,0,0
29,32.5,31.5,1,2,4,1,1,2,0.231924300001992,0,0
29,32.5,31.5,1,3,3.8,1,2,1,0.284053800001857,0,0
29,32.5,31.5,1,4,3.6,1,1,2,0.295308699998714,0,0
29,32.5,31.5,1,5,3.4,1,2,1,0.303821400004381,0,0
29,32.5,31.5,1,6,3.2,1,2,2,0.325001500001235,0,0
29,32.5,31.5,1,7,3.2,1,2,1,0.316298700003244,0,0
29,32.5,31.5,1,8,3,1,2,2,0.334041300004174,0,0
29,32.5,31.5,1,9,2.8,1,1,1,1.12148539999907,0,0
29,32.5,31.5,1,10,2.4,1,2,2,0.291839600002277,0,0
29,32.5,31.5,1,11,2.2,1,1,1,0.519710500004294,0,0
29,32.5,31.5,1,12,2,1,1,2,0.39381560000038,0,0
29,32.5,31.5,1,13,1.8,1,1,1,0.262575000000652,0,0
29,32.5,31.5,1,14,1.6,1,1,2,0.310791299998527,0,0
29,32.5,31.5,1,15,1.4,1,2,1,0.90448550000292,0,0
29,32.5,31.5,1,16,1.2,0,2,2,2.22366680000414,0,0
29,32.5,31.5,1,17,2,1,2,1,0.365296100004343,0,0
29,32.5,31.5,1,18,1.8,0,1,2,2.23222859999805,0,0
29,32.5,31.5,1,19,2.4,0,1,1,0.80531389999669,0,0
29,32.5,31.5,1,20,3,1,2,2,0.326491400002851,0,0
29,32.5,31.5,1,21,3,0,2,1,0.651590199995553,0,0
29,32.5,31.5,1,22,3.6,1,1,2,0.345913800003473,0,0
29,32.5,31.5,1,23,3.4,1,1,1,0.284315299999435,0,0
29,32.5,31.5,1,24,3.4,1,2,2,0.303550600001472,0,0
29,32.5,31.5,1,25,2.8,1,1,1,0.473451199999545,0,0
29,32.5,31.5,1,26,2.8,0,2,2,0.479507199997897,0,0
29,32.5,31.5,1,27,3.4,0,1,1,1.49183279999852,0,0
29,32.5,31.5,1,28,4,1,2,2,0.441133600004832,0,0
29,32.5,31.5,1,29,4,1,1,1,0.400732999994943,0,0
29,32.5,31.5,1,30,4,1,2,2,0.353575099994487,0,0
29,32.5,32.5,1,1,2.6,1,1,1,0.657581799998297,0,0
29,32.5,32.5,1,2,2,1,2,2,0.312619799995446,0,0
29,32.5,32.5,1,3,1.8,1,2,1,0.407192999999097,0,0
29,32.5,32.5,1,4,1.4,1,2,2,0.420468099997379,0,0
29,32.5,32.5,1,5,1.2,1,1,1,1.5055715999988,0,0
29,32.5,32.5,1,6,1,0,1,2,0.958195699997304,0,0
29,32.5,32.5,1,7,1.8,0,1,1,0.323828599997796,0,0
29,32.5,32.5,1,8,2.8,1,2,2,0.202374899999995,0,0
29,32.5,32.5,1,9,2.6,1,2,1,0.679176199999347,0,0
29,32.5,32.5,1,10,2.4,1,1,2,0.311851700003899,0,0
29,32.5,32.5,1,11,2.2,1,1,1,0.313591600002837,0,0
29,32.5,32.5,1,12,2.2,1,2,2,0.350976000001538,0,0
29,32.5,32.5,1,13,2,1,2,1,0.260097600003064,0,0
29,32.5,32.5,1,14,1.6,1,1,2,1.12981629999558,0,0
29,32.5,32.5,1,15,1.6,1,2,1,0.773214399996505,0,0
29,32.5,32.5,1,16,1.6,1,1,2,0.317889699996158,0,0
29,32.5,32.5,1,17,1.4,0,1,1,0.994163799994567,0,0
29,32.5,32.5,1,18,2,1,2,2,0.804398400003265,0,0
29,32.5,32.5,1,19,1.6,1,2,1,0.332276699999056,0,0
29,32.5,32.5,1,20,1.6,1,1,2,0.362675500000478,0,0
29,32.5,32.5,1,21,1.6,1,2,1,0.266105599999719,0,0
29,32.5,32.5,1,22,1.6,1,2,2,2.4474682,0,0
29,32.5,32.5,1,23,1.6,1,1,1,1.0342354999957,0,0
29,32.5,32.5,1,24,1.6,1,1,2,0.319800600002054,0,0
29,32.5,32.5,1,25,1.6,1,1,1,0.353811299995868,0,0
29,32.5,32.5,1,26,1.2,0,1,2,0.928350599999249,0,0
29,32.5,32.5,1,27,1.6,1,1,1,2.03806749999785,0,0
29,32.5,32.5,1,28,1.6,1,2,2,0.309512099993299,0,0
29,32.5,32.5,1,29,1.6,1,2,1,1.22870449999755,0,0
29,32.5,32.5,1,30,1.6,1,2,2,1.4268790999995,0,0
29,32.5,33.5,1,1,2.6,1,1,1,0.250097600001027,0,0
29,32.5,33.5,1,2,2,1,1,2,0.231767799996305,0,0
29,32.5,33.5,1,3,1.8,1,1,1,0.337504199997056,0,0
29,32.5,33.5,1,4,1.4,1,2,2,0.287540700002864,0,0
29,32.5,33.5,1,5,1.2,1,2,1,0.42372400000022,0,0
29,32.5,33.5,1,6,1,1,2,2,0.522902899996552,0,0
29,32.5,33.5,1,7,0.8,1,2,1,0.285366900003282,0,0
29,32.5,33.5,1,8,0.6,1,2,2,1.09097219999967,0,0
29,32.5,33.5,1,9,0.6,1,1,1,2.73212669999339,0,0
29,32.5,33.5,1,10,0.4,0,2,2,1.17619949999789,0,0
29,32.5,33.5,1,11,0.8,0,1,1,1.17931269999826,0,0
29,32.5,33.5,1,12,1.4,1,1,2,0.329900700002327,0,0
29,32.5,33.5,1,13,1.2,1,2,1,NaN,1,0
29,32.5,33.5,1,14,1.2,1,2,2,0.371638099997654,2,0
29,32.5,33.5,1,15,1,1,1,1,NaN,0,0
29,32.5,33.5,1,16,1,1,1,2,NaN,1,0
29,32.5,33.5,1,17,1,1,2,1,0.359434799996961,1,0
29,32.5,33.5,1,18,1,1,1,2,0.20239899999433,0,0
29,32.5,33.5,1,19,0.8,1,2,1,NaN,1,0
29,32.5,33.5,1,20,0.6,1,2,2,0.276216199999908,0,0
29,32.5,33.5,1,21,0.6,0,1,1,NaN,0,0
29,32.5,33.5,1,22,1,1,1,2,0.263196899999457,0,0
29,32.5,33.5,1,23,1,0,2,1,0.720484400000714,0,0
29,32.5,33.5,1,24,1.2,1,1,2,NaN,0,0
29,32.5,34.5,1,1,2.6,1,1,1,0.270637699999497,0,0
29,32.5,34.5,1,2,2,1,1,2,0.333124699995096,0,0
29,32.5,34.5,1,3,1.8,1,2,1,0.888884600004531,0,0
29,32.5,34.5,1,4,1.4,1,1,2,1.74339180000243,0,0
29,32.5,34.5,1,5,1.2,1,2,1,0.509199200001603,0,0
29,32.5,34.5,1,6,1,1,2,2,0.457085200003348,0,0
29,32.5,34.5,1,7,0.8,1,2,1,0.42397930000152,0,0
29,32.5,34.5,1,8,0.6,1,1,2,0.349901699999464,0,0
29,32.5,34.5,1,9,0.6,0,2,1,0.321168499998748,0,0
29,32.5,34.5,1,10,1,1,1,2,0.833739700006845,0,0
29,32.5,34.5,1,11,1,0,1,1,0.446422100001655,0,0
29,32.5,34.5,1,12,1.6,1,2,2,0.506554300001881,0,0
29,32.5,34.5,1,13,1.4,0,2,1,0.365266300002986,0,0
29,32.5,34.5,1,14,2.2,1,1,2,0.555416900002456,0,0
29,32.5,34.5,1,15,2,1,1,1,0.306285900005605,0,0
29,32.5,34.5,1,16,1.8,1,1,2,0.259893900001771,0,0
29,32.5,34.5,1,17,1.8,1,2,1,0.334943199995905,0,0
29,32.5,34.5,1,18,1.6,1,2,2,0.343553200000315,0,0
29,32.5,34.5,1,19,1.6,1,1,1,0.686194900001283,0,0
29,32.5,34.5,1,20,1.2,1,2,2,0.486499299993739,0,0
29,32.5,34.5,1,21,1.2,1,1,1,2.11093089999486,0,0
29,32.5,34.5,1,22,1.2,0,1,2,2.73174470000231,0,0
29,32.5,34.5,1,23,1.6,1,2,1,0.537750499999675,0,0
29,32.5,34.5,1,24,1.6,1,2,2,0.46750400000019,0,0
29,32.5,34.5,1,25,1.6,1,1,1,1.2953378999955,0,0
29,32.5,34.5,1,26,1.2,1,2,2,0.361928099999204,0,0
29,32.5,34.5,1,27,1.2,0,1,1,1.8075147999989,0,0
29,32.5,34.5,1,28,1.6,1,1,2,0.254519799993432,0,0
29,32.5,34.5,1,29,1.6,1,2,1,0.459356799998204,0,0
29,32.5,34.5,1,30,1.6,1,2,2,0.313388800001121,0,0
30,32.1,30.1,0,1,1.8,1,1,1,0.840323400043417,0,0
30,32.1,30.1,0,2,1.6,1,2,2,0.560093600011896,0,0
30,32.1,30.1,0,3,1.2,1,1,1,0.525624500005506,0,0
30,32.1,30.1,0,4,1,1,1,2,0.428785600000992,0,0
30,32.1,30.1,0,5,0.8,1,2,1,0.424692700034939,0,0
30,32.1,30.1,0,6,0.6,1,2,2,0.706129700003657,0,0
30,32.1,30.1,0,7,0.4,1,2,1,0.663890499970876,0,0
30,32.1,30.1,0,8,0.4,1,1,2,0.549815399979707,0,0
30,32.1,30.1,0,9,0.4,1,1,1,1.86057590000564,0,0
30,32.1,30.1,0,10,0.2,1,1,2,0.563964300032239,0,0
30,32.1,30.1,0,11,0.2,1,2,1,0.384270200040191,0,0
30,32.1,30.1,0,12,0.2,1,2,2,0.83026219997555,0,0
30,32.1,30.1,0,13,0.2,0,2,1,0.802487699955236,0,0
30,32.1,30.1,0,14,0.4,1,1,2,0.544680200051516,0,0
30,32.1,30.1,0,15,0.4,1,2,1,0.509634900023229,0,0
30,32.1,30.1,0,16,0.4,1,2,2,0.456230500014499,0,0
30,32.1,30.1,0,17,0.4,1,1,1,0.461197700002231,0,0
30,32.1,30.1,0,18,0.4,1,1,2,0.574580999964382,0,0
30,32.1,30.1,0,19,0.4,1,2,1,0.654951100004837,0,0
30,32.1,30.1,0,20,0.2,1,1,2,0.44025959999999,0,0
30,32.1,30.1,0,21,0.2,0,1,1,1.79735670000082,0,0
30,32.1,30.1,0,22,0.4,1,1,2,0.385547400044743,0,0
30,32.1,30.1,0,23,0.4,1,2,1,0.358476499968674,0,0
30,32.1,30.1,0,24,0.4,1,2,2,0.333808900031727,0,0
30,32.1,30.1,0,25,0.4,1,2,1,0.453207299986389,0,0
30,32.1,30.1,0,26,0.4,1,2,2,0.613339400035329,0,0
30,32.1,30.1,0,27,0.4,1,2,1,0.420559000049252,0,0
30,32.1,30.1,0,28,0.4,1,1,2,0.359905099961907,0,0
30,32.1,30.1,0,29,0.4,1,1,1,0.593684199964628,0,0
30,32.1,30.1,0,30,0.4,1,1,2,0.396288999996614,0,0
30,32.1,31.1,0,1,1.8,1,1,1,0.746810399985407,0,0
30,32.1,31.1,0,2,1.6,1,1,2,0.656145599961746,0,0
30,32.1,31.1,0,3,1.2,1,2,1,0.393641699978616,0,0
30,32.1,31.1,0,4,1,1,2,2,0.457991400035098,0,0
30,32.1,31.1,0,5,0.8,1,2,1,0.471059400006197,0,0
30,32.1,31.1,0,6,0.6,1,1,2,0.376052800042089,0,0
30,32.1,31.1,0,7,0.4,1,2,1,0.547682099975646,0,0
30,32.1,31.1,0,8,0.4,1,2,2,0.447331800009124,0,0
30,32.1,31.1,0,9,0.4,1,2,1,0.201669899979606,0,0
30,32.1,31.1,0,10,0.2,0,1,2,2.0434412000468,0,0
30,32.1,31.1,0,11,0.4,1,1,1,0.574965499981772,0,0
30,32.1,31.1,0,12,0.4,1,1,2,0.476078899984714,0,0
30,32.1,31.1,0,13,0.4,1,2,1,0.403775800019503,0,0
30,32.1,31.1,0,14,0.4,1,2,2,0.546405400033109,0,0
30,32.1,31.1,0,15,0.4,1,1,1,0.961223999969661,0,0
30,32.1,31.1,0,16,0.4,1,1,2,0.37074790004408,0,0
30,32.1,31.1,0,17,0.4,1,2,1,0.475981299998239,0,0
30,32.1,31.1,0,18,0.4,1,1,2,0.375987700012047,0,0
30,32.1,31.1,0,19,0.4,1,1,1,0.562470500008203,0,0
30,32.1,31.1,0,20,0.4,1,1,2,0.751790600013919,0,0
30,32.1,31.1,0,21,0.4,1,1,1,0.458753400016576,0,0
30,32.1,31.1,0,22,0.4,1,2,2,0.282042099977843,0,0
30,32.1,31.1,0,23,0.4,1,2,1,0.434634800010826,0,0
30,32.1,31.1,0,24,0.4,1,2,2,0.356673999980558,0,0
30,32.1,31.1,0,25,0.2,1,1,1,0.640953299996909,0,0
30,32.1,31.1,0,26,0.2,0,1,2,0.794784500030801,0,0
30,32.1,31.1,0,27,0.4,0,2,1,0.428204399999231,0,0
30,32.1,31.1,0,28,0.4,1,1,2,0.368177100026514,0,0
30,32.1,31.1,0,29,0.4,1,2,1,0.362416699994355,0,0
30,32.1,31.1,0,30,0.4,1,2,2,0.457858600013424,0,0
30,32.1,32.1,0,1,1.8,1,2,1,0.529284599993844,0,0
30,32.1,32.1,0,2,1.6,1,1,2,0.384727200027555,0,0
30,32.1,32.1,0,3,1.2,1,1,1,0.323384599993005,0,0
30,32.1,32.1,0,4,1,1,2,2,0.481956900039222,0,0
30,32.1,32.1,0,5,0.8,1,1,1,0.350145699980203,0,0
30,32.1,32.1,0,6,0.6,1,2,2,0.942977099970449,0,0
30,32.1,32.1,0,7,0.4,1,1,1,NaN,1,0
30,32.1,32.1,0,8,0.4,1,1,2,0.489874699967913,0,0
30,32.1,32.1,0,9,0.4,1,2,1,0.631981500016991,0,0
30,32.1,32.1,0,10,0.2,0,2,2,0.552375500032213,0,0
30,32.1,32.1,0,11,0.4,1,1,1,1.71016469999449,0,0
30,32.1,32.1,0,12,0.4,1,2,2,0.407787300006021,0,0
30,32.1,32.1,0,13,0.4,1,2,1,0.495946199982427,0,0
30,32.1,32.1,0,14,0.4,1,1,2,1.67364900000393,0,0
30,32.1,32.1,0,15,0.4,1,2,1,0.49803899996914,0,0
30,32.1,32.1,0,16,0.4,1,2,2,0.568818499974441,0,0
30,32.1,32.1,0,17,0.4,1,1,1,0.744216300023254,0,0
30,32.1,32.1,0,18,0.4,1,1,2,1.78552620002301,0,0
30,32.1,32.1,0,19,0.4,1,2,1,0.649315599992406,0,0
30,32.1,32.1,0,20,0.4,1,1,2,0.608484099968337,0,0
30,32.1,32.1,0,21,0.4,0,2,1,0.624911200022325,0,0
30,32.1,32.1,0,22,0.4,1,1,2,1.20716839999659,0,0
30,32.1,32.1,0,23,0.4,1,1,1,0.640802600013558,0,0
30,32.1,32.1,0,24,0.4,1,2,2,0.439793900004588,0,0
30,32.1,32.1,0,25,0.4,1,2,1,0.45617580000544,0,0
30,32.1,32.1,0,26,0.4,1,2,2,0.473721899965312,0,0
30,32.1,32.1,0,27,0.4,1,1,1,0.553710500011221,0,0
30,32.1,32.1,0,28,0.4,1,2,2,0.432423099991865,0,0
30,32.1,32.1,0,29,0.4,1,1,1,0.859829100023489,0,0
30,32.1,33.1,0,1,1.8,1,2,1,0.438898499996867,0,0
30,32.1,33.1,0,2,1.6,1,1,2,0.532982200034894,0,0
30,32.1,33.1,0,3,1.2,1,2,1,0.329672699968796,0,0
30,32.1,33.1,0,4,1,1,2,2,0.489939099992625,0,0
30,32.1,33.1,0,5,0.8,1,1,1,0.745844100019895,0,0
30,32.1,33.1,0,6,0.6,1,1,2,1.36977150000166,0,0
30,32.1,33.1,0,7,0.4,1,2,1,1.4426145000034,0,0
30,32.1,33.1,0,8,0.4,1,1,2,0.738401699985843,0,0
30,32.1,33.1,0,9,0.4,1,1,1,0.702239299949724,0,0
30,32.1,33.1,0,10,0.2,1,1,2,0.92908480000915,0,0
30,32.1,33.1,0,11,0.2,0,2,1,1.65219259995501,0,0
30,32.1,33.1,0,12,0.4,1,2,2,0.722054700017907,0,0
30,32.1,33.1,0,13,0.4,1,2,1,0.416907499951776,0,0
30,32.1,33.1,0,14,0.4,1,2,2,0.706082499993499,0,0
30,32.1,33.1,0,15,0.4,1,1,1,0.484862199984491,0,0
30,32.1,33.1,0,16,0.4,1,2,2,0.738081999996211,0,0
30,32.1,33.1,0,17,0.4,1,1,1,0.691922500031069,0,0
30,32.1,33.1,0,18,0.4,0,1,2,2.88835019996623,0,0
30,32.1,33.1,0,19,0.4,1,1,1,0.435264400031883,0,0
30,32.1,33.1,0,20,0.4,1,2,2,0.448732000018936,0,0
30,32.1,33.1,0,21,0.4,1,1,1,0.870711800002027,0,0
30,32.1,33.1,0,22,0.4,1,2,2,0.505932500003837,0,0
30,32.1,33.1,0,23,0.4,1,2,1,0.473252099996898,0,0
30,32.1,33.1,0,24,0.4,1,1,2,0.462827600014862,0,0
30,32.1,33.1,0,25,0.4,1,2,1,0.569327500008512,0,0
30,32.1,33.1,0,26,0.4,1,1,2,1.87549050000962,0,0
30,32.1,33.1,0,27,0.4,1,1,1,0.513174299965613,0,0
30,32.1,33.1,0,28,0.4,0,2,2,1.33504090004135,0,0
30,32.1,33.1,0,29,0.4,1,1,1,0.512284600001294,0,0
30,32.1,33.1,0,30,0.4,1,2,2,1.16266780003207,0,0
30,32.1,34.1,0,1,1.8,0,1,1,NaN,1,0
30,32.1,34.1,0,2,3.2,1,1,2,0.443886999972165,0,0
30,32.1,34.1,0,3,3,1,2,1,3.67607919999864,1,0
30,32.1,34.1,0,4,2.6,1,1,2,NaN,0,0
30,32.1,34.1,0,5,2.6,1,2,1,0.47198810003465,0,0
30,32.1,34.1,0,6,2.4,1,2,2,0.807460200041533,0,0
30,32.1,34.1,0,7,2.2,1,1,1,0.578545600001235,0,0
30,32.1,34.1,0,8,2.2,1,1,2,0.63772689999314,0,0
30,32.1,34.1,0,9,2.2,1,2,1,2.95245590002742,0,0
30,32.1,34.1,0,10,1.6,1,2,2,0.428649100009352,0,0
30,32.1,34.1,0,11,1.6,1,1,1,0.446959400025662,0,0
30,32.1,34.1,0,12,1.4,1,2,2,0.543893199996091,0,0
30,32.1,34.1,0,13,1.4,1,2,1,0.515456099994481,0,0
30,32.1,34.1,0,14,1,1,1,2,0.386178699962329,0,0
30,32.1,34.1,0,15,1,1,2,1,0.613396200002171,0,0
30,32.1,34.1,0,16,0.8,1,2,2,1.16808789997594,0,0
30,32.1,34.1,0,17,0.6,1,1,1,0.540146699990146,1,0
30,32.1,34.1,0,18,0.6,1,1,2,0.45730489998823,0,0
30,32.1,34.1,0,19,0.4,1,1,1,NaN,0,0
30,32.1,34.1,0,20,0.4,0,1,2,0.383990500005893,0,0
30,32.1,34.1,0,21,0.8,1,2,1,0.738026500039268,0,0
30,32.1,34.1,0,22,0.6,1,2,2,1.39923450001515,0,0
30,32.1,34.1,0,23,0.6,1,1,1,1.74629859998822,0,0
30,32.1,34.1,0,24,0.6,1,2,2,1.13716179999756,0,0
30,32.1,34.1,0,25,0.6,1,1,1,0.494489200005773,0,0
30,32.1,34.1,0,26,0.6,1,2,2,0.611892800021451,0,0
30,32.1,34.1,0,27,0.6,1,2,1,0.400105100008659,0,0
30,32.1,30.1,1,1,2.6,0,1,1,2.56838030001381,0,0
30,32.1,30.1,1,2,4,1,2,2,0.355533800029662,0,0
30,32.1,30.1,1,3,3.8,1,2,1,0.398897500010207,0,0
30,32.1,30.1,1,4,3.6,1,2,2,0.799202299967874,0,0
30,32.1,30.1,1,5,3.4,1,1,1,0.697345199994743,0,0
30,32.1,30.1,1,6,3.2,1,1,2,0.826821199967526,0,0
30,32.1,30.1,1,7,3.2,1,1,1,1.2482135000173,0,0
30,32.1,30.1,1,8,3,1,1,2,0.752682400052436,0,0
30,32.1,30.1,1,9,2.8,0,2,1,1.61310640000738,0,0
30,32.1,30.1,1,10,3.4,1,1,2,0.522775300021749,0,0
30,32.1,30.1,1,11,3.2,1,2,1,0.41795179998735,0,0
30,32.1,30.1,1,12,3.2,1,2,2,0.442295700020622,0,0
30,32.1,30.1,1,13,3.2,1,1,1,0.390180199989118,0,0
30,32.1,30.1,1,14,3,1,2,2,0.412356899993028,0,0
30,32.1,30.1,1,15,3,1,1,1,0.34303310001269,0,0
30,32.1,30.1,1,16,3,0,2,2,0.623270299984142,0,0
30,32.1,30.1,1,17,3.4,0,2,1,0.722901700006332,0,0
30,32.1,30.1,1,18,3.8,1,1,2,0.371638699958567,0,0
30,32.1,30.1,1,19,3.8,1,1,1,0.412021500000264,0,0
30,32.1,30.1,1,20,3.8,1,2,2,0.494938799994998,0,0
30,32.1,30.1,1,21,3.6,0,1,1,0.887435299984645,0,0
30,32.1,30.1,1,22,4.2,1,2,2,0.319928700046148,0,0
30,32.1,30.1,1,23,4.2,1,1,1,0.343989800021518,0,0
30,32.1,30.1,1,24,4.2,0,2,2,0.965553700050805,0,0
30,32.1,30.1,1,25,4.8,1,2,1,1.60801610001363,0,0
30,32.1,30.1,1,26,4.8,1,1,2,0.411183900025208,0,0
30,32.1,30.1,1,27,4.8,1,2,1,0.423221500008367,0,0
30,32.1,30.1,1,28,4.6,1,2,2,0.49405050004134,0,0
30,32.1,30.1,1,29,4.6,0,1,1,0.861645099997986,0,0
30,32.1,30.1,1,30,5.4,1,1,2,0.483433799992781,0,0
30,32.1,31.1,1,1,2.6,1,1,1,0.375311399984639,0,0
30,32.1,31.1,1,2,2,1,2,2,0.286380100005772,0,0
30,32.1,31.1,1,3,1.8,1,2,1,0.409797800006345,0,0
30,32.1,31.1,1,4,1.4,1,2,2,0.968556999985594,0,0
30,32.1,31.1,1,5,1.2,1,1,1,0.657447700039484,0,0
30,32.1,31.1,1,6,1,0,1,2,3.48311540001305,0,0
30,32.1,31.1,1,7,1.8,1,2,1,1.10386419994757,0,0
30,32.1,31.1,1,8,1.6,0,1,2,1.91409400000703,0,0
30,32.1,31.1,1,9,2.4,1,1,1,0.513931099965703,0,0
30,32.1,31.1,1,10,2.2,1,2,2,0.439991499995813,0,0
30,32.1,31.1,1,11,2.2,1,1,1,1.09655740001472,0,0
30,32.1,31.1,1,12,2,1,2,2,0.312465799972415,0,0
30,32.1,31.1,1,13,2,1,2,1,0.427200700039975,0,0
30,32.1,31.1,1,14,1.8,1,2,2,0.318212899961509,0,0
30,32.1,31.1,1,15,1.8,1,1,1,2.52226759999758,0,0
30,32.1,31.1,1,16,1.4,0,1,2,0.719786700035911,0,0
30,32.1,31.1,1,17,1.8,1,2,1,0.392279599967878,0,0
30,32.1,31.1,1,18,1.8,1,1,2,0.409640999976546,0,0
30,32.1,31.1,1,19,1.8,1,1,1,0.490458199987188,0,0
30,32.1,31.1,1,20,1.8,0,1,2,0.401080000039656,0,0
30,32.1,31.1,1,21,2,1,2,1,0.761183900001924,0,0
30,32.1,31.1,1,22,2,1,2,2,0.521456699992996,0,0
30,32.1,31.1,1,23,2,1,2,1,0.635199300013483,0,0
30,32.1,31.1,1,24,2,0,1,2,1.9271807000041,0,0
30,32.1,31.1,1,25,2.2,1,2,1,0.769018100050744,0,0
30,32.1,31.1,1,26,2.2,1,1,2,0.451272999984212,0,0
30,32.1,31.1,1,27,2.2,0,1,1,1.52799060003599,0,0
30,32.1,31.1,1,28,2.6,1,1,2,0.601819500036072,0,0
30,32.1,31.1,1,29,2.6,1,2,1,0.321527099993546,0,0
30,32.1,31.1,1,30,2.6,1,2,2,0.406622499984223,0,0
30,32.1,32.1,1,1,2.6,1,1,1,0.510128700057976,0,0
30,32.1,32.1,1,2,2,1,2,2,0.416062500036787,0,0
30,32.1,32.1,1,3,1.8,1,2,1,0.83341990003828,0,0
30,32.1,32.1,1,4,1.4,1,2,2,0.724796299997251,0,0
30,32.1,32.1,1,5,1.2,0,1,1,1.12476969999261,0,0
30,32.1,32.1,1,6,2.2,1,1,2,0.45739609998418,0,0
30,32.1,32.1,1,7,2,1,2,1,0.483033699973021,0,0
30,32.1,32.1,1,8,1.8,1,1,2,0.360380999976769,0,0
30,32.1,32.1,1,9,1.6,1,1,1,1.15006030001678,0,0
30,32.1,32.1,1,10,1.6,1,2,2,0.448475899989717,0,0
30,32.1,32.1,1,11,1.6,1,1,1,0.430512599996291,0,0
30,32.1,32.1,1,12,1.4,1,2,2,0.391045199998189,0,0
30,32.1,32.1,1,13,1.4,0,2,1,1.78771919995779,0,0
30,32.1,32.1,1,14,1.6,1,1,2,0.549411499989219,0,0
30,32.1,32.1,1,15,1.6,0,1,1,2.34817439998733,0,0
30,32.1,32.1,1,16,2,1,1,2,0.871610299975146,0,0
30,32.1,32.1,1,17,1.8,1,2,1,3.04783699999098,0,0
30,32.1,32.1,1,18,1.8,1,2,2,0.503436900035013,0,0
30,32.1,32.1,1,19,1.8,1,1,1,2.36434759997064,0,0
30,32.1,32.1,1,20,1.8,1,1,2,0.409875099954661,0,0
30,32.1,32.1,1,21,1.8,1,2,1,0.42082370002754,0,0
30,32.1,32.1,1,22,1.8,1,2,2,0.51608709996799,0,0
30,32.1,32.1,1,23,1.4,0,1,1,1.04017079999903,0,0
30,32.1,32.1,1,24,1.8,1,2,2,0.395187799993437,0,0
30,32.1,32.1,1,25,1.8,1,2,1,0.482814999995753,0,0
30,32.1,32.1,1,26,1.8,1,1,2,0.496922699967399,0,0
30,32.1,32.1,1,27,1.8,1,1,1,1.53265199996531,0,0
30,32.1,32.1,1,28,1.6,1,2,2,0.383711000031326,0,0
30,32.1,32.1,1,29,1.6,0,2,1,0.849893700040411,0,0
30,32.1,32.1,1,30,1.8,1,1,2,0.528196699975524,0,0
30,32.1,33.1,1,1,2.6,1,2,1,0.922226099995896,0,0
30,32.1,33.1,1,2,2,1,2,2,0.615592199959792,0,0
30,32.1,33.1,1,3,1.8,1,1,1,0.589716500020586,0,0
30,32.1,33.1,1,4,1.4,1,1,2,0.6087331000017,0,0
30,32.1,33.1,1,5,1.2,1,2,1,1.5776861999766,0,0
30,32.1,33.1,1,6,1,0,1,2,1.92244129994651,0,0
30,32.1,33.1,1,7,1.8,1,2,1,0.429652499966323,0,0
30,32.1,33.1,1,8,1.6,1,1,2,0.51512629998615,0,0
30,32.1,33.1,1,9,1.4,0,1,1,3.22418860002654,0,0
30,32.1,33.1,1,10,2,1,2,2,1.15360209997743,0,0
30,32.1,33.1,1,11,2,1,1,1,1.32719889999134,0,0
30,32.1,33.1,1,12,1.8,1,2,2,0.430662000027951,0,0
30,32.1,33.1,1,13,1.8,1,2,1,0.426852300006431,0,0
30,32.1,33.1,1,14,1.6,1,1,2,1.50480070000049,0,0
30,32.1,33.1,1,15,1.6,1,1,1,1.44207160000224,0,0
30,32.1,33.1,1,16,1.6,1,1,2,1.69822040002327,0,0
30,32.1,33.1,1,17,1.6,0,2,1,1.34539659996517,0,0
30,32.1,33.1,1,18,1.8,1,2,2,0.374894500011578,0,0
30,32.1,33.1,1,19,1.8,1,2,1,1.80142899998464,0,0
30,32.1,33.1,1,20,1.8,1,2,2,0.449607399990782,0,0
30,32.1,33.1,1,21,1.4,1,1,1,1.27318959997501,0,0
30,32.1,33.1,1,22,1.4,1,1,2,2.12939800001914,0,0
30,32.1,33.1,1,23,1.4,1,2,1,1.42245980002917,0,0
30,32.1,33.1,1,24,1.4,1,1,2,0.506126999971457,0,0
30,32.1,33.1,1,25,1.4,1,1,1,1.01109000004362,0,0
30,32.1,33.1,1,26,1.2,1,2,2,0.511424799973611,0,0
30,32.1,33.1,1,27,1.2,1,2,1,2.41578440001467,0,0
30,32.1,33.1,1,28,1.2,1,2,2,0.82425050000893,0,0
30,32.1,33.1,1,29,1.2,0,1,1,2.11322160001146,0,0
30,32.1,33.1,1,30,1.4,0,1,2,2.12017260002904,0,0
30,32.1,34.1,1,1,2.6,1,1,1,NaN,1,0
30,32.1,34.1,1,2,2,1,2,2,0.405731900013052,0,0
30,32.1,34.1,1,3,1.8,1,1,1,0.951934099954087,0,0
30,32.1,34.1,1,4,1.4,1,2,2,1.10728820000077,0,0
30,32.1,34.1,1,5,1.2,1,2,1,0.90290449996246,0,0
30,32.1,34.1,1,6,1,1,1,2,1.01116189995082,0,0
30,32.1,34.1,1,7,0.8,1,2,1,0.682095900003333,0,0
30,32.1,34.1,1,8,0.6,0,1,2,0.736934600048698,0,0
30,32.1,34.1,1,9,1.2,1,2,1,0.731425699952524,0,0
30,32.1,34.1,1,10,1,1,1,2,0.80888170003891,0,0
30,32.1,34.1,1,11,1,1,1,1,1.28187710000202,0,0
30,32.1,34.1,1,12,1,1,2,2,0.455664000008255,0,0
30,32.1,34.1,1,13,0.8,1,1,1,1.92457360000117,0,0
30,32.1,34.1,1,14,0.8,1,1,2,2.56870309996884,0,0
30,32.1,34.1,1,15,0.8,1,2,1,0.652228599996306,0,0
30,32.1,34.1,1,16,0.8,1,2,2,1.45955479994882,0,0
30,32.1,34.1,1,17,0.8,1,1,1,0.582784099970013,0,0
30,32.1,34.1,1,18,0.8,1,2,2,0.55401379999239,0,0
30,32.1,34.1,1,19,0.4,0,2,1,0.470343999972101,0,0
30,32.1,34.1,1,20,0.8,0,1,2,3.39440799999284,0,0
30,32.1,34.1,1,21,1,1,1,1,0.539243299979717,0,0
30,32.1,34.1,1,22,1,1,1,2,0.567102000000887,0,0
30,32.1,34.1,1,23,0.8,1,2,1,2.01968590001343,0,0
30,32.1,34.1,1,24,0.8,1,2,2,1.96293909999076,0,0
30,32.1,34.1,1,25,0.8,1,1,1,0.456645999976899,0,0
30,32.1,34.1,1,26,0.8,1,2,2,0.634503400011454,0,0
30,32.1,34.1,1,27,0.8,1,2,1,0.667002100031823,0,0
30,32.1,34.1,1,28,0.8,0,2,2,1.2692825999693,0,0
30,32.1,34.1,1,29,1,1,1,1,2.92205610004021,0,0
32,32.2,30.2,0,1,1.8,1,1,1,0.760051599994767,0,0
32,32.2,30.2,0,2,1.6,1,2,2,0.449173999979394,0,0
32,32.2,30.2,0,3,1.2,1,1,1,0.514055400009966,0,0
32,32.2,30.2,0,4,1,1,2,2,0.577841399994213,0,0
32,32.2,30.2,0,5,0.8,1,2,1,0.412814000010258,0,0
32,32.2,30.2,0,6,0.6,1,1,2,0.667919200001052,0,0
32,32.2,30.2,0,7,0.4,1,2,1,0.937883400009014,0,0
32,32.2,30.2,0,8,0.4,0,1,2,1.75403599999845,0,0
32,32.2,30.2,0,9,0.8,1,2,1,0.723245800007135,0,0
32,32.2,30.2,0,10,0.8,1,1,2,0.586906600015936,0,0
32,32.2,30.2,0,11,0.6,1,2,1,0.376210200018249,0,0
32,32.2,30.2,0,12,0.6,1,1,2,0.563446499989368,0,0
32,32.2,30.2,0,13,0.6,1,1,1,0.626752500014845,0,0
32,32.2,30.2,0,14,0.6,1,2,2,0.444085900002392,0,0
32,32.2,30.2,0,15,0.6,1,2,1,0.3960403999954,0,0
32,32.2,30.2,0,16,0.6,1,1,2,0.45008810001309,0,0
32,32.2,30.2,0,17,0.6,1,1,1,0.531106500013266,0,0
32,32.2,30.2,0,18,0.2,1,2,2,0.434862399997655,0,0
32,32.2,30.2,0,19,0.2,1,1,1,1.05847049999284,0,0
32,32.2,30.2,0,20,0.2,1,2,2,1.18871180000133,0,0
32,32.2,30.2,0,21,0.2,1,2,1,0.495630799996434,0,0
32,32.2,30.2,0,22,0.2,0,2,2,0.810967800003709,0,0
32,32.2,30.2,0,23,0.4,1,1,1,0.757583400001749,0,0
32,32.2,30.2,0,24,0.4,1,1,2,0.656350800010841,0,0
32,32.2,30.2,0,25,0.4,1,1,1,0.537972499994794,0,0
32,32.2,30.2,0,26,0.4,1,2,2,0.474556899978779,0,0
32,32.2,30.2,0,27,0.4,1,2,1,0.460345400002552,0,0
32,32.2,30.2,0,28,0.2,0,1,2,0.905059599986998,0,0
32,32.2,30.2,0,29,0.4,0,2,1,2.29739429999609,0,0
32,32.2,30.2,0,30,0.6,1,1,2,1.1712299999781,0,0
32,32.2,31.2,0,1,1.8,1,1,1,0.567254499997944,0,0
32,32.2,31.2,0,2,1.6,1,1,2,0.665137899981346,0,0
32,32.2,31.2,0,3,1.2,1,1,1,0.688665699999547,0,0
32,32.2,31.2,0,4,1,1,2,2,0.607803699997021,0,0
32,32.2,31.2,0,5,0.8,1,2,1,0.920086800004356,0,0
32,32.2,31.2,0,6,0.6,1,2,2,0.864700899983291,0,0
32,32.2,31.2,0,7,0.4,1,2,1,0.418392400024459,0,0
32,32.2,31.2,0,8,0.4,1,2,2,0.520681099995272,0,0
32,32.2,31.2,0,9,0.4,1,1,1,0.697555899998406,0,0
32,32.2,31.2,0,10,0.2,1,1,2,0.622240500000771,0,0
32,32.2,31.2,0,11,0.2,1,2,1,0.406133200012846,0,0
32,32.2,31.2,0,12,0.2,1,1,2,0.501457800011849,0,0
32,32.2,31.2,0,13,0.2,1,1,1,0.795112299994798,0,0
32,32.2,31.2,0,14,0.2,0,1,2,0.664664400013862,0,0
32,32.2,31.2,0,15,0.4,1,2,1,0.576580799999647,0,0
32,32.2,31.2,0,16,0.4,1,2,2,0.582890699995914,0,0
32,32.2,31.2,0,17,0.4,1,2,1,0.688712700008182,0,0
32,32.2,31.2,0,18,0.4,1,1,2,0.594041299977107,0,0
32,32.2,31.2,0,19,0.2,1,2,1,0.70275810000021,0,0
32,32.2,31.2,0,20,0.2,1,1,2,0.544261500006542,0,0
32,32.2,31.2,0,21,0.2,1,2,1,0.610361099999864,0,0
32,32.2,31.2,0,22,0.2,1,1,2,0.502865499991458,0,0
32,32.2,31.2,0,23,0.2,1,1,1,0.698817199998302,0,0
32,32.2,31.2,0,24,0.2,1,2,2,0.41434049999225,0,0
32,32.2,31.2,0,25,0.2,1,1,1,0.836085000017192,0,0
32,32.2,31.2,0,26,0.2,1,2,2,0.475790800002869,0,0
32,32.2,31.2,0,27,0.2,1,1,1,1.44248689999222,0,0
32,32.2,31.2,0,28,0.2,1,2,2,0.567164499982027,0,0
32,32.2,31.2,0,29,0.2,1,2,1,0.526780900021549,0,0
32,32.2,31.2,0,30,0.2,1,1,2,0.48656670001219,0,0
32,32.2,32.2,0,1,1.8,1,2,1,0.702457300008973,0,0
32,32.2,32.2,0,2,1.6,1,2,2,0.514592500025174,0,0
32,32.2,32.2,0,3,1.2,1,2,1,0.719957299996167,0,0
32,32.2,32.2,0,4,1,1,1,2,1.17005660000723,0,0
32,32.2,32.2,0,5,0.8,1,1,1,0.65947350001079,0,0
32,32.2,32.2,0,6,0.6,0,1,2,0.498543699999573,0,0
32,32.2,32.2,0,7,1.2,1,2,1,0.499677599989809,0,0
32,32.2,32.2,0,8,1,1,1,2,0.732876499998383,0,0
32,32.2,32.2,0,9,1,1,1,1,0.625105099985376,0,0
32,32.2,32.2,0,10,1,1,2,2,0.505753500008723,0,0
32,32.2,32.2,0,11,0.8,1,2,1,0.416528600006131,0,0
32,32.2,32.2,0,12,0.8,1,1,2,0.780953300010879,0,0
32,32.2,32.2,0,13,0.8,1,1,1,0.402795499976492,0,0
32,32.2,32.2,0,14,0.8,1,1,2,0.588241399993422,0,0
32,32.2,32.2,0,15,0.8,1,2,1,0.378209099988453,0,0
32,32.2,32.2,0,16,0.8,1,1,2,0.431605399993714,0,0
32,32.2,32.2,0,17,0.4,1,2,1,0.506795599998441,0,0
32,32.2,32.2,0,18,0.4,1,2,2,0.519180000002962,0,0
32,32.2,32.2,0,19,0.4,1,1,1,0.834869900019839,0,0
32,32.2,32.2,0,20,0.4,1,2,2,0.658417500002543,0,0
32,32.2,32.2,0,21,0.4,0,2,1,0.856815499981167,0,0
32,32.2,32.2,0,22,0.6,1,2,2,0.538939199992456,0,0
32,32.2,32.2,0,23,0.4,1,1,1,0.827410800004145,0,0
32,32.2,32.2,0,24,0.4,0,1,2,0.457978699996602,0,0
32,32.2,32.2,0,25,0.8,1,2,1,0.384992200008128,0,0
32,32.2,32.2,0,26,0.6,1,1,2,0.387710900016828,0,0
32,32.2,32.2,0,27,0.6,1,1,1,0.456866499996977,0,0
32,32.2,32.2,0,28,0.6,1,2,2,0.497533100016881,0,0
32,32.2,32.2,0,29,0.6,1,2,1,0.700853399990592,0,0
32,32.2,32.2,0,30,0.6,1,1,2,0.753614100016421,0,0
32,32.2,33.2,0,1,1.8,1,1,1,1.13361359998817,0,0
32,32.2,33.2,0,2,1.6,1,2,2,0.791828100016573,0,0
32,32.2,33.2,0,3,1.2,1,1,1,0.805437900009565,0,0
32,32.2,33.2,0,4,1,1,1,2,0.775451099994825,0,0
32,32.2,33.2,0,5,0.8,1,2,1,0.584761300007813,0,0
32,32.2,33.2,0,6,0.6,1,2,2,0.423947300005239,0,0
32,32.2,33.2,0,7,0.4,0,1,1,0.736340999981621,0,0
32,32.2,33.2,0,8,0.8,1,2,2,0.464744500000961,0,0
32,32.2,33.2,0,9,0.8,1,2,1,0.273238199995831,0,0
32,32.2,33.2,0,10,0.8,1,1,2,0.72165830002632,0,0
32,32.2,33.2,0,11,0.6,1,2,1,0.429146700014826,0,0
32,32.2,33.2,0,12,0.6,1,1,2,0.792220700008329,0,0
32,32.2,33.2,0,13,0.6,1,1,1,0.702195899997605,0,0
32,32.2,33.2,0,14,0.6,1,2,2,1.16896859998815,0,0
32,32.2,33.2,0,15,0.6,1,2,1,0.786519499990391,0,0
32,32.2,33.2,0,16,0.6,1,1,2,1.06577539999853,0,0
32,32.2,33.2,0,17,0.6,1,1,1,0.918987300014123,0,0
32,32.2,33.2,0,18,0.6,1,2,2,NaN,1,0
32,32.2,33.2,0,19,0.6,1,2,1,0.420537500001956,0,0
32,32.2,33.2,0,20,0.2,1,1,2,0.533985000016401,0,0
32,32.2,33.2,0,21,0.2,1,2,1,1.76869669998996,0,0
32,32.2,33.2,0,22,0.2,1,1,2,1.60639910001191,0,0
32,32.2,33.2,0,23,0.2,0,1,1,0.936846299999161,0,0
32,32.2,33.2,0,24,0.6,1,2,2,1.65415529999882,0,0
32,32.2,33.2,0,25,0.4,1,1,1,0.711367199983215,0,0
32,32.2,33.2,0,26,0.4,1,2,2,0.520398900000146,0,0
32,32.2,33.2,0,27,0.4,1,1,1,1.40801630000351,0,0
32,32.2,33.2,0,28,0.4,1,2,2,0.768321800016565,0,0
32,32.2,33.2,0,29,0.4,1,2,1,0.633681400009664,0,0
32,32.2,34.2,0,1,1.8,1,1,1,2.29327890000422,0,0
32,32.2,34.2,0,2,1.6,1,2,2,0.698979300010251,0,0
32,32.2,34.2,0,3,1.2,1,2,1,1.13762540000607,0,0
32,32.2,34.2,0,4,1,1,1,2,0.911260900000343,0,0
32,32.2,34.2,0,5,0.8,1,1,1,1.31775670000934,0,0
32,32.2,34.2,0,6,0.6,1,2,2,1.07643169999938,0,0
32,32.2,34.2,0,7,0.4,1,2,1,1.8454725999909,0,0
32,32.2,34.2,0,8,0.4,1,1,2,3.65316549999989,0,0
32,32.2,34.2,0,9,0.4,1,2,1,2.43935939998482,0,0
32,32.2,34.2,0,10,0.2,1,2,2,NaN,1,0
32,32.2,34.2,0,11,0.2,0,1,1,2.0359213000047,1,0
32,32.2,34.2,0,12,0.4,0,1,2,NaN,1,0
32,32.2,34.2,0,13,0.6,1,1,1,3.99470329997712,0,0
32,32.2,34.2,0,14,0.6,1,2,2,NaN,0,0
32,32.2,34.2,0,15,0.6,1,2,1,2.81657919997815,0,0
32,32.2,34.2,0,16,0.6,1,2,2,0.611089000012726,0,0
32,32.2,34.2,0,17,0.6,1,1,1,0.476958300016122,0,0
32,32.2,34.2,0,18,0.6,1,1,2,0.69426449999446,0,0
32,32.2,34.2,0,19,0.6,1,2,1,0.548222300014459,0,0
32,32.2,34.2,0,20,0.6,1,1,2,0.810618899995461,0,0
32,32.2,34.2,0,21,0.6,1,2,1,0.523062400025083,0,0
32,32.2,34.2,0,22,0.4,1,2,2,0.689262400002917,0,0
32,32.2,34.2,0,23,0.4,1,1,1,0.77009679999901,0,0
32,32.2,34.2,0,24,0.4,1,1,2,0.717130600009114,0,0
32,32.2,34.2,0,25,0.4,0,1,1,0.906954000005499,0,0
32,32.2,34.2,0,26,0.6,1,2,2,0.577891200024169,0,0
32,32.2,34.2,0,27,0.6,1,2,1,0.541952800005674,0,0
32,32.2,30.2,1,1,2.6,1,2,1,0.310212200012757,0,0
32,32.2,30.2,1,2,2,1,2,2,1.08196260000113,0,0
32,32.2,30.2,1,3,1.8,1,2,1,0.435641100018984,0,0
32,32.2,30.2,1,4,1.4,1,1,2,1.1551235000079,0,0
32,32.2,30.2,1,5,1.2,1,1,1,0.410714500001632,0,0
32,32.2,30.2,1,6,1,1,1,2,0.583381899981759,0,0
32,32.2,30.2,1,7,0.8,1,2,1,0.362048000009963,0,0
32,32.2,30.2,1,8,0.6,0,1,2,1.7399327000021,0,0
32,32.2,30.2,1,9,1.2,1,2,1,0.43268959998386,0,0
32,32.2,30.2,1,10,1,0,1,2,1.14621720000287,0,0
32,32.2,30.2,1,11,1.6,1,2,1,0.465500599995721,0,0
32,32.2,30.2,1,12,1.4,1,1,2,0.43423869999242,0,0
32,32.2,30.2,1,13,1.4,1,2,1,0.437316099996679,0,0
32,32.2,30.2,1,14,1.2,1,1,2,0.611992700025439,0,0
32,32.2,30.2,1,15,1.2,0,1,1,0.961287299985997,0,0
32,32.2,30.2,1,16,1.6,1,2,2,0.54687429999467,0,0
32,32.2,30.2,1,17,1.4,1,1,1,0.735602600005222,0,0
32,32.2,30.2,1,18,1.4,1,2,2,0.613648999977158,0,0
32,32.2,30.2,1,19,1.4,1,1,1,0.591402199992444,0,0
32,32.2,30.2,1,20,1.4,1,1,2,0.944674200000009,0,0
32,32.2,30.2,1,21,1.4,1,2,1,1.09895940002752,0,0
32,32.2,30.2,1,22,1,1,1,2,0.834780899982434,0,0
32,32.2,30.2,1,23,1,0,2,1,1.33857719998923,0,0
32,32.2,30.2,1,24,1.4,1,2,2,0.546230500011006,0,0
32,32.2,30.2,1,25,1.4,1,2,1,0.666396500018891,0,0
32,32.2,30.2,1,26,1.4,1,2,2,0.794147199980216,0,0
32,32.2,30.2,1,27,1.4,1,1,1,0.757897700008471,0,0
32,32.2,30.2,1,28,1,0,2,2,0.53141080000205,0,0
32,32.2,30.2,1,29,1.4,1,1,1,0.521744700003183,0,0
32,32.2,30.2,1,30,1.4,0,1,2,0.804403299989644,0,0
32,32.2,31.2,1,1,2.6,1,2,1,0.569506800005911,0,0
32,32.2,31.2,1,2,2,1,1,2,0.747546300000977,0,0
32,32.2,31.2,1,3,1.8,1,2,1,0.579409400001168,0,0
32,32.2,31.2,1,4,1.4,1,1,2,0.793188300012844,0,0
32,32.2,31.2,1,5,1.2,1,2,1,0.615302699996391,0,0
32,32.2,31.2,1,6,1,1,1,2,0.532481000002008,0,0
32,32.2,31.2,1,7,0.8,0,1,1,2.06428729998879,0,0
32,32.2,31.2,1,8,1.4,1,2,2,1.02059560001362,0,0
32,32.2,31.2,1,9,1.4,1,2,1,0.656762300000992,0,0
32,32.2,31.2,1,10,1.2,0,2,2,1.9315065999981,0,0
32,32.2,31.2,1,11,1.6,1,1,1,0.600468000018736,0,0
32,32.2,31.2,1,12,1.6,1,1,2,0.416885499987984,0,0
32,32.2,31.2,1,13,1.6,1,1,1,0.370286899997154,0,0
32,32.2,31.2,1,14,1.4,1,2,2,1.03475900000194,0,0
32,32.2,31.2,1,15,1.4,1,2,1,0.641011600004276,0,0
32,32.2,31.2,1,16,1.4,0,2,2,0.450478200014913,0,0
32,32.2,31.2,1,17,1.6,1,1,1,0.495734600001015,0,0
32,32.2,31.2,1,18,1.6,1,1,2,0.870523999998113,0,0
32,32.2,31.2,1,19,1.6,1,2,1,1.86764530002256,0,0
32,32.2,31.2,1,20,1.6,1,1,2,0.940753700007917,0,0
32,32.2,31.2,1,21,1.2,1,2,1,0.848426099983044,0,0
32,32.2,31.2,1,22,1.2,1,1,2,0.64868650000426,0,0
32,32.2,31.2,1,23,1.2,1,1,1,0.906711599993287,0,0
32,32.2,31.2,1,24,1.2,1,2,2,0.761029399989638,0,0
32,32.2,31.2,1,25,1.2,1,1,1,0.481677300005686,0,0
32,32.2,31.2,1,26,1,1,1,2,0.690484799997648,0,0
32,32.2,31.2,1,27,1,1,2,1,0.613458399981027,0,0
32,32.2,31.2,1,28,1,1,2,2,0.563367099995958,0,0
32,32.2,31.2,1,29,1,0,1,1,1.35021780000534,0,0
32,32.2,31.2,1,30,1.2,1,2,2,0.736975900013931,0,0
32,32.2,32.2,1,1,2.6,1,2,1,0.705041699984577,0,0
32,32.2,32.2,1,2,2,1,2,2,1.15412980000838,0,0
32,32.2,32.2,1,3,1.8,1,1,1,1.554352200008,0,0
32,32.2,32.2,1,4,1.4,1,1,2,1.17061510001076,0,0
32,32.2,32.2,1,5,1.2,1,1,1,1.60254150000401,0,0
32,32.2,32.2,1,6,1,1,2,2,1.13464880001266,0,0
32,32.2,32.2,1,7,0.8,0,2,1,0.706945000012638,0,0
32,32.2,32.2,1,8,1.4,1,2,2,2.03632839999045,0,0
32,32.2,32.2,1,9,1.4,1,1,1,0.912076700013131,0,0
32,32.2,32.2,1,10,1.2,1,1,2,0.609624499978963,0,0
32,32.2,32.2,1,11,1.2,1,1,1,2.38611330001731,0,0
32,32.2,32.2,1,12,1,1,2,2,0.562372000014875,0,0
32,32.2,32.2,1,13,1,1,1,1,1.22547320000012,0,0
32,32.2,32.2,1,14,1,0,2,2,0.625876600010088,0,0
32,32.2,32.2,1,15,1.2,1,2,1,0.650006000010762,0,0
32,32.2,32.2,1,16,1.2,0,2,2,0.588248899992323,0,0
32,32.2,32.2,1,17,1.6,1,1,1,0.576575900020543,0,0
32,32.2,32.2,1,18,1.4,1,1,2,1.27311599999666,0,0
32,32.2,32.2,1,19,1.4,1,2,1,0.457695799996145,0,0
32,32.2,32.2,1,20,1.4,1,1,2,1.23427169999923,0,0
32,32.2,32.2,1,21,1.4,0,1,1,1.97693669999717,0,0
32,32.2,32.2,1,22,1.6,1,2,2,0.60299230000237,0,0
32,32.2,32.2,1,23,1.6,0,2,1,0.554210500005865,0,0
32,32.2,32.2,1,24,2.2,1,1,2,0.704140399990138,0,0
32,32.2,32.2,1,25,2,1,2,1,0.369992899999488,0,0
32,32.2,32.2,1,26,2,1,2,2,0.514231000008294,0,0
32,32.2,32.2,1,27,1.8,1,1,1,0.753921700001229,0,0
32,32.2,32.2,1,28,1.8,1,1,2,2.08261410001433,0,0
32,32.2,32.2,1,29,1.8,1,1,1,0.916422500013141,0,0
32,32.2,32.2,1,30,1.4,1,2,2,0.470635300007416,0,0
32,32.2,33.2,1,1,2.6,1,1,1,0.612896799982991,0,0
32,32.2,33.2,1,2,2,1,1,2,0.719479999999749,0,0
32,32.2,33.2,1,3,1.8,1,2,1,0.750835599988932,0,0
32,32.2,33.2,1,4,1.4,1,2,2,0.616019099979894,0,0
32,32.2,33.2,1,5,1.2,1,1,1,0.61376469998504,0,0
32,32.2,33.2,1,6,1,1,2,2,0.815069000003859,0,0
32,32.2,33.2,1,7,0.8,1,2,1,0.558085099997697,0,0
32,32.2,33.2,1,8,0.6,1,1,2,1.80290429998422,0,0
32,32.2,33.2,1,9,0.6,1,1,1,0.639823999983491,0,0
32,32.2,33.2,1,10,0.4,1,2,2,0.512341699999524,0,0
32,32.2,33.2,1,11,0.4,1,2,1,0.474948000017321,0,0
32,32.2,33.2,1,12,0.2,0,1,2,1.95719279997866,0,0
32,32.2,33.2,1,13,0.6,0,1,1,1.70361960001173,0,0
32,32.2,33.2,1,14,1,1,2,2,0.471943499986082,0,0
32,32.2,33.2,1,15,0.8,1,1,1,0.754010200005723,0,0
32,32.2,33.2,1,16,0.8,1,1,2,0.421923599991715,0,0
32,32.2,33.2,1,17,0.8,0,2,1,0.423658099985914,0,0
32,32.2,33.2,1,18,1,1,2,2,0.401302899990696,0,0
32,32.2,33.2,1,19,1,1,2,1,0.48458180000307,0,0
32,32.2,33.2,1,20,1,1,1,2,0.463596799992956,0,0
32,32.2,33.2,1,21,1,1,1,1,0.622356899984879,0,0
32,32.2,33.2,1,22,1,0,2,2,0.591995800001314,0,0
32,32.2,33.2,1,23,1.2,0,1,1,0.754056599980686,0,0
32,32.2,33.2,1,24,1.8,1,2,2,0.39405179998721,0,0
32,32.2,33.2,1,25,1.6,1,1,1,0.454247799993027,0,0
32,32.2,33.2,1,26,1.4,0,1,2,0.975834599987138,0,0
32,32.2,33.2,1,27,2,1,2,1,0.69356750001316,0,0
32,32.2,33.2,1,28,2,1,2,2,0.334450800000923,0,0
32,32.2,33.2,1,29,1.8,1,1,1,0.609801799990237,0,0
32,32.2,33.2,1,30,1.6,1,2,2,0.540534600004321,0,0
32,32.2,34.2,1,1,2.6,1,2,1,0.783159899991006,0,0
32,32.2,34.2,1,2,2,1,1,2,0.486183800006984,0,0
32,32.2,34.2,1,3,1.8,1,2,1,0.568217400024878,0,0
32,32.2,34.2,1,4,1.4,1,1,2,0.731321899977047,0,0
32,32.2,34.2,1,5,1.2,1,1,1,0.704756299994187,0,0
32,32.2,34.2,1,6,1,1,2,2,0.615130399994086,0,0
32,32.2,34.2,1,7,0.8,1,1,1,1.53599380000378,0,0
32,32.2,34.2,1,8,0.6,0,1,2,1.73067180000362,0,0
32,32.2,34.2,1,9,1.2,1,2,1,0.88734509999631,0,0
32,32.2,34.2,1,10,1,1,2,2,0.622443900007056,0,0
32,32.2,34.2,1,11,1,1,1,1,0.657310500013409,0,0
32,32.2,34.2,1,12,1,1,2,2,0.639432700001635,0,0
32,32.2,34.2,1,13,0.8,1,2,1,1.09439179999754,0,0
32,32.2,34.2,1,14,0.8,1,1,2,1.22784100001445,0,0
32,32.2,34.2,1,15,0.8,1,1,1,0.615553800016642,0,0
32,32.2,34.2,1,16,0.8,1,2,2,1.66331410000566,0,0
32,32.2,34.2,1,17,0.8,1,2,1,0.752566100010881,0,0
32,32.2,34.2,1,18,0.8,1,1,2,2.45843329999479,0,0
32,32.2,34.2,1,19,0.4,0,2,1,2.0335299000144,0,0
32,32.2,34.2,1,20,0.8,1,1,2,2.78320720000193,0,0
32,32.2,34.2,1,21,0.8,1,1,1,0.608123399986653,0,0
32,32.2,34.2,1,22,0.8,1,2,2,0.864715299976524,0,0
32,32.2,34.2,1,23,0.8,1,1,1,0.728750499984017,0,0
32,32.2,34.2,1,24,0.8,1,2,2,0.605591100000311,0,0
32,32.2,34.2,1,25,0.8,1,2,1,0.631345400004648,0,0
32,32.2,34.2,1,26,0.8,1,1,2,1.08848739997484,0,0
32,32.2,34.2,1,27,0.8,1,2,1,0.991902599984314,0,0
32,32.2,34.2,1,28,0.8,1,2,2,0.679832299996633,0,0
32,32.2,34.2,1,29,0.8,1,1,1,0.927094000013312,0,0
32,32.2,34.2,1,30,0.8,1,1,2,1.57029969998985,0,0
34,29.5,27.5,0,1,1.8,1,1,1,0.386170899961144,0,0
34,29.5,27.5,0,2,1.6,1,2,2,0.340017399983481,0,0
34,29.5,27.5,0,3,1.2,1,1,1,0.246223799884319,0,0
34,29.5,27.5,0,4,1,1,2,2,0.318262200104073,0,0
34,29.5,27.5,0,5,0.8,1,2,1,0.301587600028142,0,0
34,29.5,27.5,0,6,0.6,1,1,2,0.285558900097385,0,0
34,29.5,27.5,0,7,0.4,1,2,1,0.309591599972919,0,0
34,29.5,27.5,0,8,0.4,1,1,2,0.221200099913403,0,0
34,29.5,27.5,0,9,0.4,1,2,1,0.229615700198337,0,0
34,29.5,27.5,0,10,0.2,1,1,2,0.262602400034666,0,0
34,29.5,27.5,0,11,0.2,1,2,1,0.263740599853918,0,0
34,29.5,27.5,0,12,0.2,0,1,2,1.26183039997704,0,0
34,29.5,27.5,0,13,0.4,1,1,1,0.284772500162944,0,0
34,29.5,27.5,0,14,0.4,1,2,2,0.252281500026584,0,0
34,29.5,27.5,0,15,0.4,1,2,1,0.273615800077096,0,0
34,29.5,27.5,0,16,0.4,1,1,2,0.207476099953055,0,0
34,29.5,27.5,0,17,0.4,1,1,1,0.606450499966741,0,0
34,29.5,27.5,0,18,0.4,1,2,2,0.236503500025719,0,0
34,29.5,27.5,0,19,0.4,0,1,1,0.321559000061825,0,0
34,29.5,27.5,0,20,0.4,1,2,2,0.477201699977741,0,0
34,29.5,27.5,0,21,0.4,1,2,1,0.285842899931595,0,0
34,29.5,27.5,0,22,0.4,1,2,2,0.424314700067043,0,0
34,29.5,27.5,0,23,0.4,1,1,1,0.223484399961308,0,0
34,29.5,27.5,0,24,0.4,0,1,2,0.297068799845874,0,0
34,29.5,27.5,0,25,0.4,1,1,1,0.406055899802595,0,0
34,29.5,27.5,0,26,0.4,1,2,2,0.277663799934089,0,0
34,29.5,27.5,0,27,0.4,1,2,1,0.371680800104514,0,0
34,29.5,27.5,0,28,0.4,1,1,2,1.13554729986936,0,0
34,29.5,27.5,0,29,0.4,1,2,1,0.298850900027901,0,0
34,29.5,27.5,0,30,0.4,1,1,2,0.238835599971935,0,0
34,29.5,28.5,0,1,1.8,1,1,1,0.282333599869162,0,0
34,29.5,28.5,0,2,1.6,1,1,2,0.294442999875173,0,0
34,29.5,28.5,0,3,1.2,1,1,1,0.544312899932265,0,0
34,29.5,28.5,0,4,1,1,2,2,0.282621699851006,0,0
34,29.5,28.5,0,5,0.8,1,2,1,0.272190500050783,0,0
34,29.5,28.5,0,6,0.6,1,2,2,0.258519199909642,0,0
34,29.5,28.5,0,7,0.4,1,2,1,0.341187900165096,0,0
34,29.5,28.5,0,8,0.4,1,2,2,0.291010899934918,0,0
34,29.5,28.5,0,9,0.4,1,1,1,0.304643700132146,0,0
34,29.5,28.5,0,10,0.2,0,1,2,0.96516970009543,0,0
34,29.5,28.5,0,11,0.4,1,2,1,0.255041299853474,0,0
34,29.5,28.5,0,12,0.4,1,1,2,0.289488099981099,0,0
34,29.5,28.5,0,13,0.4,1,1,1,0.264575700042769,0,0
34,29.5,28.5,0,14,0.4,1,1,2,0.310598700074479,0,0
34,29.5,28.5,0,15,0.4,1,2,1,0.462758099893108,0,0
34,29.5,28.5,0,16,0.4,1,2,2,0.262335299979895,0,0
34,29.5,28.5,0,17,0.4,1,2,1,0.307369900168851,0,0
34,29.5,28.5,0,18,0.4,1,1,2,0.302612900035456,0,0
34,29.5,28.5,0,19,0.4,1,2,1,0.334686299785972,0,0
34,29.5,28.5,0,20,0.4,1,1,2,0.308934700209647,0,0
34,29.5,28.5,0,21,0.4,1,2,1,0.301840299973264,0,0
34,29.5,28.5,0,22,0.4,1,1,2,0.30093239992857,0,0
34,29.5,28.5,0,23,0.4,1,1,1,0.248114899965003,0,0
34,29.5,28.5,0,24,0.4,0,2,2,0.352687800070271,0,0
34,29.5,28.5,0,25,0.4,1,1,1,0.262060899985954,0,0
34,29.5,28.5,0,26,0.4,1,2,2,0.389835000038147,0,0
34,29.5,28.5,0,27,0.4,1,1,1,0.311359699815512,0,0
34,29.5,28.5,0,28,0.4,1,2,2,0.293780899839476,0,0
34,29.5,28.5,0,29,0.4,1,2,1,0.296266700141132,0,0
34,29.5,28.5,0,30,0.4,1,1,2,0.287645000033081,0,0
34,29.5,29.5,0,1,1.8,1,2,1,0.458259999984875,0,0
34,29.5,29.5,0,2,1.6,1,2,2,0.265462799929082,0,0
34,29.5,29.5,0,3,1.2,1,2,1,0.395767700159922,0,0
34,29.5,29.5,0,4,1,1,1,2,0.347714100033045,0,0
34,29.5,29.5,0,5,0.8,1,1,1,0.273022799985483,0,0
34,29.5,29.5,0,6,0.6,1,1,2,2.04907700000331,0,0
34,29.5,29.5,0,7,0.4,1,2,1,0.265005999943241,0,0
34,29.5,29.5,0,8,0.4,0,1,2,0.338299200171605,0,0
34,29.5,29.5,0,9,0.8,1,1,1,0.281933600082994,0,0
34,29.5,29.5,0,10,0.8,1,2,2,0.303434700006619,0,0
34,29.5,29.5,0,11,0.6,1,2,1,0.287003299919888,0,0
34,29.5,29.5,0,12,0.6,1,1,2,1.55314279999584,0,0
34,29.5,29.5,0,13,0.6,1,1,1,2.0109180000145,0,0
34,29.5,29.5,0,14,0.6,1,1,2,0.281025599921122,0,0
34,29.5,29.5,0,15,0.6,1,2,1,0.240067000035197,0,0
34,29.5,29.5,0,16,0.6,1,1,2,0.271149300038815,0,0
34,29.5,29.5,0,17,0.6,1,2,1,0.262602400034666,0,0
34,29.5,29.5,0,18,0.2,1,2,2,0.283481699880213,0,0
34,29.5,29.5,0,19,0.2,1,1,1,0.315162899903953,0,0
34,29.5,29.5,0,20,0.2,1,2,2,0.28654390014708,0,0
34,29.5,29.5,0,21,0.2,1,2,1,0.240306099876761,0,0
34,29.5,29.5,0,22,0.2,1,2,2,0.251657099928707,0,0
34,29.5,29.5,0,23,0.2,1,1,1,1.15858460008167,0,0
34,29.5,29.5,0,24,0.2,1,1,2,0.280213000020012,0,0
34,29.5,29.5,0,25,0.2,1,2,1,0.283344900002703,0,0
34,29.5,29.5,0,26,0.2,1,1,2,0.327071400126442,0,0
34,29.5,29.5,0,27,0.2,1,1,1,2.07115939981304,0,0
34,29.5,29.5,0,28,0.2,1,2,2,0.50131419999525,0,0
34,29.5,29.5,0,29,0.2,1,2,1,0.27305470011197,0,0
34,29.5,29.5,0,30,0.2,1,1,2,1.3550445002038,0,0
34,29.5,30.5,0,1,1.8,1,1,1,0.350579200079665,0,0
34,29.5,30.5,0,2,1.6,1,2,2,0.302215500036255,0,0
34,29.5,30.5,0,3,1.2,1,1,1,0.353962100110948,0,0
34,29.5,30.5,0,4,1,1,1,2,0.27686470001936,0,0
34,29.5,30.5,0,5,0.8,1,2,1,0.318358900025487,0,0
34,29.5,30.5,0,6,0.6,1,2,2,0.379490100080147,0,0
34,29.5,30.5,0,7,0.4,1,1,1,0.345626400085166,0,0
34,29.5,30.5,0,8,0.4,1,2,2,0.367956700036302,0,0
34,29.5,30.5,0,9,0.4,1,2,1,0.436667799949646,0,0
34,29.5,30.5,0,10,0.2,1,1,2,0.333550499984995,0,0
34,29.5,30.5,0,11,0.2,1,2,1,0.344319899799302,0,0
34,29.5,30.5,0,12,0.2,1,1,2,0.362547300057486,0,0
34,29.5,30.5,0,13,0.2,1,1,1,0.296328700147569,0,0
34,29.5,30.5,0,14,0.2,1,2,2,0.364308899967,0,0
34,29.5,30.5,0,15,0.2,1,2,1,0.287252300186083,0,0
34,29.5,30.5,0,16,0.2,0,1,2,0.894477899884805,0,0
34,29.5,30.5,0,17,0.2,1,1,1,0.315925800008699,0,0
34,29.5,30.5,0,18,0.2,1,2,2,0.43737559998408,0,0
34,29.5,30.5,0,19,0.2,1,2,1,0.438538500107825,0,0
34,29.5,30.5,0,20,0.2,1,1,2,0.688408700050786,0,0
34,29.5,30.5,0,21,0.2,1,2,1,0.401557300006971,0,0
34,29.5,30.5,0,22,0.2,1,1,2,0.289999999804422,0,0
34,29.5,30.5,0,23,0.2,1,1,1,0.486005299957469,0,0
34,29.5,30.5,0,24,0.2,1,2,2,NaN,1,0
34,29.5,30.5,0,25,0.2,1,1,1,0.526755800005049,0,0
34,29.5,30.5,0,26,0.2,1,2,2,0.478013799991459,0,0
34,29.5,30.5,0,27,0.2,1,1,1,0.482040999922901,0,0
34,29.5,30.5,0,28,0.2,1,2,2,0.306673999875784,0,0
34,29.5,30.5,0,29,0.2,1,2,1,0.297239099862054,0,0
34,29.5,31.5,0,1,1.8,1,1,1,1.44422960001975,0,0
34,29.5,31.5,0,2,1.6,1,2,2,1.07180389994755,0,0
34,29.5,31.5,0,3,1.2,1,2,1,0.689389999955893,0,0
34,29.5,31.5,0,4,1,1,1,2,0.505493399919942,0,0
34,29.5,31.5,0,5,0.8,1,1,1,0.556958500063047,0,0
34,29.5,31.5,0,6,0.6,1,2,2,0.616947699803859,0,0
34,29.5,31.5,0,7,0.4,1,2,1,0.637901100097224,0,0
34,29.5,31.5,0,8,0.4,1,1,2,0.383858500048518,0,0
34,29.5,31.5,0,9,0.4,1,2,1,0.497259200084955,0,0
34,29.5,31.5,0,10,0.2,1,2,2,0.959567399928346,0,0
34,29.5,31.5,0,11,0.2,1,1,1,0.410876899957657,0,0
34,29.5,31.5,0,12,0.2,1,1,2,0.446891800034791,0,0
34,29.5,31.5,0,13,0.2,1,1,1,0.842484100023285,0,0
34,29.5,31.5,0,14,0.2,1,2,2,0.866700799902901,0,0
34,29.5,31.5,0,15,0.2,1,2,1,0.379887900082394,0,0
34,29.5,31.5,0,16,0.2,1,2,2,1.03419140004553,0,0
34,29.5,31.5,0,17,0.2,1,1,1,1.59187130001374,0,0
34,29.5,31.5,0,18,0.2,1,1,2,0.55105230002664,0,0
34,29.5,31.5,0,19,0.2,1,2,1,0.371396400034428,0,0
34,29.5,31.5,0,20,0.2,1,1,2,0.394168500090018,0,0
34,29.5,31.5,0,21,0.2,1,2,1,0.507142999907956,0,0
34,29.5,31.5,0,22,0.2,1,2,2,0.591386100044474,0,0
34,29.5,31.5,0,23,0.2,1,1,1,0.325556399999186,0,0
34,29.5,31.5,0,24,0.2,1,1,2,1.04523299983703,0,0
34,29.5,31.5,0,25,0.2,1,1,1,0.551350699970499,0,0
34,29.5,31.5,0,26,0.2,1,2,2,1.07005689991638,0,0
34,29.5,31.5,0,27,0.2,1,2,1,0.4346732001286,0,0
34,29.5,31.5,0,28,0.2,1,1,2,0.430728000123054,0,0
34,29.5,31.5,0,29,0.2,1,2,1,0.806968699907884,0,0
34,29.5,31.5,0,30,0.2,1,1,2,1.26665580016561,0,0
34,29.5,27.5,1,1,2.6,1,2,1,0.836832799948752,0,0
34,29.5,27.5,1,2,2,1,2,2,0.380190000170842,0,0
34,29.5,27.5,1,3,1.8,0,2,1,0.271482500014827,0,0
34,29.5,27.5,1,4,3,1,1,2,1.82692430005409,0,0
34,29.5,27.5,1,5,2.8,1,1,1,0.32064520008862,0,0
34,29.5,27.5,1,6,2.6,0,1,2,0.518400200176984,0,0
34,29.5,27.5,1,7,3.6,1,2,1,0.270792699884623,0,0
34,29.5,27.5,1,8,3.4,1,1,2,0.925613800063729,0,0
34,29.5,27.5,1,9,3.2,1,2,1,0.278642399935052,0,0
34,29.5,27.5,1,10,3.2,1,1,2,0.250422200188041,0,0
34,29.5,27.5,1,11,3,1,2,1,0.28722000005655,0,0
34,29.5,27.5,1,12,3,1,1,2,0.253113100072369,0,0
34,29.5,27.5,1,13,2.4,1,2,1,0.229819800006226,0,0
34,29.5,27.5,1,14,2.4,1,1,2,0.293370899977162,0,0
34,29.5,27.5,1,15,2.4,1,1,1,0.435488999821246,0,0
34,29.5,27.5,1,16,2.2,0,2,2,0.309037799946964,0,0
34,29.5,27.5,1,17,2.8,1,1,1,0.276510199997574,0,0
34,29.5,27.5,1,18,2.8,1,2,2,0.265676300041378,0,0
34,29.5,27.5,1,19,2.4,0,1,1,0.371946400031447,0,0
34,29.5,27.5,1,20,3,1,1,2,0.252004300011322,0,0
34,29.5,27.5,1,21,2.8,1,2,1,0.281761700054631,0,0
34,29.5,27.5,1,22,2.8,1,1,2,0.367271600058302,0,0
34,29.5,27.5,1,23,2.8,1,2,1,0.411017500096932,0,0
34,29.5,27.5,1,24,2.8,1,2,2,0.275937400059775,0,0
34,29.5,27.5,1,25,2.8,1,2,1,0.477237199898809,0,0
34,29.5,27.5,1,26,2.4,0,2,2,0.417839600006118,0,0
34,29.5,27.5,1,27,2.8,1,1,1,1.03094430011697,0,0
34,29.5,27.5,1,28,2.8,1,2,2,0.541838200064376,0,0
34,29.5,27.5,1,29,2.8,0,1,1,1.97592139989138,0,0
34,29.5,27.5,1,30,3,1,1,2,0.397048300132155,0,0
34,29.5,28.5,1,1,2.6,1,2,1,0.800361200002953,0,0
34,29.5,28.5,1,2,2,1,1,2,0.491746499901637,0,0
34,29.5,28.5,1,3,1.8,1,2,1,0.307569999946281,0,0
34,29.5,28.5,1,4,1.4,1,1,2,0.305012400029227,0,0
34,29.5,28.5,1,5,1.2,1,2,1,0.244942300021648,0,0
34,29.5,28.5,1,6,1,1,1,2,0.286252199904993,0,0
34,29.5,28.5,1,7,0.8,0,1,1,0.960847300011665,0,0
34,29.5,28.5,1,8,1.4,0,2,2,0.290806000120938,0,0
34,29.5,28.5,1,9,2.2,1,2,1,0.31198040000163,0,0
34,29.5,28.5,1,10,2.2,1,2,2,0.287784799933434,0,0
34,29.5,28.5,1,11,2,1,1,1,0.335169699974358,0,0
34,29.5,28.5,1,12,1.8,1,1,2,0.341519800014794,0,0
34,29.5,28.5,1,13,1.8,1,1,1,0.376758099999279,0,0
34,29.5,28.5,1,14,1.6,1,2,2,0.818117999937385,0,0
34,29.5,28.5,1,15,1.6,1,2,1,0.435285300016403,0,0
34,29.5,28.5,1,16,1.2,1,2,2,0.324724599951878,0,0
34,29.5,28.5,1,17,1.2,1,1,1,0.285919100046158,0,0
34,29.5,28.5,1,18,1.2,1,1,2,0.272025000071153,0,0
34,29.5,28.5,1,19,1.2,1,2,1,0.31426199991256,0,0
34,29.5,28.5,1,20,1.2,1,1,2,1.73691209987737,0,0
34,29.5,28.5,1,21,1.2,1,2,1,0.520336200017482,0,0
34,29.5,28.5,1,22,1,1,1,2,0.26172269997187,0,0
34,29.5,28.5,1,23,1,1,1,1,0.258473900146782,0,0
34,29.5,28.5,1,24,1,1,2,2,0.233629599912092,0,0
34,29.5,28.5,1,25,1,1,1,1,0.257261199876666,0,0
34,29.5,28.5,1,26,0.6,1,1,2,0.629868400050327,0,0
34,29.5,28.5,1,27,0.6,1,2,1,0.251318299910054,0,0
34,29.5,28.5,1,28,0.6,1,2,2,0.276750300079584,0,0
34,29.5,28.5,1,29,0.6,1,1,1,0.286587200127542,0,0
34,29.5,28.5,1,30,0.6,1,2,2,0.331671399995685,0,0
34,29.5,29.5,1,1,2.6,1,2,1,0.435806200141087,0,0
34,29.5,29.5,1,2,2,1,2,2,0.278573099989444,0,0
34,29.5,29.5,1,3,1.8,1,1,1,0.302331800106913,0,0
34,29.5,29.5,1,4,1.4,1,1,2,0.273500399896875,0,0
34,29.5,29.5,1,5,1.2,1,1,1,0.720079599879682,0,0
34,29.5,29.5,1,6,1,1,2,2,0.224675099831074,0,0
34,29.5,29.5,1,7,0.8,0,2,1,0.53243919997476,0,0
34,29.5,29.5,1,8,1.4,1,2,2,0.313725699903443,0,0
34,29.5,29.5,1,9,1.4,1,1,1,0.244764700066298,0,0
34,29.5,29.5,1,10,1.2,1,1,2,0.330817899899557,0,0
34,29.5,29.5,1,11,1.2,0,1,1,0.866002599941567,0,0
34,29.5,29.5,1,12,1.6,1,2,2,0.290019399952143,0,0
34,29.5,29.5,1,13,1.6,1,1,1,0.283633799990639,0,0
34,29.5,29.5,1,14,1.4,0,2,2,0.260205800179392,0,0
34,29.5,29.5,1,15,1.8,1,2,1,0.251033100066707,0,0
34,29.5,29.5,1,16,1.8,1,2,2,0.313169999979436,0,0
34,29.5,29.5,1,17,1.8,1,1,1,0.43935459991917,0,0
34,29.5,29.5,1,18,1.6,1,1,2,0.295453099999577,0,0
34,29.5,29.5,1,19,1.6,1,2,1,0.335564500186592,0,0
34,29.5,29.5,1,20,1.6,1,1,2,0.301029399968684,0,0
34,29.5,29.5,1,21,1.6,1,1,1,0.302355699939653,0,0
34,29.5,29.5,1,22,1.2,1,2,2,0.280626999912784,0,0
34,29.5,29.5,1,23,1.2,1,2,1,0.428889000089839,0,0
34,29.5,29.5,1,24,1.2,1,1,2,0.281684899935499,0,0
34,29.5,29.5,1,25,1.2,1,2,1,0.337043300038204,0,0
34,29.5,29.5,1,26,1.2,1,2,2,0.946958000073209,0,0
34,29.5,29.5,1,27,1,0,1,1,0.318567499984056,0,0
34,29.5,29.5,1,28,1.2,0,1,2,2.44739410001785,0,0
34,29.5,29.5,1,29,1.4,1,1,1,0.316130900057033,0,0
34,29.5,29.5,1,30,1.4,0,2,2,0.496557400096208,0,0
34,29.5,30.5,1,1,2.6,1,1,1,0.269722800003365,0,0
34,29.5,30.5,1,2,2,1,1,2,0.2598940001335,0,0
34,29.5,30.5,1,3,1.8,1,2,1,0.425217299954966,0,0
34,29.5,30.5,1,4,1.4,1,2,2,0.257469000061974,0,0
34,29.5,30.5,1,5,1.2,0,1,1,0.298353199847043,0,0
34,29.5,30.5,1,6,2.2,1,2,2,0.265686200000346,0,0
34,29.5,30.5,1,7,2,1,2,1,0.37917000008747,0,0
34,29.5,30.5,1,8,1.8,1,1,2,0.371777599910274,0,0
34,29.5,30.5,1,9,1.6,1,1,1,0.378538599936292,0,0
34,29.5,30.5,1,10,1.6,1,2,2,0.553580400068313,0,0
34,29.5,30.5,1,11,1.6,1,2,1,0.332910099998116,0,0
34,29.5,30.5,1,12,1.4,1,1,2,0.246310899965465,0,0
34,29.5,30.5,1,13,1.4,1,1,1,0.303797200089321,0,0
34,29.5,30.5,1,14,1,1,2,2,0.275651599979028,0,0
34,29.5,30.5,1,15,1,1,1,1,0.548737900098786,0,0
34,29.5,30.5,1,16,1,0,1,2,1.91441460000351,0,0
34,29.5,30.5,1,17,1.4,1,2,1,1.38539669988677,0,0
34,29.5,30.5,1,18,1.4,0,2,2,0.346387899946421,0,0
34,29.5,30.5,1,19,1.6,1,2,1,0.324522500159219,0,0
34,29.5,30.5,1,20,1.6,1,1,2,0.297008899971843,0,0
34,29.5,30.5,1,21,1.6,1,1,1,0.34656609990634,0,0
34,29.5,30.5,1,22,1.6,1,2,2,0.61136360000819,0,0
34,29.5,30.5,1,23,1.6,1,1,1,0.354106499813497,0,0
34,29.5,30.5,1,24,1.2,0,2,2,0.447176200104877,0,0
34,29.5,30.5,1,25,1.6,1,1,1,0.314567599911243,0,0
34,29.5,30.5,1,26,1.6,1,1,2,0.331401099916548,0,0
34,29.5,30.5,1,27,1.6,1,2,1,0.339236799860373,0,0
34,29.5,30.5,1,28,1.6,1,2,2,0.336339500034228,0,0
34,29.5,30.5,1,29,1.6,1,1,1,0.570679800119251,0,0
34,29.5,30.5,1,30,1.2,1,2,2,0.349874000065029,0,0
34,29.5,31.5,1,1,2.6,1,2,1,0.417214100016281,0,0
34,29.5,31.5,1,2,2,1,1,2,0.397356699919328,0,0
34,29.5,31.5,1,3,1.8,1,2,1,0.336706500034779,0,0
34,29.5,31.5,1,4,1.4,0,1,2,2.05948899989016,0,0
34,29.5,31.5,1,5,2.4,1,1,1,0.50064819981344,0,0
34,29.5,31.5,1,6,2.2,1,2,2,0.544173100031912,0,0
34,29.5,31.5,1,7,2,1,1,1,0.74395709997043,0,0
34,29.5,31.5,1,8,2,1,1,2,0.347493099980056,0,0
34,29.5,31.5,1,9,1.8,1,2,1,0.574138399912044,0,0
34,29.5,31.5,1,10,1.8,1,2,2,0.358876200160012,0,0
34,29.5,31.5,1,11,1.6,1,1,1,0.463490199996158,0,0
34,29.5,31.5,1,12,1.6,1,2,2,0.40313579980284,0,0
34,29.5,31.5,1,13,1.2,1,2,1,0.327912400010973,0,0
34,29.5,31.5,1,14,1.2,1,1,2,0.567568799946457,0,0
34,29.5,31.5,1,15,1.2,1,1,1,0.473145300056785,0,0
34,29.5,31.5,1,16,1,1,2,2,0.502756399801001,0,0
34,29.5,31.5,1,17,1,1,2,1,0.367592899827287,0,0
34,29.5,31.5,1,18,0.8,0,1,2,1.60604600002989,0,0
34,29.5,31.5,1,19,1.2,1,2,1,0.425978099927306,0,0
34,29.5,31.5,1,20,1.2,1,1,2,0.426350699970499,0,0
34,29.5,31.5,1,21,1.2,1,1,1,0.627228899858892,0,0
34,29.5,31.5,1,22,1.2,1,2,2,0.398973299888894,0,0
34,29.5,31.5,1,23,1,1,1,1,0.413966200081632,0,0
34,29.5,31.5,1,24,1,0,2,2,3.38978919992223,0,0
34,29.5,31.5,1,25,1.2,1,2,1,0.361338100163266,0,0
34,29.5,31.5,1,26,1.2,1,1,2,1.41645230003633,0,0
34,29.5,31.5,1,27,1.2,1,2,1,0.789846499916166,0,0
34,29.5,31.5,1,28,1.2,1,2,2,0.3906598999165,0,0
34,29.5,31.5,1,29,1.2,1,1,1,0.433851399924606,0,0
34,29.5,31.5,1,30,0.8,0,1,2,3.97803390002809,0,0
36,30.2,28.2,0,1,1.8,1,1,1,1.22335419990122,0,0
36,30.2,28.2,0,2,1.6,1,2,2,0.298482700018212,0,0
36,30.2,28.2,0,3,1.2,1,2,1,0.420552999945357,0,0
36,30.2,28.2,0,4,1,1,1,2,0.202287800144404,0,0
36,30.2,28.2,0,5,0.8,1,1,1,0.202214799821377,0,0
36,30.2,28.2,0,6,0.6,1,2,2,0.480455999961123,0,0
36,30.2,28.2,0,7,0.4,0,2,1,0.306840799981728,0,0
36,30.2,28.2,0,8,0.8,1,2,2,0.203060099855065,0,0
36,30.2,28.2,0,9,0.8,1,1,1,0.219670299906284,0,0
36,30.2,28.2,0,10,0.8,1,1,2,0.582871000049636,0,0
36,30.2,28.2,0,11,0.6,1,2,1,0.202056800015271,0,0
36,30.2,28.2,0,12,0.6,1,1,2,3.34923489997163,0,0
36,30.2,28.2,0,13,0.6,1,1,1,0.321983800036833,0,0
36,30.2,28.2,0,14,0.6,1,1,2,0.218212299980223,0,0
36,30.2,28.2,0,15,0.6,0,2,1,0.287688300013542,0,0
36,30.2,28.2,0,16,0.8,0,1,2,0.465624100062996,0,0
36,30.2,28.2,0,17,1,1,2,1,0.392700900090858,0,0
36,30.2,28.2,0,18,1,1,2,2,0.473422599956393,0,0
36,30.2,28.2,0,19,1,0,2,1,0.202311899978667,0,0
36,30.2,28.2,0,20,1.4,1,2,2,0.304542199941352,0,0
36,30.2,28.2,0,21,1.2,1,2,1,0.203388900030404,0,0
36,30.2,28.2,0,22,1.2,1,1,2,0.753162699984387,0,0
36,30.2,28.2,0,23,1.2,1,1,1,0.790951400063932,0,0
36,30.2,28.2,0,24,0.8,1,1,2,0.202262800186872,0,0
36,30.2,28.2,0,25,0.8,1,2,1,0.274091500090435,0,0
36,30.2,28.2,0,26,0.8,1,1,2,0.331358500057831,0,0
36,30.2,28.2,0,27,0.8,1,2,1,0.275749700143933,0,0
36,30.2,28.2,0,28,0.8,1,2,2,0.202626700047404,0,0
36,30.2,28.2,0,29,0.8,1,1,1,1.41051259986125,0,0
36,30.2,28.2,0,30,0.8,1,1,2,0.244770199991763,0,0
36,30.2,29.2,0,1,1.8,1,2,1,0.626538999844342,0,0
36,30.2,29.2,0,2,1.6,1,2,2,0.291224600048736,0,0
36,30.2,29.2,0,3,1.2,0,1,1,0.256419199984521,0,0
36,30.2,29.2,0,4,2.2,1,2,2,0.616818799870089,0,0
36,30.2,29.2,0,5,2,1,1,1,0.202487499918789,0,0
36,30.2,29.2,0,6,1.8,1,1,2,0.428253999911249,0,0
36,30.2,29.2,0,7,1.8,1,1,1,0.20722039998509,0,0
36,30.2,29.2,0,8,1.6,1,1,2,0.209041600115597,0,0
36,30.2,29.2,0,9,1.6,0,2,1,0.247100699925795,0,0
36,30.2,29.2,0,10,2,1,2,2,0.283161300001666,0,0
36,30.2,29.2,0,11,2,1,1,1,0.288176199886948,0,0
36,30.2,29.2,0,12,1.8,1,2,2,0.20226960000582,0,0
36,30.2,29.2,0,13,1.8,1,1,1,0.202346399892122,0,0
36,30.2,29.2,0,14,1.8,1,1,2,0.202605500118807,0,0
36,30.2,29.2,0,15,1.4,1,2,1,0.326845200033858,0,0
36,30.2,29.2,0,16,1.4,1,1,2,1.25068080006167,0,0
36,30.2,29.2,0,17,1.4,0,2,1,1.51629059994593,0,0
36,30.2,29.2,0,18,1.8,1,2,2,0.202268100110814,0,0
36,30.2,29.2,0,19,1.8,1,2,1,0.202282200101763,0,0
36,30.2,29.2,0,20,1.8,1,1,2,0.437257699901238,0,0
36,30.2,29.2,0,21,1.4,0,1,1,0.202463799854741,0,0
36,30.2,29.2,0,22,1.8,1,2,2,0.202255200129002,0,0
36,30.2,29.2,0,23,1.8,1,1,1,0.203323299996555,0,0
36,30.2,29.2,0,24,1.8,1,2,2,0.612797599984333,0,0
36,30.2,29.2,0,25,1.8,1,2,1,0.374687200179324,0,0
36,30.2,29.2,0,26,1.8,1,1,2,0.281199800083414,0,0
36,30.2,29.2,0,27,1.8,0,2,1,0.692533600144088,0,0
36,30.2,29.2,0,28,1.8,0,2,2,0.695555600104854,0,0
36,30.2,29.2,0,29,2,1,1,1,0.216427200008184,0,0
36,30.2,29.2,0,30,2,1,1,2,1.49944169982336,0,0
36,30.2,30.2,0,1,1.8,1,2,1,0.226755199953914,0,0
36,30.2,30.2,0,2,1.6,1,2,2,0.255344500066712,0,0
36,30.2,30.2,0,3,1.2,1,1,1,0.564388999948278,0,0
36,30.2,30.2,0,4,1,1,2,2,0.359977900050581,0,0
36,30.2,30.2,0,5,0.8,1,1,1,0.20231209998019,0,0
36,30.2,30.2,0,6,0.6,1,1,2,1.23943619988859,0,0
36,30.2,30.2,0,7,0.4,0,2,1,1.44662049994804,0,0
36,30.2,30.2,0,8,0.8,1,1,2,0.202311099972576,0,0
36,30.2,30.2,0,9,0.8,0,2,1,0.342465399997309,0,0
36,30.2,30.2,0,10,1.4,1,2,2,0.677668999880552,0,0
36,30.2,30.2,0,11,1.2,1,1,1,0.448824199847877,0,0
36,30.2,30.2,0,12,1.2,1,1,2,0.462438400136307,0,0
36,30.2,30.2,0,13,1,1,1,1,0.745444300118834,0,0
36,30.2,30.2,0,14,1,0,2,2,0.535384499933571,0,0
36,30.2,30.2,0,15,1.4,1,2,1,NaN,1,0
36,30.2,30.2,0,16,1.2,1,2,2,0.328600800130516,0,0
36,30.2,30.2,0,17,1.2,1,1,1,0.203300700057298,0,0
36,30.2,30.2,0,18,1.2,1,1,2,0.291137200081721,0,0
36,30.2,30.2,0,19,1.2,1,2,1,0.389665599912405,0,0
36,30.2,30.2,0,20,1.2,1,2,2,0.298355699982494,0,0
36,30.2,30.2,0,21,0.8,1,2,1,0.306338000111282,0,0
36,30.2,30.2,0,22,0.8,0,1,2,0.363483000081033,0,0
36,30.2,30.2,0,23,1.2,1,1,1,0.506547099910676,0,0
36,30.2,30.2,0,24,1.2,1,1,2,0.265639099990949,0,0
36,30.2,30.2,0,25,1.2,1,1,1,0.307634999975562,0,0
36,30.2,30.2,0,26,1.2,1,2,2,0.31132879992947,0,0
36,30.2,30.2,0,27,0.8,1,1,1,0.212304199812934,0,0
36,30.2,30.2,0,28,0.8,0,2,2,0.264146799920127,0,0
36,30.2,30.2,0,29,1.2,1,2,1,0.202445599948987,0,0
36,30.2,31.2,0,1,1.8,1,1,1,0.452055200003088,0,0
36,30.2,31.2,0,2,1.6,1,1,2,0.314776600105688,0,0
36,30.2,31.2,0,3,1.2,1,2,1,0.334310899954289,0,0
36,30.2,31.2,0,4,1,1,1,2,0.299122799886391,0,0
36,30.2,31.2,0,5,0.8,0,2,1,0.237075999844819,0,0
36,30.2,31.2,0,6,1.4,1,2,2,0.26476370007731,0,0
36,30.2,31.2,0,7,1.4,1,2,1,0.260891099926084,0,0
36,30.2,31.2,0,8,1.2,1,2,2,0.305564299924299,0,0
36,30.2,31.2,0,9,1.2,0,1,1,1.65878230007365,0,0
36,30.2,31.2,0,10,1.8,1,2,2,0.219041100004688,0,0
36,30.2,31.2,0,11,1.6,1,1,1,0.202272200025618,0,0
36,30.2,31.2,0,12,1.4,1,1,2,0.303869300056249,0,0
36,30.2,31.2,0,13,1.4,1,1,1,0.591289599891752,0,0
36,30.2,31.2,0,14,1.4,1,1,2,0.319611700018868,0,0
36,30.2,31.2,0,15,1.4,1,2,1,0.295338600175455,0,0
36,30.2,31.2,0,16,1,1,2,2,0.340757800033316,0,0
36,30.2,31.2,0,17,1,1,1,1,0.542410399997607,0,0
36,30.2,31.2,0,18,1,1,2,2,0.202377100009471,0,0
36,30.2,31.2,0,19,1,1,1,1,0.202375699998811,0,0
36,30.2,31.2,0,20,1,1,2,2,0.230216900119558,0,0
36,30.2,31.2,0,21,1,1,2,1,0.283560799900442,0,0
36,30.2,31.2,0,22,1,1,2,2,0.287962700007483,0,0
36,30.2,31.2,0,23,0.6,1,1,1,0.299315299838781,0,0
36,30.2,31.2,0,24,0.6,0,1,2,0.294430000009015,0,0
36,30.2,31.2,0,25,1,1,1,1,0.202280899975449,0,0
36,30.2,31.2,0,26,1,1,1,2,0.288601599866524,0,0
36,30.2,31.2,0,27,1,1,2,1,0.203352899989113,0,0
36,30.2,31.2,0,28,1,1,1,2,0.378976200008765,0,0
36,30.2,31.2,0,29,1,1,2,1,0.324739000061527,0,0
36,30.2,31.2,0,30,1,1,2,2,0.335837499937043,0,0
36,30.2,32.2,0,1,1.8,1,2,1,0.991806200006977,0,0
36,30.2,32.2,0,2,1.6,1,1,2,0.901301200035959,0,0
36,30.2,32.2,0,3,1.2,1,1,1,0.660632699960843,0,0
36,30.2,32.2,0,4,1,1,2,2,0.300161099992692,0,0
36,30.2,32.2,0,5,0.8,1,1,1,0.242313300026581,0,0
36,30.2,32.2,0,6,0.6,1,2,2,0.306293900124729,0,0
36,30.2,32.2,0,7,0.4,0,2,1,0.218198799993843,0,0
36,30.2,32.2,0,8,0.8,1,1,2,0.409308400005102,0,0
36,30.2,32.2,0,9,0.8,1,1,1,0.321551299886778,0,0
36,30.2,32.2,0,10,0.8,1,2,2,0.279927500057966,0,0
36,30.2,32.2,0,11,0.6,1,2,1,0.295060200151056,0,0
36,30.2,32.2,0,12,0.6,1,1,2,0.418240000028163,0,0
36,30.2,32.2,0,13,0.6,1,2,1,0.737106899963692,0,0
36,30.2,32.2,0,14,0.6,1,1,2,0.270871999906376,0,0
36,30.2,32.2,0,15,0.6,1,1,1,0.293545900145546,0,0
36,30.2,32.2,0,16,0.6,1,1,2,0.508213000139222,0,0
36,30.2,32.2,0,17,0.6,1,2,1,0.295267599867657,0,0
36,30.2,32.2,0,18,0.6,1,2,2,0.283565199933946,0,0
36,30.2,32.2,0,19,0.6,1,2,1,0.30517499987036,0,0
36,30.2,32.2,0,20,0.2,0,1,2,0.278847600100562,0,0
36,30.2,32.2,0,21,0.6,1,1,1,0.317702100146562,0,0
36,30.2,32.2,0,22,0.6,1,1,2,0.330759400036186,0,0
36,30.2,32.2,0,23,0.6,1,2,1,0.328187800012529,0,0
36,30.2,32.2,0,24,0.6,1,2,2,0.24680839991197,0,0
36,30.2,32.2,0,25,0.6,1,2,1,0.322012699907646,0,0
36,30.2,32.2,0,26,0.6,1,2,2,0.502692699898034,0,0
36,30.2,32.2,0,27,0.6,0,2,1,1.19964689994231,0,0
36,30.2,32.2,0,28,0.6,1,1,2,1.52262860001065,0,0
36,30.2,32.2,0,29,0.6,1,1,1,0.536446400219575,0,0
36,30.2,32.2,0,30,0.6,1,1,2,1.00695260008797,0,0
36,30.2,28.2,1,1,2.6,1,1,1,0.634865599917248,0,0
36,30.2,28.2,1,2,2,0,1,2,0.211407699855044,0,0
36,30.2,28.2,1,3,3.4,1,1,1,0.692386199953035,0,0
36,30.2,28.2,1,4,3.2,1,2,2,0.301045299973339,0,0
36,30.2,28.2,1,5,3,0,2,1,1.21474809991196,0,0
36,30.2,28.2,1,6,4,1,2,2,0.26429699989967,0,0
36,30.2,28.2,1,7,3.8,1,1,1,0.240535200107843,0,0
36,30.2,28.2,1,8,3.6,1,2,2,0.279052400030196,0,0
36,30.2,28.2,1,9,3.6,1,1,1,0.309122399892658,0,0
36,30.2,28.2,1,10,3.4,1,2,2,0.365806699963287,0,0
36,30.2,28.2,1,11,3.4,1,2,1,0.202335099922493,0,0
36,30.2,28.2,1,12,2.8,1,1,2,0.569266299949959,0,0
36,30.2,28.2,1,13,2.8,1,2,1,0.202462700195611,0,0
36,30.2,28.2,1,14,2.8,1,1,2,0.202381300041452,0,0
36,30.2,28.2,1,15,2.6,0,1,1,0.313347300048918,0,0
36,30.2,28.2,1,16,3.2,0,2,2,0.346836599987,0,0
36,30.2,28.2,1,17,3.8,0,1,1,0.322926300112158,0,0
36,30.2,28.2,1,18,4.4,1,2,2,0.339978400152177,0,0
36,30.2,28.2,1,19,4.4,1,1,1,0.229554400080815,0,0
36,30.2,28.2,1,20,4.4,1,2,2,0.263897200115025,0,0
36,30.2,28.2,1,21,4.2,1,1,1,0.536854600068182,0,0
36,30.2,28.2,1,22,4.2,1,2,2,0.393756699981168,0,0
36,30.2,28.2,1,23,3.6,1,2,1,0.202461099950597,0,0
36,30.2,28.2,1,24,3.6,1,1,2,0.241408300120384,0,0
36,30.2,28.2,1,25,3.6,0,2,1,0.980152399977669,0,0
36,30.2,28.2,1,26,4.4,1,2,2,0.942851500120014,0,0
36,30.2,28.2,1,27,4.4,1,2,1,0.366492999950424,0,0
36,30.2,28.2,1,28,4.4,1,1,2,0.207550399936736,0,0
36,30.2,28.2,1,29,4.4,1,1,1,0.240101000061259,0,0
36,30.2,28.2,1,30,3.4,0,1,2,0.282998699927703,0,0
36,30.2,29.2,1,1,2.6,1,1,1,1.18457320006564,0,0
36,30.2,29.2,1,2,2,1,2,2,0.370220999931917,0,0
36,30.2,29.2,1,3,1.8,0,2,1,0.203412600094453,0,0
36,30.2,29.2,1,4,3,1,1,2,1.07383450004272,0,0
36,30.2,29.2,1,5,2.8,1,2,1,0.25898370007053,0,0
36,30.2,29.2,1,6,2.6,1,1,2,0.741660400060937,0,0
36,30.2,29.2,1,7,2.4,1,1,1,0.260478199925274,0,0
36,30.2,29.2,1,8,2.2,0,1,2,0.430464500095695,0,0
36,30.2,29.2,1,9,2.8,0,2,1,0.535029999911785,0,0
36,30.2,29.2,1,10,3.8,1,2,2,0.252167799975723,0,0
36,30.2,29.2,1,11,3.6,1,1,1,0.374035899993032,0,0
36,30.2,29.2,1,12,3.4,1,2,2,0.405105599900708,0,0
36,30.2,29.2,1,13,3.4,0,2,1,0.357778900070116,0,0
36,30.2,29.2,1,14,4.2,1,1,2,0.310947900172323,0,0
36,30.2,29.2,1,15,4,1,2,1,1.30071109998971,0,0
36,30.2,29.2,1,16,4,1,2,2,0.406680099898949,0,0
36,30.2,29.2,1,17,4,1,1,1,0.272466999944299,0,0
36,30.2,29.2,1,18,3.2,1,1,2,0.267676800023764,0,0
36,30.2,29.2,1,19,3.2,0,2,1,0.687612200155854,0,0
36,30.2,29.2,1,20,4,1,1,2,0.261669300030917,0,0
36,30.2,29.2,1,21,4,1,1,1,0.289336599875242,0,0
36,30.2,29.2,1,22,4,1,1,2,0.463233700022101,0,0
36,30.2,29.2,1,23,4,0,2,1,0.399760500062257,0,0
36,30.2,29.2,1,24,4.6,1,2,2,0.419304100098088,0,0
36,30.2,29.2,1,25,4.6,1,1,1,0.33513359981589,0,0
36,30.2,29.2,1,26,4.4,1,2,2,0.35395530005917,0,0
36,30.2,29.2,1,27,4.4,0,2,1,0.301273700082675,0,0
36,30.2,29.2,1,28,5.2,1,2,2,0.261723499977961,0,0
36,30.2,29.2,1,29,5,1,1,1,0.345310400007293,0,0
36,30.2,29.2,1,30,5,1,1,2,0.202482899883762,0,0
36,30.2,30.2,1,1,2.6,1,1,1,1.43733069999143,0,0
36,30.2,30.2,1,2,2,1,1,2,0.289964499883354,0,0
36,30.2,30.2,1,3,1.8,0,2,1,0.203321799868718,0,0
36,30.2,30.2,1,4,3,1,2,2,0.340044300071895,0,0
36,30.2,30.2,1,5,2.8,0,1,1,0.203437199816108,0,0
36,30.2,30.2,1,6,4,1,2,2,0.202259300043806,0,0
36,30.2,30.2,1,7,3.8,0,1,1,0.260334899881855,0,0
36,30.2,30.2,1,8,4.8,1,2,2,0.31515400018543,0,0
36,30.2,30.2,1,9,4.6,1,1,1,0.508809700142592,0,0
36,30.2,30.2,1,10,4.4,1,2,2,0.337633299874142,0,0
36,30.2,30.2,1,11,4.4,1,1,1,0.351238199975342,0,0
36,30.2,30.2,1,12,4.2,1,2,2,0.202627599937841,0,0
36,30.2,30.2,1,13,3.6,1,2,1,1.09898230014369,0,0
36,30.2,30.2,1,14,3.4,0,2,2,0.396340100094676,0,0
36,30.2,30.2,1,15,4.4,1,2,1,1.45355340000242,0,0
36,30.2,30.2,1,16,4.4,1,1,2,0.202392499893904,0,0
36,30.2,30.2,1,17,4.2,1,1,1,0.26712299999781,0,0
36,30.2,30.2,1,18,4.2,1,1,2,0.203332199947909,0,0
36,30.2,30.2,1,19,3.6,0,2,1,0.749739400111139,0,0
36,30.2,30.2,1,20,4.2,1,2,2,0.202292799949646,0,0
36,30.2,30.2,1,21,4.2,1,1,1,0.273083999985829,0,0
36,30.2,30.2,1,22,4.2,1,2,2,2.51696220017038,0,0
36,30.2,30.2,1,23,4,0,1,1,0.350334200076759,0,0
36,30.2,30.2,1,24,4.4,1,1,2,0.205025600036606,0,0
36,30.2,30.2,1,25,4.4,1,2,1,0.202459700172767,0,0
36,30.2,30.2,1,26,4.4,1,1,2,0.294526800047606,0,0
36,30.2,30.2,1,27,4.4,1,2,1,1.28792740008794,0,0
36,30.2,30.2,1,28,4.2,1,2,2,0.294011899968609,0,0
36,30.2,30.2,1,29,4.2,1,1,1,1.11315999994986,0,0
36,30.2,30.2,1,30,3.8,0,1,2,0.809389500180259,0,0
36,30.2,31.2,1,1,2.6,1,1,1,0.239746199920774,0,0
36,30.2,31.2,1,2,2,1,2,2,0.606534699909389,0,0
36,30.2,31.2,1,3,1.8,1,2,1,0.333987300051376,0,0
36,30.2,31.2,1,4,1.4,1,2,2,1.04748880001716,0,0
36,30.2,31.2,1,5,1.2,1,1,1,0.490656099980697,0,0
36,30.2,31.2,1,6,1,1,1,2,0.231088600121439,0,0
36,30.2,31.2,1,7,0.8,0,1,1,0.973652299959213,0,0
36,30.2,31.2,1,8,1.4,0,2,2,1.15857069985941,0,0
36,30.2,31.2,1,9,2.2,0,2,1,0.230987200047821,0,0
36,30.2,31.2,1,10,3.4,1,1,2,0.202403099974617,0,0
36,30.2,31.2,1,11,3.2,1,1,1,0.202622399898246,0,0
36,30.2,31.2,1,12,3,1,2,2,0.316765299998224,0,0
36,30.2,31.2,1,13,2.8,1,1,1,0.256992399925366,0,0
36,30.2,31.2,1,14,2.6,1,1,2,0.325068500125781,0,0
36,30.2,31.2,1,15,2.6,0,2,1,0.202358599985018,0,0
36,30.2,31.2,1,16,3.2,1,2,2,0.637031699996442,0,0
36,30.2,31.2,1,17,3.2,1,2,1,0.353774500079453,0,0
36,30.2,31.2,1,18,3,1,1,2,0.232794600073248,0,0
36,30.2,31.2,1,19,3,0,2,1,0.202419399982318,0,0
36,30.2,31.2,1,20,3.6,1,1,2,0.224145999876782,0,0
36,30.2,31.2,1,21,3.6,1,1,1,0.274624099954963,0,0
36,30.2,31.2,1,22,3.4,1,2,2,0.393777400022373,0,0
36,30.2,31.2,1,23,3.4,1,1,1,0.309699000092223,0,0
36,30.2,31.2,1,24,2.8,1,2,2,0.495860500028357,0,0
36,30.2,31.2,1,25,2.8,0,2,1,0.502807299839333,0,0
36,30.2,31.2,1,26,3.6,1,1,2,1.56891929986887,0,0
36,30.2,31.2,1,27,3.4,0,2,1,0.294335399987176,0,0
36,30.2,31.2,1,28,4,1,1,2,0.393931799801067,0,0
36,30.2,31.2,1,29,4,1,1,1,0.256364400032908,0,0
36,30.2,31.2,1,30,4,1,2,2,0.425597899826244,0,0
36,30.2,32.2,1,1,2.6,1,1,1,0.224861900089309,0,0
36,30.2,32.2,1,2,2,1,2,2,0.240544199943542,0,0
36,30.2,32.2,1,3,1.8,1,2,1,0.220842699985951,0,0
36,30.2,32.2,1,4,1.4,1,1,2,0.26261890004389,0,0
36,30.2,32.2,1,5,1.2,0,2,1,0.255221700062975,0,0
36,30.2,32.2,1,6,2.2,1,1,2,0.264603500021622,0,0
36,30.2,32.2,1,7,2,1,1,1,0.299282899824902,0,0
36,30.2,32.2,1,8,1.8,1,1,2,0.587206399999559,0,0
36,30.2,32.2,1,9,1.6,1,2,1,0.234804699895903,0,0
36,30.2,32.2,1,10,1.6,1,2,2,0.392166600096971,0,0
36,30.2,32.2,1,11,1.6,1,1,1,0.598810299998149,0,0
36,30.2,32.2,1,12,1.4,1,2,2,0.393997399834916,0,0
36,30.2,32.2,1,13,1.4,1,1,1,0.341292699798942,0,0
36,30.2,32.2,1,14,1,1,1,2,0.273288199910894,0,0
36,30.2,32.2,1,15,1,1,2,1,0.23217390011996,0,0
36,30.2,32.2,1,16,1,1,2,2,0.631739600095898,0,0
36,30.2,32.2,1,17,1,0,1,1,0.752544899936765,0,0
36,30.2,32.2,1,18,1.4,1,2,2,0.202117500128224,0,0
36,30.2,32.2,1,19,1.4,0,2,1,0.297600000165403,0,0
36,30.2,32.2,1,20,1.6,1,1,2,0.357150999829173,0,0
36,30.2,32.2,1,21,1.6,0,2,1,0.375892900163308,0,0
36,30.2,32.2,1,22,2,1,1,2,0.312585599953309,0,0
36,30.2,32.2,1,23,1.8,1,1,1,0.518293400062248,0,0
36,30.2,32.2,1,24,1.8,1,2,2,0.227119200164452,0,0
36,30.2,32.2,1,25,1.8,0,2,1,0.641747999936342,0,0
36,30.2,32.2,1,26,2.2,1,1,2,0.346394899999723,0,0
36,30.2,32.2,1,27,2.2,1,1,1,0.400818200083449,0,0
36,30.2,32.2,1,28,2.2,1,1,2,1.19230960006826,0,0
36,30.2,32.2,1,29,2,1,2,1,0.2194095000159,0,0
36,30.2,32.2,1,30,1.6,1,2,2,0.303950099973008,0,0
38,30,28,0,1,1.8,1,1,1,0.267767700133845,0,0
38,30,28,0,2,1.6,1,2,2,0.298859300091863,0,0
38,30,28,0,3,1.2,1,1,1,0.259227699832991,0,0
38,30,28,0,4,1,1,2,2,0.361751399934292,0,0
38,30,28,0,5,0.8,1,2,1,0.269667099928483,0,0
38,30,28,0,6,0.6,1,1,2,0.286851100157946,0,0
38,30,28,0,7,0.4,1,2,1,0.301981399999931,0,0
38,30,28,0,8,0.4,1,1,2,0.35565820010379,0,0
38,30,28,0,9,0.4,1,2,1,0.357924199895933,0,0
38,30,28,0,10,0.2,1,1,2,0.296146400040016,0,0
38,30,28,0,11,0.2,0,2,1,0.269149099942297,0,0
38,30,28,0,12,0.4,1,1,2,0.287247899919748,0,0
38,30,28,0,13,0.4,1,1,1,0.303892099997029,0,0
38,30,28,0,14,0.4,1,2,2,0.312072900123894,0,0
38,30,28,0,15,0.4,1,2,1,0.435990700032562,0,0
38,30,28,0,16,0.4,1,1,2,0.456252899952233,0,0
38,30,28,0,17,0.4,1,1,1,0.52907589985989,0,0
38,30,28,0,18,0.4,1,2,2,0.311527299927548,0,0
38,30,28,0,19,0.4,1,1,1,0.214888700051233,0,0
38,30,28,0,20,0.4,1,2,2,0.413912399904802,0,0
38,30,28,0,21,0.4,1,2,1,0.242478299885988,0,0
38,30,28,0,22,0.4,1,2,2,0.246210600016639,0,0
38,30,28,0,23,0.2,1,1,1,0.478430500021204,0,0
38,30,28,0,24,0.2,1,1,2,0.571671799989417,0,0
38,30,28,0,25,0.2,0,1,1,1.92513410001993,0,0
38,30,28,0,26,0.4,1,2,2,0.307780599920079,0,0
38,30,28,0,27,0.4,1,2,1,0.271473699947819,0,0
38,30,28,0,28,0.4,1,1,2,0.280595500022173,0,0
38,30,28,0,29,0.4,1,2,1,0.48625100008212,0,0
38,30,28,0,30,0.4,1,1,2,0.331092000007629,0,0
38,30,29,0,1,1.8,1,1,1,0.290510900085792,0,0
38,30,29,0,2,1.6,1,1,2,0.572656499920413,0,0
38,30,29,0,3,1.2,1,1,1,1.10649770009331,0,0
38,30,29,0,4,1,1,2,2,0.248668499989435,0,0
38,30,29,0,5,0.8,1,2,1,0.40730269998312,0,0
38,30,29,0,6,0.6,1,2,2,0.504411300178617,0,0
38,30,29,0,7,0.4,1,2,1,0.33312559989281,0,0
38,30,29,0,8,0.4,1,2,2,0.314830499934033,0,0
38,30,29,0,9,0.4,1,1,1,0.385499199852347,0,0
38,30,29,0,10,0.2,1,1,2,0.342536699958146,0,0
38,30,29,0,11,0.2,1,2,1,0.888112700078636,0,0
38,30,29,0,12,0.2,1,1,2,0.44498770008795,0,0
38,30,29,0,13,0.2,1,1,1,0.315693499986082,0,0
38,30,29,0,14,0.2,1,1,2,0.415497000096366,0,0
38,30,29,0,15,0.2,1,2,1,0.352847999893129,0,0
38,30,29,0,16,0.2,0,2,2,0.322903499938548,0,0
38,30,29,0,17,0.2,1,2,1,0.34965950017795,0,0
38,30,29,0,18,0.2,1,1,2,0.300562199903652,0,0
38,30,29,0,19,0.2,0,2,1,0.332971200114116,0,0
38,30,29,0,20,0.4,1,1,2,1.18803730001673,0,0
38,30,29,0,21,0.4,1,2,1,0.312890000175685,0,0
38,30,29,0,22,0.4,1,1,2,0.345664500026032,0,0
38,30,29,0,23,0.4,1,1,1,0.764385299989954,0,0
38,30,29,0,24,0.4,1,2,2,0.476604099851102,0,0
38,30,29,0,25,0.4,1,1,1,0.44409739994444,0,0
38,30,29,0,26,0.4,1,2,2,0.403703300049528,0,0
38,30,29,0,27,0.4,1,1,1,0.355750899994746,0,0
38,30,29,0,28,0.4,1,2,2,0.289617500035092,0,0
38,30,29,0,29,0.4,1,2,1,0.634371499996632,0,0
38,30,29,0,30,0.4,1,1,2,0.324681299971417,0,0
38,30,30,0,1,1.8,1,2,1,0.290239299880341,0,0
38,30,30,0,2,1.6,1,2,2,0.251241100020707,0,0
38,30,30,0,3,1.2,1,2,1,0.336461300030351,0,0
38,30,30,0,4,1,1,1,2,0.324794699903578,0,0
38,30,30,0,5,0.8,1,1,1,0.352226800052449,0,0
38,30,30,0,6,0.6,1,1,2,0.279134999960661,0,0
38,30,30,0,7,0.4,1,2,1,0.360408699838445,0,0
38,30,30,0,8,0.4,1,1,2,2.11311430018395,0,0
38,30,30,0,9,0.4,1,1,1,0.385692399926484,0,0
38,30,30,0,10,0.2,0,2,2,1.20037420000881,0,0
38,30,30,0,11,0.4,1,2,1,0.442163999890909,0,0
38,30,30,0,12,0.4,1,1,2,1.29146750015207,0,0
38,30,30,0,13,0.4,1,1,1,1.25999549985863,0,0
38,30,30,0,14,0.4,1,1,2,1.96636050008237,0,0
38,30,30,0,15,0.4,1,2,1,1.23636190011166,0,0
38,30,30,0,16,0.4,1,1,2,0.949787300080061,0,0
38,30,30,0,17,0.4,1,2,1,0.420553100062534,0,0
38,30,30,0,18,0.4,1,2,2,0.25688310014084,0,0
38,30,30,0,19,0.4,1,1,1,0.337227100040764,0,0
38,30,30,0,20,0.4,1,2,2,0.357748499838635,0,0
38,30,30,0,21,0.4,1,2,1,0.334696699865162,0,0
38,30,30,0,22,0.4,1,2,2,0.339088300010189,0,0
38,30,30,0,23,0.4,1,1,1,0.368422199971974,0,0
38,30,30,0,24,0.4,1,1,2,0.350478899898008,0,0
38,30,30,0,25,0.2,1,2,1,0.318701200187206,0,0
38,30,30,0,26,0.2,1,1,2,0.338718999875709,0,0
38,30,30,0,27,0.2,1,1,1,0.202268599998206,0,0
38,30,30,0,28,0.2,0,2,2,0.346555300056934,0,0
38,30,30,0,29,0.4,1,2,1,0.266062900191173,0,0
38,30,30,0,30,0.4,1,1,2,0.228595199994743,0,0
38,30,31,0,1,1.8,1,1,1,0.300218400079757,0,0
38,30,31,0,2,1.6,1,2,2,0.297492800047621,0,0
38,30,31,0,3,1.2,1,1,1,0.27719429996796,0,0
38,30,31,0,4,1,1,1,2,0.275471499888226,0,0
38,30,31,0,5,0.8,1,2,1,0.404545099940151,0,0
38,30,31,0,6,0.6,1,2,2,0.357657400192693,0,0
38,30,31,0,7,0.4,1,1,1,0.315902499947697,0,0
38,30,31,0,8,0.4,0,2,2,1.56575000006706,0,0
38,30,31,0,9,0.8,1,2,1,1.3618669998832,0,0
38,30,31,0,10,0.8,1,1,2,0.370285699842498,0,0
38,30,31,0,11,0.6,1,2,1,0.303956599906087,0,0
38,30,31,0,12,0.6,1,1,2,0.597330500138924,0,0
38,30,31,0,13,0.6,1,1,1,0.331169200129807,0,0
38,30,31,0,14,0.6,1,2,2,0.389082100009546,0,0
38,30,31,0,15,0.6,1,2,1,0.539834699826315,0,0
38,30,31,0,16,0.6,1,1,2,0.334619499975815,0,0
38,30,31,0,17,0.6,1,1,1,0.606459399918094,0,0
38,30,31,0,18,0.2,0,2,2,1.16510419989936,0,0
38,30,31,0,19,0.6,1,2,1,0.954532900126651,0,0
38,30,31,0,20,0.6,1,1,2,0.554255699971691,0,0
38,30,31,0,21,0.6,1,2,1,0.964529599994421,0,0
38,30,31,0,22,0.6,1,1,2,0.302172599826008,0,0
38,30,31,0,23,0.6,1,1,1,0.269554800121114,0,0
38,30,31,0,24,0.6,1,2,2,0.337941699894145,0,0
38,30,31,0,25,0.6,1,1,1,0.331875799922273,0,0
38,30,31,0,26,0.6,1,2,2,0.403924900107086,0,0
38,30,31,0,27,0.6,1,1,1,0.288505000062287,0,0
38,30,31,0,28,0.4,1,2,2,1.43496490013786,0,0
38,30,31,0,29,0.4,1,2,1,1.24978230008855,0,0
38,30,31,0,30,0.4,1,1,2,0.980589300161228,0,0
38,30,32,0,1,1.8,1,1,1,0.976083499845117,0,0
38,30,32,0,2,1.6,1,2,2,0.869186399970204,0,0
38,30,32,0,3,1.2,1,2,1,0.540493600070477,0,0
38,30,32,0,4,1,1,1,2,0.375614600023255,0,0
38,30,32,0,5,0.8,1,1,1,0.393114699982107,0,0
38,30,32,0,6,0.6,1,2,2,0.389262099983171,0,0
38,30,32,0,7,0.4,1,2,1,0.310503100045025,0,0
38,30,32,0,8,0.4,1,1,2,0.33160510007292,0,0
38,30,32,0,9,0.4,1,2,1,0.6326560000889,0,0
38,30,32,0,10,0.2,0,2,2,0.477449199883267,0,0
38,30,32,0,11,0.4,1,1,1,0.345921299885958,0,0
38,30,32,0,12,0.4,1,1,2,0.279053200036287,0,0
38,30,32,0,13,0.4,1,1,1,0.355409999843687,0,0
38,30,32,0,14,0.4,1,2,2,0.41844639996998,0,0
38,30,32,0,15,0.4,1,2,1,0.257188699906692,0,0
38,30,32,0,16,0.4,1,2,2,0.348525200039148,0,0
38,30,32,0,17,0.4,1,1,1,0.381959599908441,0,0
38,30,32,0,18,0.4,1,1,2,0.302832899847999,0,0
38,30,32,0,19,0.4,1,2,1,0.301181300077587,0,0
38,30,32,0,20,0.4,1,1,2,0.300824800040573,0,0
38,30,32,0,21,0.4,1,2,1,0.345996600110084,0,0
38,30,32,0,22,0.4,1,2,2,0.360198999987915,0,0
38,30,32,0,23,0.4,1,1,1,0.383175899973139,0,0
38,30,32,0,24,0.4,1,1,2,0.267005400033668,0,0
38,30,32,0,25,0.2,1,1,1,0.318375900154933,0,0
38,30,32,0,26,0.2,0,2,2,1.37072169990279,0,0
38,30,32,0,27,0.4,1,2,1,0.276682199910283,0,0
38,30,32,0,28,0.4,1,1,2,0.487968700006604,0,0
38,30,32,0,29,0.4,1,2,1,0.308912799926475,0,0
38,30,32,0,30,0.4,1,1,2,0.326458799885586,0,0
38,30,28,1,1,2.6,1,2,1,0.295255000004545,0,0
38,30,28,1,2,2,1,2,2,0.566082999808714,0,0
38,30,28,1,3,1.8,1,2,1,0.341404200065881,0,0
38,30,28,1,4,1.4,0,1,2,0.315078399842605,0,0
38,30,28,1,5,2.4,1,1,1,0.287509100046009,0,0
38,30,28,1,6,2.2,1,1,2,0.338759199948981,0,0
38,30,28,1,7,2,1,2,1,0.308826299849898,0,0
38,30,28,1,8,2,1,1,2,0.333834799937904,0,0
38,30,28,1,9,1.8,0,2,1,0.387418400030583,0,0
38,30,28,1,10,2.4,1,1,2,0.302306500030681,0,0
38,30,28,1,11,2.2,0,2,1,0.432146399980411,0,0
38,30,28,1,12,3,1,1,2,0.308221900137141,0,0
38,30,28,1,13,2.8,1,2,1,0.240364299854264,0,0
38,30,28,1,14,2.6,1,1,2,0.446034300141037,0,0
38,30,28,1,15,2.6,1,1,1,0.318080299999565,0,0
38,30,28,1,16,2.6,1,2,2,0.632305199978873,0,0
38,30,28,1,17,2.4,1,1,1,0.283807199914008,0,0
38,30,28,1,18,2,1,2,2,0.801963199861348,0,0
38,30,28,1,19,2,0,1,1,0.467632999876514,0,0
38,30,28,1,20,2.6,1,1,2,0.332833500113338,0,0
38,30,28,1,21,2.4,1,2,1,0.356078499928117,0,0
38,30,28,1,22,2.4,1,1,2,0.283219699980691,0,0
38,30,28,1,23,2.4,1,2,1,0.285276799928397,0,0
38,30,28,1,24,2.4,1,2,2,0.283646400086582,0,0
38,30,28,1,25,2,0,2,1,0.237606900045648,0,0
38,30,28,1,26,2.4,1,2,2,0.284328799927607,0,0
38,30,28,1,27,2.4,1,1,1,0.268543800106272,0,0
38,30,28,1,28,2.4,0,2,2,0.588827400002629,0,0
38,30,28,1,29,2.6,1,1,1,0.296554799890146,0,0
38,30,28,1,30,2.6,1,1,2,0.323084099916741,0,0
38,30,29,1,1,2.6,1,2,1,0.303550299955532,0,0
38,30,29,1,2,2,1,1,2,0.281598000088707,0,0
38,30,29,1,3,1.8,1,2,1,0.304168999893591,0,0
38,30,29,1,4,1.4,1,1,2,0.302994900150225,0,0
38,30,29,1,5,1.2,0,2,1,0.348341800039634,0,0
38,30,29,1,6,2.2,1,1,2,0.295133600011468,0,0
38,30,29,1,7,2,1,1,1,1.03438790002838,0,0
38,30,29,1,8,1.8,1,2,2,0.286008399911225,0,0
38,30,29,1,9,1.6,1,2,1,0.316553100012243,0,0
38,30,29,1,10,1.6,1,2,2,0.258842499926686,0,0
38,30,29,1,11,1.6,1,1,1,0.454297699965537,0,0
38,30,29,1,12,1.4,0,1,2,0.264108800096437,0,0
38,30,29,1,13,1.8,1,1,1,0.240322600118816,0,0
38,30,29,1,14,1.6,0,2,2,0.29651640006341,0,0
38,30,29,1,15,2,1,2,1,0.357014100067317,0,0
38,30,29,1,16,1.8,1,2,2,0.314078599913046,0,0
38,30,29,1,17,1.8,1,1,1,0.334018100053072,0,0
38,30,29,1,18,1.8,1,1,2,0.300520500168204,0,0
38,30,29,1,19,1.8,1,2,1,0.379033899866045,0,0
38,30,29,1,20,1.8,1,1,2,0.285104600014165,0,0
38,30,29,1,21,1.8,1,2,1,0.351442599901929,0,0
38,30,29,1,22,1.8,1,1,2,0.35165199986659,0,0
38,30,29,1,23,1.4,0,1,1,0.300108199939132,0,0
38,30,29,1,24,1.8,1,2,2,0.53497889987193,0,0
38,30,29,1,25,1.8,1,1,1,0.275646699825302,0,0
38,30,29,1,26,1.8,1,1,2,0.273750300053507,0,0
38,30,29,1,27,1.8,1,2,1,0.456155400024727,0,0
38,30,29,1,28,1.8,1,2,2,0.330319300061092,0,0
38,30,29,1,29,1.4,0,1,1,0.597336400067434,0,0
38,30,29,1,30,1.8,1,2,2,0.517654899973422,0,0
38,30,30,1,1,2.6,1,2,1,0.332215100061148,0,0
38,30,30,1,2,2,1,2,2,0.258568000048399,0,0
38,30,30,1,3,1.8,1,1,1,0.241792900022119,0,0
38,30,30,1,4,1.4,1,1,2,0.265736000146717,0,0
38,30,30,1,5,1.2,1,1,1,0.448940400034189,0,0
38,30,30,1,6,1,1,2,2,0.528107499936596,0,0
38,30,30,1,7,0.8,0,2,1,0.30289650009945,0,0
38,30,30,1,8,1.4,1,2,2,0.236387999961153,0,0
38,30,30,1,9,1.4,1,1,1,0.715617000125349,0,0
38,30,30,1,10,1.2,1,1,2,0.289267999818549,0,0
38,30,30,1,11,1.2,1,1,1,0.276587700005621,0,0
38,30,30,1,12,1,1,2,2,1.47971979994327,0,0
38,30,30,1,13,1,1,1,1,1.20521769998595,0,0
38,30,30,1,14,1,0,2,2,0.409534899983555,0,0
38,30,30,1,15,1.2,1,2,1,0.311590400058776,0,0
38,30,30,1,16,1.2,1,2,2,0.337476199958473,0,0
38,30,30,1,17,1.2,1,1,1,0.289318500086665,0,0
38,30,30,1,18,1.2,1,1,2,0.286308899987489,0,0
38,30,30,1,19,1.2,0,2,1,0.261544100008905,0,0
38,30,30,1,20,1.4,1,1,2,0.357991500059143,0,0
38,30,30,1,21,1.4,1,1,1,0.273235299857333,0,0
38,30,30,1,22,1.2,1,2,2,1.10892969998531,0,0
38,30,30,1,23,1.2,0,2,1,0.823375500040129,0,0
38,30,30,1,24,1.4,1,1,2,0.202275900170207,0,0
38,30,30,1,25,1.4,0,2,1,1.83676619990729,0,0
38,30,30,1,26,1.8,1,2,2,0.298850500024855,0,0
38,30,30,1,27,1.6,1,1,1,0.296381599968299,0,0
38,30,30,1,28,1.6,1,1,2,0.386962599819526,0,0
38,30,30,1,29,1.6,1,1,1,0.504740499891341,0,0
38,30,30,1,30,1.6,1,2,2,0.519165500067174,0,0
38,30,31,1,1,2.6,1,1,1,0.302257400006056,0,0
38,30,31,1,2,2,1,1,2,0.511689800070599,0,0
38,30,31,1,3,1.8,1,2,1,0.326391999842599,0,0
38,30,31,1,4,1.4,1,2,2,0.334907399956137,0,0
38,30,31,1,5,1.2,1,1,1,1.32739700004458,0,0
38,30,31,1,6,1,1,2,2,0.27975959982723,0,0
38,30,31,1,7,0.8,0,2,1,1.89706160011701,0,0
38,30,31,1,8,1.4,1,1,2,0.424116200068966,0,0
38,30,31,1,9,1.4,1,1,1,0.749111900106072,0,0
38,30,31,1,10,1.2,1,2,2,0.347236900124699,0,0
38,30,31,1,11,1.2,1,2,1,0.351235199952498,0,0
38,30,31,1,12,1,1,1,2,0.347332399804145,0,0
38,30,31,1,13,1,1,1,1,0.870102799963206,0,0
38,30,31,1,14,1,1,2,2,0.696021900046617,0,0
38,30,31,1,15,1,1,1,1,NaN,1,0
38,30,31,1,16,1,1,1,2,0.278374100103974,0,0
38,30,31,1,17,0.6,1,2,1,0.401658299844712,0,0
38,30,31,1,18,0.6,0,2,2,0.295080700190738,0,0
38,30,31,1,19,1,1,2,1,0.27642979985103,0,0
38,30,31,1,20,1,0,1,2,0.340366000076756,0,0
38,30,31,1,21,1.2,1,1,1,0.583061099983752,0,0
38,30,31,1,22,1.2,0,2,2,0.283705299952999,0,0
38,30,31,1,23,1.4,1,1,1,0.268011300126091,0,0
38,30,31,1,24,1.4,1,2,2,0.284832400036976,0,0
38,30,31,1,25,1.2,1,1,1,0.351990700000897,0,0
38,30,31,1,26,1.2,1,1,2,0.258184600155801,0,0
38,30,31,1,27,1.2,1,2,1,0.332137600053102,0,0
38,30,31,1,28,1.2,0,2,2,0.420616400195286,0,0
38,30,31,1,29,1.4,1,1,1,0.916210500057787,0,0
38,30,32,1,1,2.6,1,2,1,0.290960000129417,0,0
38,30,32,1,2,2,1,1,2,0.242288999957964,0,0
38,30,32,1,3,1.8,1,2,1,0.327612499939278,0,0
38,30,32,1,4,1.4,1,1,2,0.365766900125891,0,0
38,30,32,1,5,1.2,1,1,1,0.311366399982944,0,0
38,30,32,1,6,1,1,2,2,0.332935499958694,0,0
38,30,32,1,7,0.8,1,1,1,0.563631099881604,0,0
38,30,32,1,8,0.6,1,1,2,0.343096000142395,0,0
38,30,32,1,9,0.6,0,2,1,0.439893099945039,0,0
38,30,32,1,10,1,1,2,2,0.267617099918425,0,0
38,30,32,1,11,1,1,1,1,0.322840600041673,0,0
38,30,32,1,12,1,1,2,2,0.286265900125727,0,0
38,30,32,1,13,0.8,1,2,1,0.31023390009068,0,0
38,30,32,1,14,0.8,1,1,2,0.30572159984149,0,0
38,30,32,1,15,0.8,1,1,1,0.290109799942002,0,0
38,30,32,1,16,0.8,1,2,2,0.360148000065237,0,0
38,30,32,1,17,0.8,1,2,1,1.57990249991417,0,0
38,30,32,1,18,0.4,1,1,2,0.356595300137997,0,0
38,30,32,1,19,0.4,0,2,1,3.26178099983372,0,0
38,30,32,1,20,0.8,1,1,2,0.319236800074577,0,0
38,30,32,1,21,0.8,1,1,1,0.397283300058916,0,0
38,30,32,1,22,0.8,1,2,2,0.31658950005658,0,0
38,30,32,1,23,0.8,1,1,1,0.281955400016159,0,0
38,30,32,1,24,0.8,1,2,2,0.523323400178924,0,0
38,30,32,1,25,0.8,0,2,1,0.675234599970281,0,0
38,30,32,1,26,0.8,1,1,2,0.293701200047508,0,0
38,30,32,1,27,0.8,0,2,1,0.290337800048292,0,0
38,30,32,1,28,1,1,2,2,0.293433299986646,0,0
38,30,32,1,29,0.6,1,1,1,1.43370659998618,0,0
38,30,32,1,30,0.6,0,1,2,2.67678390000947,0,0
39,33,31,0,1,1.8,1,1,1,0.567740099999355,0,0
39,33,31,0,2,1.6,1,2,2,0.409035199991195,0,0
39,33,31,0,3,1.2,1,1,1,0.441342000005534,0,0
39,33,31,0,4,1,1,1,2,0.369563399988692,0,0
39,33,31,0,5,0.8,1,2,1,0.402185699989786,0,0
39,33,31,0,6,0.6,1,2,2,0.435822599974927,0,0
39,33,31,0,7,0.4,1,2,1,0.456557700003032,0,0
39,33,31,0,8,0.4,1,1,2,0.456724100018619,0,0
39,33,31,0,9,0.4,1,1,1,0.402498000010382,0,0
39,33,31,0,10,0.2,1,2,2,0.485895899997558,0,0
39,33,31,0,11,0.2,1,1,1,0.353384399990318,0,0
39,33,31,0,12,0.2,0,2,2,0.344762799999444,0,0
39,33,31,0,13,0.4,1,1,1,0.404192899994086,0,0
39,33,31,0,14,0.4,1,2,2,0.352815099991858,0,0
39,33,31,0,15,0.4,1,2,1,0.459163299994543,0,0
39,33,31,0,16,0.4,1,1,2,0.601023299997905,0,0
39,33,31,0,17,0.4,1,2,1,0.340261400007876,0,0
39,33,31,0,18,0.4,1,1,2,0.397644800017588,0,0
39,33,31,0,19,0.4,1,1,1,0.479658299998846,0,0
39,33,31,0,20,0.4,1,2,2,0.693201999994926,0,0
39,33,31,0,21,0.2,1,2,1,0.464675199997146,0,0
39,33,31,0,22,0.2,0,1,2,0.809211200015852,0,0
39,33,31,0,23,0.4,1,2,1,0.771013199992012,0,0
39,33,31,0,24,0.4,1,1,2,0.616827099991497,0,0
39,33,31,0,25,0.4,1,2,1,2.42216240000562,0,0
39,33,31,0,26,0.4,1,2,2,0.460919900011504,0,0
39,33,31,0,27,0.4,1,2,1,0.462804800015874,0,0
39,33,31,0,28,0.4,1,1,2,1.03350769999088,0,0
39,33,31,0,29,0.4,1,1,1,1.53000360002625,0,0
39,33,31,0,30,0.4,1,1,2,0.456145200005267,0,0
39,33,32,0,1,1.8,1,2,1,1.11005450002267,0,0
39,33,32,0,2,1.6,1,1,2,0.460586700006388,0,0
39,33,32,0,3,1.2,1,1,1,0.511470099998405,0,0
39,33,32,0,4,1,1,2,2,0.490288000000874,0,0
39,33,32,0,5,0.8,1,2,1,0.497403099987423,0,0
39,33,32,0,6,0.6,1,1,2,0.609825500025181,0,0
39,33,32,0,7,0.4,1,1,1,0.451932299998589,0,0
39,33,32,0,8,0.4,0,1,2,0.527046900009736,0,0
39,33,32,0,9,0.8,1,2,1,0.509565100015607,0,0
39,33,32,0,10,0.8,1,2,2,0.383653199998662,0,0
39,33,32,0,11,0.6,1,1,1,0.65738279998186,0,0
39,33,32,0,12,0.6,1,2,2,0.351341000001412,0,0
39,33,32,0,13,0.6,1,2,1,0.456762599991634,0,0
39,33,32,0,14,0.6,1,1,2,0.410204899992095,0,0
39,33,32,0,15,0.6,1,1,1,0.58313499999349,0,0
39,33,32,0,16,0.6,1,1,2,0.453075600002194,0,0
39,33,32,0,17,0.6,1,2,1,0.340236899995944,0,0
39,33,32,0,18,0.2,1,2,2,0.44797139998991,0,0
39,33,32,0,19,0.2,0,1,1,0.506247100012843,0,0
39,33,32,0,20,0.6,1,2,2,0.396299900021404,0,0
39,33,32,0,21,0.6,1,1,1,0.484338700014632,0,0
39,33,32,0,22,0.6,1,2,2,0.43106390000321,0,0
39,33,32,0,23,0.6,1,1,1,0.609684900002321,0,0
39,33,32,0,24,0.6,1,2,2,0.490028700005496,0,0
39,33,32,0,25,0.6,1,1,1,0.849924400012242,0,0
39,33,32,0,26,0.4,0,1,2,0.433669299993198,0,0
39,33,32,0,27,0.6,1,2,1,0.456516600010218,0,0
39,33,32,0,28,0.6,1,2,2,0.750855799997225,0,0
39,33,32,0,29,0.6,1,1,1,0.434255400003167,0,0
39,33,32,0,30,0.6,1,2,2,0.393959700013511,0,0
39,33,33,0,1,1.8,1,1,1,0.633303999988129,0,0
39,33,33,0,2,1.6,1,2,2,0.60962170001585,0,0
39,33,33,0,3,1.2,1,1,1,0.696881700016093,0,0
39,33,33,0,4,1,1,2,2,0.562138800014509,0,0
39,33,33,0,5,0.8,1,2,1,0.463580500014359,0,0
39,33,33,0,6,0.6,1,1,2,0.5710403000121,0,0
39,33,33,0,7,0.4,1,2,1,0.459745200001635,0,0
39,33,33,0,8,0.4,0,1,2,0.686499100003857,0,0
39,33,33,0,9,0.8,1,2,1,0.666110299993306,0,0
39,33,33,0,10,0.8,1,1,2,0.616989300004207,0,0
39,33,33,0,11,0.6,1,1,1,0.468592499993974,0,0
39,33,33,0,12,0.6,1,2,2,0.7800358000095,0,0
39,33,33,0,13,0.6,1,2,1,1.57729300000938,0,0
39,33,33,0,14,0.6,1,2,2,1.71396649998496,0,0
39,33,33,0,15,0.6,1,1,1,0.570529400021769,0,0
39,33,33,0,16,0.6,1,1,2,0.771520599984797,0,0
39,33,33,0,17,0.6,1,1,1,0.553599400009261,0,0
39,33,33,0,18,0.2,1,2,2,1.5592389999947,0,0
39,33,33,0,19,0.2,1,2,1,0.729523099988,0,0
39,33,33,0,20,0.2,1,2,2,0.522220299986657,0,0
39,33,33,0,21,0.2,1,1,1,0.66243029999896,0,0
39,33,33,0,22,0.2,1,2,2,1.5705790000211,0,0
39,33,33,0,23,0.2,1,1,1,0.888418799993815,0,0
39,33,33,0,24,0.2,0,1,2,0.62636829999974,0,0
39,33,33,0,25,0.2,0,2,1,0.455690000002505,0,0
39,33,33,0,26,0.4,1,2,2,0.556359000009252,0,0
39,33,33,0,27,0.4,1,2,1,0.934849000012036,0,0
39,33,33,0,28,0.4,1,1,2,1.45918909998727,0,0
39,33,33,0,29,0.4,1,1,1,0.828311299992492,0,0
39,33,33,0,30,0.4,0,1,2,0.782882500003325,0,0
39,33,34,0,1,1.8,1,1,1,0.776223100023344,0,0
39,33,34,0,2,1.6,1,1,2,0.461786400002893,0,0
39,33,34,0,3,1.2,1,2,1,0.403220400010468,0,0
39,33,34,0,4,1,1,2,2,0.866779300005874,0,0
39,33,34,0,5,0.8,1,2,1,0.480572000000393,0,0
39,33,34,0,6,0.6,1,1,2,1.05740530000185,0,0
39,33,34,0,7,0.4,1,2,1,0.696492499992019,0,0
39,33,34,0,8,0.4,1,2,2,0.665231799997855,0,0
39,33,34,0,9,0.4,1,1,1,0.506300599983661,0,0
39,33,34,0,10,0.2,0,2,2,0.790652600000612,0,0
39,33,34,0,11,0.4,1,1,1,0.618737199984025,0,0
39,33,34,0,12,0.4,1,1,2,0.519381099991733,0,0
39,33,34,0,13,0.4,1,2,1,0.673774099996081,0,0
39,33,34,0,14,0.4,1,1,2,0.625435599999037,0,0
39,33,34,0,15,0.4,1,1,1,0.511849999980768,0,0
39,33,34,0,16,0.4,1,2,2,0.567323700000998,0,0
39,33,34,0,17,0.4,1,1,1,0.616836700006388,0,0
39,33,34,0,18,0.4,1,2,2,0.807505199976731,0,0
39,33,34,0,19,0.4,1,2,1,0.488800499995705,0,0
39,33,34,0,20,0.4,1,2,2,0.536662300000899,0,0
39,33,34,0,21,0.4,1,1,1,0.723488099989481,0,0
39,33,34,0,22,0.4,0,1,2,0.606297599995742,0,0
39,33,34,0,23,0.4,1,2,1,0.650070700008655,0,0
39,33,34,0,24,0.4,1,1,2,1.05524690001039,0,0
39,33,34,0,25,0.4,1,1,1,0.448559900018154,0,0
39,33,34,0,26,0.4,1,2,2,0.541545499989297,0,0
39,33,34,0,27,0.4,1,1,1,0.528862200008007,0,0
39,33,34,0,28,0.4,1,1,2,0.465128700016066,0,0
39,33,34,0,29,0.4,1,2,1,0.850567799992859,0,0
39,33,34,0,30,0.4,1,2,2,0.685896999988472,0,0
39,33,35,0,1,1.8,1,2,1,1.57313750000321,0,0
39,33,35,0,2,1.6,1,1,2,1.16106290000607,0,0
39,33,35,0,3,1.2,1,2,1,1.75716900001862,0,0
39,33,35,0,4,1,1,1,2,0.650660200015409,0,0
39,33,35,0,5,0.8,1,2,1,0.835130699997535,0,0
39,33,35,0,6,0.6,1,1,2,1.13280359999044,0,0
39,33,35,0,7,0.4,1,2,1,1.28133890000754,0,0
39,33,35,0,8,0.4,1,1,2,1.71305910000228,0,0
39,33,35,0,9,0.4,1,1,1,0.99917659998755,0,0
39,33,35,0,10,0.2,1,2,2,NaN,1,0
39,33,35,0,11,0.2,0,2,1,1.30362590000732,0,0
39,33,35,0,12,0.4,1,1,2,0.772497900004964,0,0
39,33,35,0,13,0.4,1,1,1,1.0248605000088,0,0
39,33,35,0,14,0.4,1,1,2,0.554708400013624,0,0
39,33,35,0,15,0.4,1,2,1,0.783643200004008,0,0
39,33,35,0,16,0.4,1,2,2,1.69891979999375,0,0
39,33,35,0,17,0.4,1,1,1,0.539061199990101,0,0
39,33,35,0,18,0.4,1,2,2,0.440887699980522,0,0
39,33,35,0,19,0.4,1,1,1,0.913166100013768,0,0
39,33,35,0,20,0.4,1,1,2,1.53556109999772,0,0
39,33,35,0,21,0.4,0,1,1,0.373488200013526,0,0
39,33,35,0,22,0.4,1,2,2,0.681373300001724,0,0
39,33,35,0,23,0.4,1,2,1,0.83206510002492,0,0
39,33,35,0,24,0.4,1,2,2,0.84166410000762,0,0
39,33,35,0,25,0.4,1,1,1,0.507248700014316,0,0
39,33,35,0,26,0.4,1,2,2,0.697020399995381,0,0
39,33,35,0,27,0.4,1,2,1,0.633534799999325,0,0
39,33,35,0,28,0.4,1,2,2,0.393298299983144,0,0
39,33,35,0,29,0.4,0,1,1,0.549328099994455,0,0
39,33,31,1,1,2.6,1,1,1,0.645689099997981,0,0
39,33,31,1,2,2,1,1,2,0.584514800022589,0,0
39,33,31,1,3,1.8,1,1,1,0.450287799991202,0,0
39,33,31,1,4,1.4,1,2,2,0.380420600005891,0,0
39,33,31,1,5,1.2,1,2,1,0.440890400001081,0,0
39,33,31,1,6,1,0,2,2,0.866494899993995,0,0
39,33,31,1,7,1.8,1,1,1,0.414696799998637,0,0
39,33,31,1,8,1.6,1,2,2,0.384875299991108,0,0
39,33,31,1,9,1.4,1,2,1,0.537284699996235,0,0
39,33,31,1,10,1.4,1,1,2,0.465460899984464,0,0
39,33,31,1,11,1.4,1,1,1,0.798746799991932,0,0
39,33,31,1,12,1.2,1,2,2,0.529143899999326,0,0
39,33,31,1,13,1.2,1,2,1,0.784919600002468,0,0
39,33,31,1,14,1.2,1,2,2,0.338431199983461,0,0
39,33,31,1,15,0.8,1,2,1,0.497779199999059,0,0
39,33,31,1,16,0.8,1,1,2,0.474129999987781,0,0
39,33,31,1,17,0.8,0,1,1,0.446510800014948,0,0
39,33,31,1,18,1.2,1,1,2,1.13166759998421,0,0
39,33,31,1,19,1.2,1,1,1,0.413675100018736,0,0
39,33,31,1,20,1.2,1,1,2,0.61749800000689,0,0
39,33,31,1,21,1.2,1,2,1,0.567911899997853,0,0
39,33,31,1,22,1.2,1,1,2,0.326044700021157,0,0
39,33,31,1,23,0.8,1,2,1,0.377503099996829,0,0
39,33,31,1,24,0.8,1,2,2,0.369590499991318,0,0
39,33,31,1,25,0.8,1,1,1,0.576882499997737,0,0
39,33,31,1,26,0.8,1,1,2,0.388699000002816,0,0
39,33,31,1,27,0.8,1,2,1,0.891865499987034,0,0
39,33,31,1,28,0.6,1,2,2,0.520700999972178,0,0
39,33,31,1,29,0.6,1,1,1,0.358800099988002,0,0
39,33,31,1,30,0.6,1,2,2,0.431041700008791,0,0
39,33,32,1,1,2.6,1,1,1,0.509303999977419,0,0
39,33,32,1,2,2,1,2,2,0.335922099999152,0,0
39,33,32,1,3,1.8,1,1,1,0.477840200008359,0,0
39,33,32,1,4,1.4,1,2,2,0.364907500013942,0,0
39,33,32,1,5,1.2,1,2,1,0.444757699995534,0,0
39,33,32,1,6,1,1,1,2,0.510548200021731,0,0
39,33,32,1,7,0.8,1,2,1,0.76273570000194,0,0
39,33,32,1,8,0.6,1,2,2,1.66730279999319,0,0
39,33,32,1,9,0.6,1,2,1,0.369829600007506,0,0
39,33,32,1,10,0.4,1,1,2,0.425704599998426,0,0
39,33,32,1,11,0.4,1,1,1,0.519088500004727,0,0
39,33,32,1,12,0.2,1,1,2,0.412399099994218,0,0
39,33,32,1,13,0.2,1,2,1,0.325012899993453,0,0
39,33,32,1,14,0.2,0,1,2,0.379656000004616,0,0
39,33,32,1,15,0.4,0,2,1,0.35153350001201,0,0
39,33,32,1,16,0.6,0,1,2,0.881600699998671,0,0
39,33,32,1,17,1,1,1,1,0.353916699998081,0,0
39,33,32,1,18,1,1,2,2,0.385787799983518,0,0
39,33,32,1,19,0.8,1,1,1,0.536461700015934,0,0
39,33,32,1,20,0.8,1,2,2,0.370427800022298,0,0
39,33,32,1,21,0.8,1,2,1,0.575906000012765,0,0
39,33,32,1,22,0.8,1,1,2,0.567665800015675,0,0
39,33,32,1,23,0.8,1,1,1,0.657677199982572,0,0
39,33,32,1,24,0.8,1,2,2,0.423705199995311,0,0
39,33,32,1,25,0.8,1,2,1,0.36946230000467,0,0
39,33,32,1,26,0.8,1,1,2,0.488799400016433,0,0
39,33,32,1,27,0.6,1,1,1,0.381399700010661,0,0
39,33,32,1,28,0.4,1,2,2,0.440952100005234,0,0
39,33,32,1,29,0.4,1,2,1,0.369662499986589,0,0
39,33,32,1,30,0.4,1,1,2,0.437323899997864,0,0
39,33,33,1,1,2.6,1,2,1,0.791950000013458,0,0
39,33,33,1,2,2,1,1,2,0.462898800004041,0,0
39,33,33,1,3,1.8,1,1,1,0.567642800015165,0,0
39,33,33,1,4,1.4,1,1,2,0.511893100017915,0,0
39,33,33,1,5,1.2,1,2,1,0.512750499998219,0,0
39,33,33,1,6,1,1,2,2,0.575766399997519,0,0
39,33,33,1,7,0.8,1,2,1,2.3833116000169,0,0
39,33,33,1,8,0.6,0,1,2,0.794801399984863,0,0
39,33,33,1,9,1.2,1,1,1,0.44649699999718,0,0
39,33,33,1,10,1,1,2,2,0.426238199986983,0,0
39,33,33,1,11,1,1,1,1,0.616701099992497,0,0
39,33,33,1,12,1,1,2,2,0.451987200009171,0,0
39,33,33,1,13,0.8,1,2,1,0.414152399986051,0,0
39,33,33,1,14,0.8,1,2,2,0.395490800001426,0,0
39,33,33,1,15,0.8,1,1,1,0.489856000000145,0,0
39,33,33,1,16,0.8,1,1,2,0.568888700014213,0,0
39,33,33,1,17,0.8,1,2,1,0.897310900007142,0,0
39,33,33,1,18,0.8,1,1,2,0.546292199986055,0,0
39,33,33,1,19,0.4,1,2,1,0.606486100004986,0,0
39,33,33,1,20,0.4,1,1,2,0.913318500010064,0,0
39,33,33,1,21,0.4,0,1,1,0.595503899996402,0,0
39,33,33,1,22,0.8,1,2,2,0.768056000000797,0,0
39,33,33,1,23,0.8,1,1,1,0.389567000005627,0,0
39,33,33,1,24,0.8,1,2,2,0.45013869999093,0,0
39,33,33,1,25,0.8,1,2,1,0.344546699983766,0,0
39,33,33,1,26,0.8,1,2,2,0.464269200019771,0,0
39,33,33,1,27,0.8,0,2,1,0.457744100014679,0,0
39,33,33,1,28,0.8,1,1,2,0.32762090000324,0,0
39,33,33,1,29,0.8,1,1,1,0.474610199977178,0,0
39,33,33,1,30,0.8,1,1,2,0.546509600011632,0,0
39,33,34,1,1,2.6,1,2,1,0.594520999991801,0,0
39,33,34,1,2,2,1,2,2,0.448672500002431,0,0
39,33,34,1,3,1.8,1,1,1,0.680295400001341,0,0
39,33,34,1,4,1.4,1,2,2,1.18809850001708,0,0
39,33,34,1,5,1.2,1,1,1,0.629875900020124,0,0
39,33,34,1,6,1,1,1,2,0.650926600006642,0,0
39,33,34,1,7,0.8,1,1,1,0.480406099988613,0,0
39,33,34,1,8,0.6,1,1,2,0.799167099990882,0,0
39,33,34,1,9,0.6,1,2,1,0.553227700002026,0,0
39,33,34,1,10,0.4,1,2,2,1.58696190000046,0,0
39,33,34,1,11,0.4,1,2,1,0.820949200016912,0,0
39,33,34,1,12,0.2,1,1,2,0.543962099996861,0,0
39,33,34,1,13,0.2,1,2,1,0.616140600002836,0,0
39,33,34,1,14,0.2,1,2,2,0.494076000002678,0,0
39,33,34,1,15,0.2,1,1,1,0.528867000015453,0,0
39,33,34,1,16,0.2,1,1,2,0.618557199981296,0,0
39,33,34,1,17,0.2,1,2,1,0.51115390000632,0,0
39,33,34,1,18,0.2,1,1,2,0.978349100012565,0,0
39,33,34,1,19,0.2,0,2,1,1.24474339999142,0,0
39,33,34,1,20,0.2,0,1,2,0.54349720000755,0,0
39,33,34,1,21,0.4,1,1,1,0.543371300009312,0,0
39,33,34,1,22,0.4,1,2,2,0.488182300003245,0,0
39,33,34,1,23,0.4,1,2,1,0.461973600002239,0,0
39,33,34,1,24,0.4,1,1,2,0.504078800004208,0,0
39,33,34,1,25,0.4,1,2,1,0.63283039999078,0,0
39,33,34,1,26,0.4,1,1,2,0.439408400008688,0,0
39,33,34,1,27,0.4,1,2,1,0.750610199989751,0,0
39,33,34,1,28,0.4,1,1,2,0.591889800009085,0,0
39,33,34,1,29,0.4,1,1,1,0.544692600000417,0,0
39,33,34,1,30,0.4,1,2,2,0.705510300002061,0,0
39,33,35,1,1,2.6,1,1,1,0.719940499984659,0,0
39,33,35,1,2,2,1,2,2,0.453873099992052,0,0
39,33,35,1,3,1.8,1,2,1,0.766483899991727,0,0
39,33,35,1,4,1.4,1,1,2,0.782839299994521,0,0
39,33,35,1,5,1.2,1,1,1,0.637046100018779,0,0
39,33,35,1,6,1,1,2,2,0.623402199998964,0,0
39,33,35,1,7,0.8,1,1,1,0.428490399994189,0,0
39,33,35,1,8,0.6,1,2,2,0.444768500019563,0,0
39,33,35,1,9,0.6,1,1,1,0.58052110002609,0,0
39,33,35,1,10,0.4,1,2,2,0.872531900007743,0,0
39,33,35,1,11,0.4,1,2,1,0.471422000002349,0,0
39,33,35,1,12,0.2,1,1,2,0.560929899977054,0,0
39,33,35,1,13,0.2,0,2,1,1.62442859998555,0,0
39,33,35,1,14,0.4,1,1,2,0.90515969999251,0,0
39,33,35,1,15,0.4,1,2,1,0.475210600008722,0,0
39,33,35,1,16,0.4,1,2,2,0.671783300000243,0,0
39,33,35,1,17,0.4,1,1,1,1.01210350001929,0,0
39,33,35,1,18,0.4,1,1,2,0.602553200005786,0,0
39,33,35,1,19,0.4,1,1,1,0.528395700006513,0,0
39,33,35,1,20,0.4,1,1,2,0.537235499999952,0,0
39,33,35,1,21,0.4,0,2,1,1.06379799998831,0,0
39,33,35,1,22,0.4,1,1,2,0.586018800007878,0,0
39,33,35,1,23,0.4,0,2,1,0.75385519998963,0,0
39,33,35,1,24,0.6,1,2,2,0.40959880000446,0,0
39,33,35,1,25,0.6,1,1,1,0.399989400000777,0,0
39,33,35,1,26,0.6,1,2,2,0.607983399997465,0,0
39,33,35,1,27,0.6,1,1,1,0.881084299995564,0,0
39,33,35,1,28,0.6,1,1,2,0.632069499988575,0,0
39,33,35,1,29,0.6,1,2,1,0.697169799997937,0,0
39,33,35,1,30,0.2,1,2,2,0.840907799982233,0,0
40,31.3,29.3,0,1,1.8,1,1,1,0.421548200072721,0,0
40,31.3,29.3,0,2,1.6,1,2,2,0.493651799857616,0,0
40,31.3,29.3,0,3,1.2,1,1,1,0.405668299878016,0,0
40,31.3,29.3,0,4,1,1,2,2,0.637205400038511,0,0
40,31.3,29.3,0,5,0.8,1,2,1,0.404194500064477,0,0
40,31.3,29.3,0,6,0.6,1,1,2,0.447049000067636,0,0
40,31.3,29.3,0,7,0.4,1,2,1,0.491828199941665,0,0
40,31.3,29.3,0,8,0.4,1,1,2,0.618016900029033,0,0
40,31.3,29.3,0,9,0.4,1,2,1,0.50978279998526,0,0
40,31.3,29.3,0,10,0.2,0,1,2,0.605077600106597,0,0
40,31.3,29.3,0,11,0.4,0,2,1,0.885814199922606,0,0
40,31.3,29.3,0,12,0.8,1,1,2,0.464626100147143,0,0
40,31.3,29.3,0,13,0.6,1,1,1,0.444813699927181,0,0
40,31.3,29.3,0,14,0.6,1,2,2,0.429507200140506,0,0
40,31.3,29.3,0,15,0.6,1,2,1,0.423436200013384,0,0
40,31.3,29.3,0,16,0.6,1,1,2,0.448941700160503,0,0
40,31.3,29.3,0,17,0.6,1,1,1,0.664677100023255,0,0
40,31.3,29.3,0,18,0.6,1,2,2,0.555102000012994,0,0
40,31.3,29.3,0,19,0.6,1,1,1,0.576381799997762,0,0
40,31.3,29.3,0,20,0.6,1,2,2,0.456914500100538,0,0
40,31.3,29.3,0,21,0.6,1,2,1,0.436933499993756,0,0
40,31.3,29.3,0,22,0.6,1,2,2,0.484746600035578,0,0
40,31.3,29.3,0,23,0.4,1,1,1,0.430619099875912,0,0
40,31.3,29.3,0,24,0.4,1,1,2,0.387067200150341,0,0
40,31.3,29.3,0,25,0.4,1,1,1,0.486997399944812,0,0
40,31.3,29.3,0,26,0.4,1,2,2,0.679394900100306,0,0
40,31.3,29.3,0,27,0.4,1,2,1,0.377389100147411,0,0
40,31.3,29.3,0,28,0.4,1,1,2,0.483184699900448,0,0
40,31.3,29.3,0,29,0.4,1,2,1,0.335487700067461,0,0
40,31.3,29.3,0,30,0.4,1,1,2,1.51048709987663,0,0
40,31.3,30.3,0,1,1.8,1,1,1,0.748511099955067,0,0
40,31.3,30.3,0,2,1.6,1,1,2,0.544293200131506,0,0
40,31.3,30.3,0,3,1.2,1,1,1,0.941765800118446,0,0
40,31.3,30.3,0,4,1,1,2,2,0.493344699963927,0,0
40,31.3,30.3,0,5,0.8,1,2,1,1.12632249994203,0,0
40,31.3,30.3,0,6,0.6,1,2,2,0.423248799983412,0,0
40,31.3,30.3,0,7,0.4,1,2,1,0.489371999865398,0,0
40,31.3,30.3,0,8,0.4,0,2,2,2.23561299988069,0,0
40,31.3,30.3,0,9,0.8,1,1,1,0.595165899954736,0,0
40,31.3,30.3,0,10,0.8,1,1,2,0.635457100113854,0,0
40,31.3,30.3,0,11,0.6,1,2,1,1.00967119983397,0,0
40,31.3,30.3,0,12,0.6,1,1,2,0.462583099957556,0,0
40,31.3,30.3,0,13,0.6,1,1,1,0.52457489981316,0,0
40,31.3,30.3,0,14,0.6,1,1,2,0.473958799848333,0,0
40,31.3,30.3,0,15,0.6,1,2,1,2.01787659991533,0,0
40,31.3,30.3,0,16,0.6,1,2,2,0.764522799989209,0,0
40,31.3,30.3,0,17,0.6,1,2,1,0.38739849999547,0,0
40,31.3,30.3,0,18,0.2,0,1,2,2.19150600000285,0,0
40,31.3,30.3,0,19,0.6,1,2,1,0.454220399959013,0,0
40,31.3,30.3,0,20,0.6,1,1,2,0.326523300027475,0,0
40,31.3,30.3,0,21,0.6,1,2,1,0.709917500149459,0,0
40,31.3,30.3,0,22,0.6,1,1,2,0.451197099871933,0,0
40,31.3,30.3,0,23,0.6,1,1,1,0.542321600019932,0,0
40,31.3,30.3,0,24,0.6,1,2,2,0.515207000076771,0,0
40,31.3,30.3,0,25,0.6,1,1,1,0.589464199962094,0,0
40,31.3,30.3,0,26,0.6,1,2,2,0.753753900062293,0,0
40,31.3,30.3,0,27,0.6,1,1,1,0.611446599941701,0,0
40,31.3,30.3,0,28,0.4,1,2,2,0.51206269999966,0,0
40,31.3,30.3,0,29,0.4,1,2,1,0.479597099823877,0,0
40,31.3,30.3,0,30,0.4,1,1,2,1.32969819987193,0,0
40,31.3,31.3,0,1,1.8,1,2,1,0.400306600145996,0,0
40,31.3,31.3,0,2,1.6,1,2,2,1.08372500003316,0,0
40,31.3,31.3,0,3,1.2,1,2,1,1.72624929994345,0,0
40,31.3,31.3,0,4,1,1,1,2,1.24302110006101,0,0
40,31.3,31.3,0,5,0.8,1,1,1,0.449726299848408,0,0
40,31.3,31.3,0,6,0.6,1,1,2,0.427897299872711,0,0
40,31.3,31.3,0,7,0.4,1,2,1,0.401570899877697,0,0
40,31.3,31.3,0,8,0.4,1,1,2,2.08757549989969,0,0
40,31.3,31.3,0,9,0.4,1,1,1,0.326917900005355,0,0
40,31.3,31.3,0,10,0.2,0,2,2,2.42973820003681,0,0
40,31.3,31.3,0,11,0.4,1,2,1,1.8857007001061,0,0
40,31.3,31.3,0,12,0.4,1,1,2,0.483836999861524,0,0
40,31.3,31.3,0,13,0.4,1,1,1,0.377311000134796,0,0
40,31.3,31.3,0,14,0.4,1,1,2,1.2143161999993,0,0
40,31.3,31.3,0,15,0.4,1,2,1,0.385098799830303,0,0
40,31.3,31.3,0,16,0.4,1,1,2,0.600925399921834,0,0
40,31.3,31.3,0,17,0.4,1,2,1,0.457816199865192,0,0
40,31.3,31.3,0,18,0.4,1,2,2,0.709625900024548,0,0
40,31.3,31.3,0,19,0.4,1,1,1,0.940283099887893,0,0
40,31.3,31.3,0,20,0.4,0,2,2,1.96628660010174,0,0
40,31.3,31.3,0,21,0.4,1,2,1,0.522340000141412,0,0
40,31.3,31.3,0,22,0.4,0,2,2,0.500586200039834,0,0
40,31.3,31.3,0,23,0.6,1,1,1,0.409336399985477,0,0
40,31.3,31.3,0,24,0.6,1,1,2,0.402244600001723,0,0
40,31.3,31.3,0,25,0.6,1,2,1,0.758448100183159,0,0
40,31.3,31.3,0,26,0.4,1,1,2,0.491642199922353,0,0
40,31.3,31.3,0,27,0.4,1,1,1,0.81401430000551,0,0
40,31.3,31.3,0,28,0.4,1,2,2,0.438374300021678,0,0
40,31.3,31.3,0,29,0.4,1,2,1,0.424794899998233,0,0
40,31.3,31.3,0,30,0.4,1,1,2,0.449740899959579,0,0
40,31.3,32.3,0,1,1.8,1,1,1,0.385808699997142,0,0
40,31.3,32.3,0,2,1.6,1,2,2,0.48011100012809,0,0
40,31.3,32.3,0,3,1.2,1,1,1,0.483822499867529,0,0
40,31.3,32.3,0,4,1,1,1,2,0.552515699993819,0,0
40,31.3,32.3,0,5,0.8,1,2,1,0.532136699883267,0,0
40,31.3,32.3,0,6,0.6,1,2,2,1.21425720001571,0,0
40,31.3,32.3,0,7,0.4,1,1,1,0.428674400085583,0,0
40,31.3,32.3,0,8,0.4,1,2,2,0.382288699969649,0,0
40,31.3,32.3,0,9,0.4,1,2,1,0.562200099928305,0,0
40,31.3,32.3,0,10,0.2,1,1,2,2.52756750001572,0,0
40,31.3,32.3,0,11,0.2,1,2,1,0.699874299811199,0,0
40,31.3,32.3,0,12,0.2,1,1,2,1.08308400004171,0,0
40,31.3,32.3,0,13,0.2,1,1,1,0.329624699894339,0,0
40,31.3,32.3,0,14,0.2,0,2,2,2.11898099980317,0,0
40,31.3,32.3,0,15,0.4,1,2,1,0.796044599963352,0,0
40,31.3,32.3,0,16,0.4,1,1,2,1.95266920002177,0,0
40,31.3,32.3,0,17,0.4,1,1,1,0.596733799902722,0,0
40,31.3,32.3,0,18,0.4,1,2,2,0.929428099887446,0,0
40,31.3,32.3,0,19,0.2,1,2,1,0.35791360004805,0,0
40,31.3,32.3,0,20,0.2,1,1,2,0.476139000151306,0,0
40,31.3,32.3,0,21,0.2,1,2,1,0.437537100166082,0,0
40,31.3,32.3,0,22,0.2,1,1,2,2.15110250003636,0,0
40,31.3,32.3,0,23,0.2,1,1,1,0.547561299987137,0,0
40,31.3,32.3,0,24,0.2,0,2,2,0.591242599999532,0,0
40,31.3,32.3,0,25,0.4,1,1,1,0.659857899881899,0,0
40,31.3,32.3,0,26,0.4,1,2,2,0.4797009001486,0,0
40,31.3,32.3,0,27,0.4,1,1,1,2.81412620004267,0,0
40,31.3,32.3,0,28,0.2,0,2,2,0.554691100027412,0,0
40,31.3,32.3,0,29,0.4,1,2,1,0.566350099863485,0,0
40,31.3,32.3,0,30,0.4,1,1,2,0.506402000086382,0,0
40,31.3,33.3,0,1,1.8,1,1,1,3.72521140007302,0,0
40,31.3,33.3,0,2,1.6,1,2,2,1.97311090002768,0,0
40,31.3,33.3,0,3,1.2,1,2,1,0.46538390009664,0,0
40,31.3,33.3,0,4,1,1,1,2,1.18467610003427,0,0
40,31.3,33.3,0,5,0.8,1,1,1,0.975562899839133,0,0
40,31.3,33.3,0,6,0.6,1,2,2,3.43965109996498,0,0
40,31.3,33.3,0,7,0.4,1,2,1,1.58082869998179,0,0
40,31.3,33.3,0,8,0.4,1,1,2,NaN,1,0
40,31.3,33.3,0,9,0.4,1,2,1,0.640284999972209,0,0
40,31.3,33.3,0,10,0.2,1,2,2,0.611764000030234,0,0
40,31.3,33.3,0,11,0.2,1,1,1,1.62426019995473,0,0
40,31.3,33.3,0,12,0.2,1,1,2,0.45920590008609,0,0
40,31.3,33.3,0,13,0.2,0,1,1,0.395049800164998,0,0
40,31.3,33.3,0,14,0.4,1,2,2,0.958691400010139,0,0
40,31.3,33.3,0,15,0.4,1,2,1,0.584569400176406,0,0
40,31.3,33.3,0,16,0.4,1,2,2,1.164139600005,0,0
40,31.3,33.3,0,17,0.4,1,1,1,1.18444460001774,0,0
40,31.3,33.3,0,18,0.4,1,1,2,0.545310799963772,0,0
40,31.3,33.3,0,19,0.4,1,2,1,1.2384725001175,0,0
40,31.3,33.3,0,20,0.2,1,1,2,1.19505650014617,0,0
40,31.3,33.3,0,21,0.2,1,2,1,0.483939700061455,0,0
40,31.3,33.3,0,22,0.2,1,2,2,1.42194789997302,0,0
40,31.3,33.3,0,23,0.2,1,1,1,0.404097799910232,0,0
40,31.3,33.3,0,24,0.2,1,1,2,1.09825440007262,0,0
40,31.3,33.3,0,25,0.2,0,1,1,0.383609999902546,0,0
40,31.3,33.3,0,26,0.4,1,2,2,1.19318989990279,0,0
40,31.3,33.3,0,27,0.4,1,2,1,0.351970499847084,0,0
40,31.3,33.3,0,28,0.4,1,1,2,0.485066100023687,0,0
40,31.3,33.3,0,29,0.4,1,2,1,0.689534100005403,0,0
40,31.3,29.3,1,1,2.6,1,2,1,0.434325800044462,0,0
40,31.3,29.3,1,2,2,1,2,2,0.399665300035849,0,0
40,31.3,29.3,1,3,1.8,1,2,1,0.970218000002205,0,0
40,31.3,29.3,1,4,1.4,1,1,2,0.386272499803454,0,0
40,31.3,29.3,1,5,1.2,1,1,1,0.37291320017539,0,0
40,31.3,29.3,1,6,1,1,1,2,0.366711399983615,0,0
40,31.3,29.3,1,7,0.8,0,2,1,0.631520599825308,0,0
40,31.3,29.3,1,8,1.4,1,1,2,0.362488600192592,0,0
40,31.3,29.3,1,9,1.4,0,2,1,2.08072989992797,0,0
40,31.3,29.3,1,10,2.2,1,1,2,0.463568000122905,0,0
40,31.3,29.3,1,11,2,0,2,1,1.60271729994565,0,0
40,31.3,29.3,1,12,3,1,1,2,0.392596200108528,0,0
40,31.3,29.3,1,13,2.8,1,2,1,0.362797100096941,0,0
40,31.3,29.3,1,14,2.6,1,1,2,0.469794000033289,0,0
40,31.3,29.3,1,15,2.4,1,1,1,0.4963146999944,0,0
40,31.3,29.3,1,16,2.4,1,2,2,0.400684799998999,0,0
40,31.3,29.3,1,17,2.2,1,1,1,3.55317159998231,0,0
40,31.3,29.3,1,18,1.8,1,2,2,1.32716419990174,0,0
40,31.3,29.3,1,19,1.8,1,1,1,0.400717200012878,0,0
40,31.3,29.3,1,20,1.8,1,1,2,1.37358070001937,0,0
40,31.3,29.3,1,21,1.6,0,2,1,1.31614829995669,0,0
40,31.3,29.3,1,22,2.2,1,1,2,1.44255750020966,0,0
40,31.3,29.3,1,23,1.8,1,2,1,2.09807129995897,0,0
40,31.3,29.3,1,24,1.8,1,2,2,0.257504899986088,0,0
40,31.3,29.3,1,25,1.8,0,2,1,0.462083300109953,0,0
40,31.3,29.3,1,26,2.4,1,2,2,0.326803799951449,0,0
40,31.3,29.3,1,27,2.2,1,1,1,0.437055599875748,0,0
40,31.3,29.3,1,28,2.2,1,2,2,0.298946799943224,0,0
40,31.3,29.3,1,29,1.8,1,1,1,0.26536860014312,0,0
40,31.3,29.3,1,30,1.8,1,1,2,0.306906000012532,0,0
40,31.3,30.3,1,1,2.6,1,2,1,0.70626680017449,0,0
40,31.3,30.3,1,2,2,1,1,2,0.378902199910954,0,0
40,31.3,30.3,1,3,1.8,1,2,1,0.643613600172102,0,0
40,31.3,30.3,1,4,1.4,1,1,2,0.850844400003552,0,0
40,31.3,30.3,1,5,1.2,1,2,1,0.597954399883747,0,0
40,31.3,30.3,1,6,1,1,1,2,0.319728199858218,0,0
40,31.3,30.3,1,7,0.8,0,1,1,0.328656899975613,0,0
40,31.3,30.3,1,8,1.4,1,2,2,0.558542200131342,0,0
40,31.3,30.3,1,9,1.4,1,2,1,0.336266400059685,0,0
40,31.3,30.3,1,10,1.2,1,2,2,0.584086999995634,0,0
40,31.3,30.3,1,11,1.2,1,1,1,0.582776499912143,0,0
40,31.3,30.3,1,12,1,1,1,2,1.3910950999707,0,0
40,31.3,30.3,1,13,1,1,1,1,1.41881250008009,0,0
40,31.3,30.3,1,14,1,0,2,2,1.27646989980713,0,0
40,31.3,30.3,1,15,1.2,1,2,1,1.1712896998506,0,0
40,31.3,30.3,1,16,1.2,1,2,2,0.864923499990255,0,0
40,31.3,30.3,1,17,1.2,1,1,1,0.79474369995296,0,0
40,31.3,30.3,1,18,1.2,1,1,2,0.664281399920583,0,0
40,31.3,30.3,1,19,1.2,0,2,1,0.997252600034699,0,0
40,31.3,30.3,1,20,1.4,1,1,2,0.446138399885967,0,0
40,31.3,30.3,1,21,1.4,0,2,1,0.471734100021422,0,0
40,31.3,30.3,1,22,1.8,1,1,2,0.500114800175652,0,0
40,31.3,30.3,1,23,1.6,0,1,1,0.627951000118628,0,0
40,31.3,30.3,1,24,2.2,1,2,2,0.441633200040087,0,0
40,31.3,30.3,1,25,2.2,1,1,1,0.794363500084728,0,0
40,31.3,30.3,1,26,2,1,1,2,0.405706000048667,0,0
40,31.3,30.3,1,27,2,0,2,1,0.391736200079322,0,0
40,31.3,30.3,1,28,2.6,1,2,2,0.590644200099632,0,0
40,31.3,30.3,1,29,2.4,1,1,1,0.416358700022101,0,0
40,31.3,30.3,1,30,2.4,1,2,2,0.399732700083405,0,0
40,31.3,31.3,1,1,2.6,1,2,1,0.544331200188026,0,0
40,31.3,31.3,1,2,2,1,2,2,0.690780800068751,0,0
40,31.3,31.3,1,3,1.8,1,1,1,0.662787599954754,0,0
40,31.3,31.3,1,4,1.4,1,1,2,0.525180200114846,0,0
40,31.3,31.3,1,5,1.2,1,1,1,1.18244639993645,0,0
40,31.3,31.3,1,6,1,1,2,2,1.91911829984747,0,0
40,31.3,31.3,1,7,0.8,1,2,1,0.35245420015417,0,0
40,31.3,31.3,1,8,0.6,0,2,2,0.372826499864459,0,0
40,31.3,31.3,1,9,1.2,1,1,1,0.544689600123093,0,0
40,31.3,31.3,1,10,1,1,1,2,0.632832499919459,0,0
40,31.3,31.3,1,11,1,1,1,1,2.56234349985607,0,0
40,31.3,31.3,1,12,1,0,2,2,0.701735500013456,0,0
40,31.3,31.3,1,13,1.4,0,1,1,0.886001100065187,0,0
40,31.3,31.3,1,14,2.2,1,2,2,0.352612700080499,0,0
40,31.3,31.3,1,15,2,0,2,1,0.341687300009653,0,0
40,31.3,31.3,1,16,2.8,1,2,2,0.316539200022817,0,0
40,31.3,31.3,1,17,2.8,1,1,1,0.931970299920067,0,0
40,31.3,31.3,1,18,2.6,1,1,2,0.442272299900651,0,0
40,31.3,31.3,1,19,2.4,0,2,1,0.303841500077397,0,0
40,31.3,31.3,1,20,3.2,1,1,2,0.676754900021479,0,0
40,31.3,31.3,1,21,3,1,1,1,0.463728100061417,0,0
40,31.3,31.3,1,22,3,1,2,2,0.63864150014706,0,0
40,31.3,31.3,1,23,2.8,0,2,1,0.718526900047436,0,0
40,31.3,31.3,1,24,3.4,1,1,2,0.30413919989951,0,0
40,31.3,31.3,1,25,3.4,1,2,1,3.27237629983574,0,0
40,31.3,31.3,1,26,3.4,1,2,2,0.264531299937516,0,0
40,31.3,31.3,1,27,3.2,1,1,1,0.543545000022277,0,0
40,31.3,31.3,1,28,3.2,1,1,2,0.345530899940059,0,0
40,31.3,31.3,1,29,2.4,1,1,1,0.589314099866897,0,0
40,31.3,31.3,1,30,2.4,1,2,2,1.83493850007653,0,0
40,31.3,32.3,1,1,2.6,0,1,1,0.465692600002512,0,0
40,31.3,32.3,1,2,4,1,1,2,0.507812900003046,0,0
40,31.3,32.3,1,3,3.8,1,2,1,0.709332800004631,0,0
40,31.3,32.3,1,4,3.6,1,2,2,0.879716200055555,0,0
40,31.3,32.3,1,5,3.4,1,1,1,0.576076300116256,0,0
40,31.3,32.3,1,6,3.2,1,2,2,0.954893800197169,0,0
40,31.3,32.3,1,7,3.2,0,2,1,1.27420509979129,0,0
40,31.3,32.3,1,8,3.8,1,1,2,1.3197700001765,0,0
40,31.3,32.3,1,9,3.8,1,1,1,1.01192540000193,0,0
40,31.3,32.3,1,10,3.6,1,2,2,0.551514600170776,0,0
40,31.3,32.3,1,11,3.6,1,2,1,1.03379260003567,0,0
40,31.3,32.3,1,12,3.4,1,1,2,1.98430759995244,0,0
40,31.3,32.3,1,13,3,1,1,1,0.393421800108626,0,0
40,31.3,32.3,1,14,3,1,2,2,0.637482400052249,0,0
40,31.3,32.3,1,15,2.8,1,1,1,0.350363300181925,0,0
40,31.3,32.3,1,16,2.8,1,1,2,0.636794000165537,0,0
40,31.3,32.3,1,17,2.4,0,2,1,1.98109060013667,0,0
40,31.3,32.3,1,18,3,1,2,2,1.00244189985096,0,0
40,31.3,32.3,1,19,3,1,2,1,0.711821200093254,0,0
40,31.3,32.3,1,20,3,1,1,2,0.649542500032112,0,0
40,31.3,32.3,1,21,3,1,1,1,0.702997799962759,0,0
40,31.3,32.3,1,22,3,1,2,2,0.521616700105369,0,0
40,31.3,32.3,1,23,2.8,1,1,1,0.52234260016121,0,0
40,31.3,32.3,1,24,2.8,1,2,2,0.493243699893355,0,0
40,31.3,32.3,1,25,2.4,1,1,1,0.896446400089189,0,0
40,31.3,32.3,1,26,2.2,1,1,2,0.728503599995747,0,0
40,31.3,32.3,1,27,2.2,0,2,1,1.4457680999767,0,0
40,31.3,32.3,1,28,2.8,1,2,2,0.370281399926171,0,0
40,31.3,32.3,1,29,2.8,1,1,1,0.941002799896523,0,0
40,31.3,32.3,1,30,2.8,1,2,2,1.43234260007739,0,0
40,31.3,33.3,1,1,2.6,1,2,1,0.956891199806705,0,0
40,31.3,33.3,1,2,2,1,1,2,0.31166879995726,0,0
40,31.3,33.3,1,3,1.8,1,2,1,2.05424199998379,0,0
40,31.3,33.3,1,4,1.4,1,1,2,0.576305999886245,0,0
40,31.3,33.3,1,5,1.2,1,1,1,1.04188939998858,0,0
40,31.3,33.3,1,6,1,1,2,2,0.403181600151584,0,0
40,31.3,33.3,1,7,0.8,1,1,1,0.810436800122261,0,0
40,31.3,33.3,1,8,0.6,1,1,2,0.509104900062084,0,0
40,31.3,33.3,1,9,0.6,1,2,1,0.492095299996436,0,0
40,31.3,33.3,1,10,0.4,0,2,2,0.27064979984425,0,0
40,31.3,33.3,1,11,0.8,0,1,1,1.54138999991119,0,0
40,31.3,33.3,1,12,1.4,1,2,2,0.441837399965152,0,0
40,31.3,33.3,1,13,1.2,0,2,1,0.95216490002349,0,0
40,31.3,33.3,1,14,1.8,1,1,2,0.768242700025439,0,0
40,31.3,33.3,1,15,1.6,0,1,1,1.82248719991185,0,0
40,31.3,33.3,1,16,2.4,1,2,2,0.569182300008833,0,0
40,31.3,33.3,1,17,2.2,1,2,1,0.573590000160038,0,0
40,31.3,33.3,1,18,2,1,1,2,0.696748499991372,0,0
40,31.3,33.3,1,19,2,1,2,1,0.478955000173301,0,0
40,31.3,33.3,1,20,2,1,1,2,0.423236300004646,0,0
40,31.3,33.3,1,21,1.8,1,1,1,0.685624700039625,0,0
40,31.3,33.3,1,22,1.4,1,2,2,0.356089500011876,0,0
40,31.3,33.3,1,23,1.4,1,1,1,0.486051500076428,0,0
40,31.3,33.3,1,24,1.4,1,2,2,0.428501900052652,0,0
40,31.3,33.3,1,25,1.4,0,2,1,0.803027499932796,0,0
40,31.3,33.3,1,26,1.8,1,1,2,0.420897700125352,0,0
40,31.3,33.3,1,27,1.8,0,2,1,3.98224729998037,0,0
40,31.3,33.3,1,28,2.2,1,2,2,2.90782550000586,0,0
40,31.3,33.3,1,29,2.2,1,1,1,0.388559699989855,0,0
40,31.3,33.3,1,30,2,1,1,2,0.55472099990584,0,0
41,32.9,30.9,0,1,1.8,1,2,1,0.373874599812552,0,0
41,32.9,30.9,0,2,1.6,1,1,2,0.576652500079945,0,0
41,32.9,30.9,0,3,1.2,1,1,1,1.26665539992973,0,0
41,32.9,30.9,0,4,1,1,1,2,0.304425599984825,0,0
41,32.9,30.9,0,5,0.8,1,2,1,0.301186899887398,0,0
41,32.9,30.9,0,6,0.6,1,2,2,0.317194300005212,0,0
41,32.9,30.9,0,7,0.4,1,1,1,0.38478590012528,0,0
41,32.9,30.9,0,8,0.4,1,2,2,0.897691200021654,0,0
41,32.9,30.9,0,9,0.4,1,1,1,0.450392099795863,0,0
41,32.9,30.9,0,10,0.2,1,2,2,0.952655999921262,0,0
41,32.9,30.9,0,11,0.2,1,1,1,0.202798200072721,0,0
41,32.9,30.9,0,12,0.2,1,2,2,0.328518999973312,0,0
41,32.9,30.9,0,13,0.2,0,1,1,0.434006699826568,0,0
41,32.9,30.9,0,14,0.4,1,2,2,0.328162499936298,0,0
41,32.9,30.9,0,15,0.4,1,1,1,0.561109600123018,0,0
41,32.9,30.9,0,16,0.4,1,2,2,0.370624599978328,0,0
41,32.9,30.9,0,17,0.4,1,2,1,0.300264499848709,0,0
41,32.9,30.9,0,18,0.4,1,1,2,2.24614959978499,0,0
41,32.9,30.9,0,19,0.4,1,2,1,0.396643100073561,0,0
41,32.9,30.9,0,20,0.2,0,2,2,0.502099900040776,0,0
41,32.9,30.9,0,21,0.4,0,1,1,2.45161100011319,0,0
41,32.9,30.9,0,22,0.4,1,1,2,2.41057239985093,0,0
41,32.9,30.9,0,23,0.4,1,1,1,1.62461930001155,0,0
41,32.9,30.9,0,24,0.4,0,2,2,0.796681199921295,0,0
41,32.9,30.9,0,25,0.6,1,2,1,1.81596949999221,0,0
41,32.9,30.9,0,26,0.6,0,2,2,2.1208431001287,0,0
41,32.9,30.9,0,27,0.8,1,1,1,0.356517200125381,0,0
41,32.9,30.9,0,28,0.6,1,1,2,0.411643200088292,0,0
41,32.9,30.9,0,29,0.6,1,2,1,0.26657440001145,0,0
41,32.9,30.9,0,30,0.6,1,1,2,0.486768400063738,0,0
41,32.9,31.9,0,1,1.8,1,1,1,0.581065299920738,0,0
41,32.9,31.9,0,2,1.6,1,2,2,0.473485700087622,0,0
41,32.9,31.9,0,3,1.2,1,2,1,0.306364000076428,0,0
41,32.9,31.9,0,4,1,1,2,2,0.330966199981049,0,0
41,32.9,31.9,0,5,0.8,1,1,1,0.325271600158885,0,0
41,32.9,31.9,0,6,0.6,1,1,2,1.16618510009721,0,0
41,32.9,31.9,0,7,0.4,1,2,1,0.529910400044173,0,0
41,32.9,31.9,0,8,0.4,1,1,2,0.46671750000678,0,0
41,32.9,31.9,0,9,0.4,1,2,1,0.554629399906844,0,0
41,32.9,31.9,0,10,0.2,1,1,2,0.282893599942327,0,0
41,32.9,31.9,0,11,0.2,0,1,1,0.313599300105125,0,0
41,32.9,31.9,0,12,0.4,1,2,2,0.272806100081652,0,0
41,32.9,31.9,0,13,0.4,1,2,1,0.402509300038218,0,0
41,32.9,31.9,0,14,0.4,1,1,2,3.65806160005741,0,0
41,32.9,31.9,0,15,0.4,1,2,1,0.371219299966469,0,0
41,32.9,31.9,0,16,0.4,1,1,2,0.362808700185269,0,0
41,32.9,31.9,0,17,0.4,1,1,1,0.309612999903038,0,0
41,32.9,31.9,0,18,0.4,1,2,2,0.273012300021946,0,0
41,32.9,31.9,0,19,0.4,1,1,1,0.436575699830428,0,0
41,32.9,31.9,0,20,0.4,1,2,2,0.327699099900201,0,0
41,32.9,31.9,0,21,0.4,1,1,1,0.446862899931148,0,0
41,32.9,31.9,0,22,0.4,1,2,2,0.418101300019771,0,0
41,32.9,31.9,0,23,0.2,0,1,1,0.553786699892953,0,0
41,32.9,31.9,0,24,0.4,1,2,2,0.393554999958724,0,0
41,32.9,31.9,0,25,0.4,1,2,1,0.39639259991236,0,0
41,32.9,31.9,0,26,0.4,1,1,2,0.691237199818715,0,0
41,32.9,31.9,0,27,0.4,1,1,1,0.335684200050309,0,0
41,32.9,31.9,0,28,0.4,1,1,2,0.569213799899444,0,0
41,32.9,31.9,0,29,0.4,1,2,1,0.269914699951187,0,0
41,32.9,31.9,0,30,0.4,1,2,2,0.695324400207028,0,0
41,32.9,32.9,0,1,1.8,1,1,1,0.278517599916086,0,0
41,32.9,32.9,0,2,1.6,1,1,2,0.309436399955302,0,0
41,32.9,32.9,0,3,1.2,1,1,1,0.24910070002079,0,0
41,32.9,32.9,0,4,1,1,2,2,0.341103499988094,0,0
41,32.9,32.9,0,5,0.8,1,2,1,0.345671500079334,0,0
41,32.9,32.9,0,6,0.6,1,2,2,0.455165099818259,0,0
41,32.9,32.9,0,7,0.4,0,2,1,0.489554000087082,0,0
41,32.9,32.9,0,8,0.8,1,2,2,0.328065200010315,0,0
41,32.9,32.9,0,9,0.8,1,2,1,0.282802300062031,0,0
41,32.9,32.9,0,10,0.8,1,1,2,0.660648199962452,0,0
41,32.9,32.9,0,11,0.6,1,1,1,0.402843100018799,0,0
41,32.9,32.9,0,12,0.6,1,1,2,0.284714499954134,0,0
41,32.9,32.9,0,13,0.6,1,2,1,0.351054399972782,0,0
41,32.9,32.9,0,14,0.6,1,1,2,0.368455999996513,0,0
41,32.9,32.9,0,15,0.6,1,2,1,0.603612500010058,0,0
41,32.9,32.9,0,16,0.6,1,2,2,0.530565500026569,0,0
41,32.9,32.9,0,17,0.6,1,1,1,0.306886800099164,0,0
41,32.9,32.9,0,18,0.6,1,1,2,0.31165110017173,0,0
41,32.9,32.9,0,19,0.6,1,2,1,0.406902299961075,0,0
41,32.9,32.9,0,20,0.2,1,2,2,0.38848640001379,0,0
41,32.9,32.9,0,21,0.2,1,2,1,0.530725999968126,0,0
41,32.9,32.9,0,22,0.2,1,1,2,0.306925599928945,0,0
41,32.9,32.9,0,23,0.2,1,1,1,0.489529199898243,0,0
41,32.9,32.9,0,24,0.2,1,1,2,0.392711600055918,0,0
41,32.9,32.9,0,25,0.2,0,2,1,1.3868881999515,0,0
41,32.9,32.9,0,26,0.4,0,1,2,0.557972900103778,0,0
41,32.9,32.9,0,27,0.6,1,1,1,1.97403120016679,0,0
41,32.9,32.9,0,28,0.6,1,1,2,0.826319900108501,0,0
41,32.9,32.9,0,29,0.6,1,2,1,NaN,1,0
41,32.9,33.9,0,1,1.8,1,1,1,0.282009699847549,0,0
41,32.9,33.9,0,2,1.6,1,2,2,0.339205800089985,0,0
41,32.9,33.9,0,3,1.2,1,2,1,0.284413499990478,0,0
41,32.9,33.9,0,4,1,1,1,2,0.382257699966431,0,0
41,32.9,33.9,0,5,0.8,1,2,1,0.24696799996309,0,0
41,32.9,33.9,0,6,0.6,1,1,2,0.270226699998602,0,0
41,32.9,33.9,0,7,0.4,0,1,1,0.353190699825063,0,0
41,32.9,33.9,0,8,0.8,1,2,2,0.552238899981603,0,0
41,32.9,33.9,0,9,0.8,1,1,1,0.48084200010635,0,0
41,32.9,33.9,0,10,0.8,1,1,2,0.537444300018251,0,0
41,32.9,33.9,0,11,0.6,1,2,1,0.482236699899659,0,0
41,32.9,33.9,0,12,0.6,1,2,2,0.284848199924454,0,0
41,32.9,33.9,0,13,0.6,1,1,1,0.336524700047448,0,0
41,32.9,33.9,0,14,0.6,1,1,2,0.857247699983418,0,0
41,32.9,33.9,0,15,0.6,1,2,1,0.296555900014937,0,0
41,32.9,33.9,0,16,0.6,1,1,2,0.590205799788237,0,0
41,32.9,33.9,0,17,0.6,1,2,1,0.280324199935421,0,0
41,32.9,33.9,0,18,0.6,1,2,2,0.268782299943268,0,0
41,32.9,33.9,0,19,0.6,1,2,1,0.658988900016993,0,0
41,32.9,33.9,0,20,0.2,1,2,2,0.676546899834648,0,0
41,32.9,33.9,0,21,0.2,1,2,1,0.54634919995442,0,0
41,32.9,33.9,0,22,0.2,1,1,2,0.378036200068891,0,0
41,32.9,33.9,0,23,0.2,1,1,1,0.342678300105035,0,0
41,32.9,33.9,0,24,0.2,1,1,2,0.475939899915829,0,0
41,32.9,33.9,0,25,0.2,0,2,1,0.540307499933988,0,0
41,32.9,33.9,0,26,0.4,1,2,2,0.406190200010315,0,0
41,32.9,33.9,0,27,0.2,0,1,1,0.677589800208807,0,0
41,32.9,33.9,0,28,0.4,0,2,2,0.297357100062072,0,0
41,32.9,33.9,0,29,0.6,1,1,1,0.300312699982896,0,0
41,32.9,33.9,0,30,0.6,1,1,2,0.515558399958536,0,0
41,32.9,34.9,0,1,1.8,1,2,1,1.44704280002043,0,0
41,32.9,34.9,0,2,1.6,1,2,2,0.414179099956527,0,0
41,32.9,34.9,0,3,1.2,1,1,1,0.529089899966493,0,0
41,32.9,34.9,0,4,1,1,1,2,0.439193099969998,0,0
41,32.9,34.9,0,5,0.8,1,2,1,0.392612099880353,0,0
41,32.9,34.9,0,6,0.6,1,1,2,0.495019200025126,0,0
41,32.9,34.9,0,7,0.4,1,1,1,0.413381800055504,0,0
41,32.9,34.9,0,8,0.4,1,2,2,0.557352199917659,0,0
41,32.9,34.9,0,9,0.4,1,2,1,0.374568700091913,0,0
41,32.9,34.9,0,10,0.2,1,2,2,0.388697100104764,0,0
41,32.9,34.9,0,11,0.2,0,1,1,0.270741600077599,0,0
41,32.9,34.9,0,12,0.4,1,1,2,0.283888400066644,0,0
41,32.9,34.9,0,13,0.4,1,2,1,0.228517300216481,0,0
41,32.9,34.9,0,14,0.4,1,1,2,0.545590199995786,0,0
41,32.9,34.9,0,15,0.4,1,1,1,0.42507839994505,0,0
41,32.9,34.9,0,16,0.4,1,2,2,0.580665600020438,0,0
41,32.9,34.9,0,17,0.4,1,1,1,0.558966199867427,0,0
41,32.9,34.9,0,18,0.4,1,2,2,0.51556729990989,0,0
41,32.9,34.9,0,19,0.4,1,1,1,0.402717600110918,0,0
41,32.9,34.9,0,20,0.4,1,2,2,1.55277870013379,0,0
41,32.9,34.9,0,21,0.4,1,1,1,0.442540199961513,0,0
41,32.9,34.9,0,22,0.4,1,1,2,0.443717800080776,0,0
41,32.9,34.9,0,23,0.2,0,2,1,1.36126079992391,0,0
41,32.9,34.9,0,24,0.4,1,2,2,0.698618600144982,0,0
41,32.9,34.9,0,25,0.4,1,2,1,0.388767400057986,0,0
41,32.9,34.9,0,26,0.4,1,2,2,1.21769890002906,0,0
41,32.9,34.9,0,27,0.4,1,2,1,0.86774479993619,0,0
41,32.9,34.9,0,28,0.4,1,1,2,0.710403200006112,0,0
41,32.9,34.9,0,29,0.4,1,1,1,0.707525099860504,0,0
41,32.9,34.9,0,30,0.4,1,1,2,0.503219299949706,0,0
41,32.9,30.9,1,1,2.6,1,1,1,0.293385299853981,0,0
41,32.9,30.9,1,2,2,0,1,2,0.313373800134286,0,0
41,32.9,30.9,1,3,3.4,1,2,1,0.335203499998897,0,0
41,32.9,30.9,1,4,3.2,1,2,2,0.346997699933127,0,0
41,32.9,30.9,1,5,3,1,2,1,0.290277099935338,0,0
41,32.9,30.9,1,6,2.8,1,1,2,0.419049100019038,0,0
41,32.9,30.9,1,7,2.6,1,2,1,0.405521299922839,0,0
41,32.9,30.9,1,8,2.6,1,1,2,0.546638099942356,0,0
41,32.9,30.9,1,9,2.4,1,1,1,0.344262100057676,0,0
41,32.9,30.9,1,10,2.2,1,2,2,0.277562599861994,0,0
41,32.9,30.9,1,11,2.2,1,2,1,0.305689800065011,0,0
41,32.9,30.9,1,12,1.8,1,1,2,0.329253199975938,0,0
41,32.9,30.9,1,13,1.8,0,1,1,0.277492999797687,0,0
41,32.9,30.9,1,14,2.4,1,2,2,0.341666899854317,0,0
41,32.9,30.9,1,15,2.2,1,1,1,0.482578300172463,0,0
41,32.9,30.9,1,16,2.2,1,1,2,0.639055399922654,0,0
41,32.9,30.9,1,17,2.2,1,2,1,0.254328500013798,0,0
41,32.9,30.9,1,18,2.2,1,2,2,0.333135799970478,0,0
41,32.9,30.9,1,19,2.2,1,2,1,0.683849799912423,0,0
41,32.9,30.9,1,20,1.8,1,1,2,0.323173099895939,0,0
41,32.9,30.9,1,21,1.8,0,1,1,0.280040499987081,0,0
41,32.9,30.9,1,22,2.2,1,1,2,0.589375199982896,0,0
41,32.9,30.9,1,23,2.2,1,2,1,0.598575999960303,0,0
41,32.9,30.9,1,24,2.2,1,2,2,0.372521899873391,0,0
41,32.9,30.9,1,25,2.2,0,1,1,0.28673220006749,0,0
41,32.9,30.9,1,26,2.4,1,2,2,0.271727400133386,0,0
41,32.9,30.9,1,27,2.2,1,2,1,0.436579000204802,0,0
41,32.9,30.9,1,28,2.2,1,1,2,0.404815700137988,0,0
41,32.9,30.9,1,29,2.2,1,2,1,0.369278100086376,0,0
41,32.9,30.9,1,30,2.2,1,1,2,0.351687100017443,0,0
41,32.9,31.9,1,1,2.6,1,1,1,0.620446200016886,0,0
41,32.9,31.9,1,2,2,0,1,2,0.549769500037655,0,0
41,32.9,31.9,1,3,3.4,1,2,1,0.680057100020349,0,0
41,32.9,31.9,1,4,3.2,1,2,2,1.24119889992289,0,0
41,32.9,31.9,1,5,3,0,2,1,1.96114329993725,0,0
41,32.9,31.9,1,6,4,0,1,2,2.67908630007878,0,0
41,32.9,31.9,1,7,5,1,2,1,0.388422300107777,0,0
41,32.9,31.9,1,8,4.8,1,2,2,0.382418799912557,0,0
41,32.9,31.9,1,9,4.8,1,2,1,NaN,1,0
41,32.9,31.9,1,10,4.6,1,1,2,0.324332999996841,0,0
41,32.9,31.9,1,11,4.4,1,1,1,0.7221661999356,0,0
41,32.9,31.9,1,12,3.8,1,1,2,0.68266800022684,0,0
41,32.9,31.9,1,13,3.8,1,1,1,0.517617600038648,0,0
41,32.9,31.9,1,14,3.6,1,2,2,0.961558399954811,0,0
41,32.9,31.9,1,15,3.6,1,1,1,1.03379260003567,0,0
41,32.9,31.9,1,16,3.6,1,2,2,1.09875530004501,0,0
41,32.9,31.9,1,17,3.4,1,2,1,0.442208900116384,0,0
41,32.9,31.9,1,18,3.4,1,1,2,0.425969700096175,0,0
41,32.9,31.9,1,19,2.8,1,1,1,0.423675500089303,0,0
41,32.9,31.9,1,20,2.8,1,1,2,0.319831900065765,0,0
41,32.9,31.9,1,21,2.6,1,2,1,0.403474800055847,0,0
41,32.9,31.9,1,22,2.6,1,1,2,0.532415299909189,0,0
41,32.9,31.9,1,23,2.6,1,2,1,0.575110099976882,0,0
41,32.9,31.9,1,24,2.6,1,2,2,0.464385600062087,0,0
41,32.9,31.9,1,25,2.4,0,1,1,1.04178120009601,0,0
41,32.9,31.9,1,26,2.8,1,1,2,1.26006529992446,0,0
41,32.9,31.9,1,27,2.8,1,2,1,0.777316399849951,0,0
41,32.9,31.9,1,28,2.8,1,1,2,1.63513500010595,0,0
41,32.9,31.9,1,29,2.6,1,2,1,3.51172380009666,0,0
41,32.9,32.9,1,1,2.6,1,1,1,0.513543900102377,0,0
41,32.9,32.9,1,2,2,1,1,2,0.420192900113761,0,0
41,32.9,32.9,1,3,1.8,1,2,1,0.695266199996695,0,0
41,32.9,32.9,1,4,1.4,1,2,2,0.505221300059929,0,0
41,32.9,32.9,1,5,1.2,1,2,1,0.4587606000714,0,0
41,32.9,32.9,1,6,1,0,1,2,0.305330300005153,0,0
41,32.9,32.9,1,7,1.8,1,1,1,0.460916000185534,0,0
41,32.9,32.9,1,8,1.6,1,1,2,0.447381200036034,0,0
41,32.9,32.9,1,9,1.4,1,2,1,0.700400599977002,0,0
41,32.9,32.9,1,10,1.4,1,1,2,0.391969700111076,0,0
41,32.9,32.9,1,11,1.4,1,2,1,0.429116900078952,0,0
41,32.9,32.9,1,12,1.2,1,2,2,0.277647200040519,0,0
41,32.9,32.9,1,13,1.2,0,1,1,0.264427099842578,0,0
41,32.9,32.9,1,14,1.4,1,2,2,0.301237199921161,0,0
41,32.9,32.9,1,15,1.4,1,2,1,0.667123999912292,0,0
41,32.9,32.9,1,16,1.4,1,1,2,0.367206700146198,0,0
41,32.9,32.9,1,17,1.4,1,1,1,0.368954800069332,0,0
41,32.9,32.9,1,18,1.4,1,2,2,0.258365599904209,0,0
41,32.9,32.9,1,19,1.4,1,1,1,0.277998399920762,0,0
41,32.9,32.9,1,20,1,1,2,2,0.286028699949384,0,0
41,32.9,32.9,1,21,1,1,2,1,0.39957380015403,0,0
41,32.9,32.9,1,22,1,1,1,2,0.338939399924129,0,0
41,32.9,32.9,1,23,1,1,1,1,0.367302799830213,0,0
41,32.9,32.9,1,24,1,1,2,2,1.15539120021276,0,0
41,32.9,32.9,1,25,0.8,0,2,1,0.432023299857974,0,0
41,32.9,32.9,1,26,1,1,1,2,0.317174699855968,0,0
41,32.9,32.9,1,27,1,1,1,1,0.265711899846792,0,0
41,32.9,32.9,1,28,1,1,1,2,0.316593200201169,0,0
41,32.9,32.9,1,29,1,1,2,1,0.342460499843583,0,0
41,32.9,32.9,1,30,1,1,2,2,0.481333500007167,0,0
41,32.9,33.9,1,1,2.6,1,2,1,0.389651000034064,0,0
41,32.9,33.9,1,2,2,1,2,2,0.31340519990772,0,0
41,32.9,33.9,1,3,1.8,1,1,1,0.566915499977767,0,0
41,32.9,33.9,1,4,1.4,1,1,2,0.305009099887684,0,0
41,32.9,33.9,1,5,1.2,1,2,1,0.383405700093135,0,0
41,32.9,33.9,1,6,1,1,1,2,0.509802400134504,0,0
41,32.9,33.9,1,7,0.8,1,1,1,0.269634200027213,0,0
41,32.9,33.9,1,8,0.6,1,1,2,0.371593700023368,0,0
41,32.9,33.9,1,9,0.6,1,2,1,0.411135300062597,0,0
41,32.9,33.9,1,10,0.4,1,2,2,0.779115699930117,0,0
41,32.9,33.9,1,11,0.4,1,2,1,0.367549400078133,0,0
41,32.9,33.9,1,12,0.2,0,1,2,0.416693300008774,0,0
41,32.9,33.9,1,13,0.6,1,1,1,0.465656799962744,0,0
41,32.9,33.9,1,14,0.4,1,1,2,0.454887900035828,0,0
41,32.9,33.9,1,15,0.4,1,2,1,0.367432000115514,0,0
41,32.9,33.9,1,16,0.4,1,2,2,0.845958200050518,0,0
41,32.9,33.9,1,17,0.4,1,1,1,0.271654200041667,0,0
41,32.9,33.9,1,18,0.4,1,2,2,0.323026099940762,0,0
41,32.9,33.9,1,19,0.4,0,2,1,0.35675000003539,0,0
41,32.9,33.9,1,20,0.6,1,2,2,0.273094600066543,0,0
41,32.9,33.9,1,21,0.6,1,1,1,0.27148410002701,0,0
41,32.9,33.9,1,22,0.4,1,1,2,0.572025900008157,0,0
41,32.9,33.9,1,23,0.4,0,2,1,0.401791099924594,0,0
41,32.9,33.9,1,24,0.6,1,1,2,0.347922999877483,0,0
41,32.9,33.9,1,25,0.6,0,1,1,0.355132600059733,0,0
41,32.9,33.9,1,26,0.6,1,1,2,0.367103300057352,0,0
41,32.9,33.9,1,27,0.6,1,2,1,0.676334500079975,0,0
41,32.9,33.9,1,28,0.6,1,2,2,0.271235299995169,0,0
41,32.9,33.9,1,29,0.6,1,2,1,0.510572000173852,0,0
41,32.9,33.9,1,30,0.6,1,1,2,0.325165999820456,0,0
41,32.9,34.9,1,1,2.6,1,1,1,0.488242800114676,0,0
41,32.9,34.9,1,2,2,1,2,2,0.476673299912363,0,0
41,32.9,34.9,1,3,1.8,1,1,1,0.556875200010836,0,0
41,32.9,34.9,1,4,1.4,1,2,2,0.628975100116804,0,0
41,32.9,34.9,1,5,1.2,1,1,1,0.386537899961695,0,0
41,32.9,34.9,1,6,1,1,2,2,0.490676900139078,0,0
41,32.9,34.9,1,7,0.8,1,2,1,0.475358200026676,0,0
41,32.9,34.9,1,8,0.6,1,2,2,0.353433400159702,0,0
41,32.9,34.9,1,9,0.6,1,1,1,0.556639200076461,0,0
41,32.9,34.9,1,10,0.4,1,2,2,0.653733199927956,0,0
41,32.9,34.9,1,11,0.4,1,1,1,0.430407299892977,0,0
41,32.9,34.9,1,12,0.2,1,1,2,0.260433699935675,0,0
41,32.9,34.9,1,13,0.2,1,1,1,0.678669200045988,0,0
41,32.9,34.9,1,14,0.2,1,2,2,0.321597300004214,0,0
41,32.9,34.9,1,15,0.2,0,1,1,0.519751499872655,0,0
41,32.9,34.9,1,16,0.4,1,2,2,0.828973500058055,0,0
41,32.9,34.9,1,17,0.4,1,1,1,0.492725200019777,0,0
41,32.9,34.9,1,18,0.4,1,2,2,0.510565100004897,0,0
41,32.9,34.9,1,19,0.4,0,1,1,0.603816299932078,0,0
41,32.9,34.9,1,20,0.6,1,2,2,0.879059199942276,0,0
41,32.9,34.9,1,21,0.4,1,2,1,0.510472599882632,0,0
41,32.9,34.9,1,22,0.4,1,1,2,0.398493899963796,0,0
41,32.9,34.9,1,23,0.4,0,2,1,1.4041806999594,0,0
41,32.9,34.9,1,24,0.6,1,1,2,0.380422000074759,0,0
41,32.9,34.9,1,25,0.6,1,1,1,0.807977699907497,0,0
41,32.9,34.9,1,26,0.6,1,2,2,0.294331400189549,0,0
41,32.9,34.9,1,27,0.6,1,2,1,0.619951700093225,0,0
41,32.9,34.9,1,28,0.6,0,1,2,0.432360399980098,0,0
41,32.9,34.9,1,29,0.6,1,2,1,0.477481100009754,0,0
41,32.9,34.9,1,30,0.6,1,1,2,3.43234360008501,0,0
51,31.5,29.5,0,1,1.8,1,1,1,0.419979800004512,0,0
51,31.5,29.5,0,2,1.6,1,1,2,0.281537200091407,0,0
51,31.5,29.5,0,3,1.2,1,1,1,0.307249299949035,0,0
51,31.5,29.5,0,4,1,1,2,2,0.292532700113952,0,0
51,31.5,29.5,0,5,0.8,1,2,1,0.295867800014094,0,0
51,31.5,29.5,0,6,0.6,1,2,2,0.329020299948752,0,0
51,31.5,29.5,0,7,0.4,0,1,1,0.202307499945164,0,0
51,31.5,29.5,0,8,0.8,0,1,2,0.243757800199091,0,0
51,31.5,29.5,0,9,1.4,1,2,1,0.435075100045651,0,0
51,31.5,29.5,0,10,1.2,1,1,2,0.329532400006428,0,0
51,31.5,29.5,0,11,1.2,1,2,1,0.293999399989843,0,0
51,31.5,29.5,0,12,1.2,1,2,2,0.377376500051469,0,0
51,31.5,29.5,0,13,1,1,1,1,0.330218699993566,0,0
51,31.5,29.5,0,14,1,1,1,2,0.418043399928138,0,0
51,31.5,29.5,0,15,1,1,1,1,0.411806599935517,0,0
51,31.5,29.5,0,16,1,1,2,2,0.414408199954778,0,0
51,31.5,29.5,0,17,1,1,2,1,0.400030799908563,0,0
51,31.5,29.5,0,18,0.6,1,2,2,0.379053000127897,0,0
51,31.5,29.5,0,19,0.6,0,1,1,0.550539199961349,0,0
51,31.5,29.5,0,20,1,1,1,2,0.462936200201511,0,0
51,31.5,29.5,0,21,1,1,2,1,0.572508399840444,0,0
51,31.5,29.5,0,22,1,1,1,2,0.3901738000568,0,0
51,31.5,29.5,0,23,1,1,2,1,0.457541400101036,0,0
51,31.5,29.5,0,24,1,1,2,2,0.521766500081867,0,0
51,31.5,29.5,0,25,1,1,2,1,0.484809200046584,0,0
51,31.5,29.5,0,26,0.8,0,1,2,0.805799500085413,0,0
51,31.5,29.5,0,27,1,1,1,1,0.450875100214034,0,0
51,31.5,29.5,0,28,1,1,2,2,0.488980399910361,0,0
51,31.5,29.5,0,29,1,1,1,1,0.400481499964371,0,0
51,31.5,29.5,0,30,1,1,2,2,0.618977000005543,0,0
51,31.5,30.5,0,1,1.8,1,1,1,0.370182600105181,0,0
51,31.5,30.5,0,2,1.6,1,2,2,0.384395000059158,0,0
51,31.5,30.5,0,3,1.2,1,2,1,0.435567599954084,0,0
51,31.5,30.5,0,4,1,1,1,2,0.326218900037929,0,0
51,31.5,30.5,0,5,0.8,1,1,1,0.384411599952728,0,0
51,31.5,30.5,0,6,0.6,1,2,2,0.464524499839172,0,0
51,31.5,30.5,0,7,0.4,0,1,1,0.344155199825764,0,0
51,31.5,30.5,0,8,0.8,1,2,2,0.59854290005751,0,0
51,31.5,30.5,0,9,0.8,0,1,1,0.518954700091854,0,0
51,31.5,30.5,0,10,1.4,1,1,2,0.346548399887979,0,0
51,31.5,30.5,0,11,1.2,1,2,1,0.384293099865317,0,0
51,31.5,30.5,0,12,1.2,1,2,2,0.559891500044614,0,0
51,31.5,30.5,0,13,1,1,1,1,0.416852399939671,0,0
51,31.5,30.5,0,14,1,1,1,2,0.476036399835721,0,0
51,31.5,30.5,0,15,1,1,2,1,0.337875199969858,0,0
51,31.5,30.5,0,16,1,1,2,2,0.307667199987918,0,0
51,31.5,30.5,0,17,1,1,1,1,0.385891399811953,0,0
51,31.5,30.5,0,18,0.6,0,2,2,0.468167399987578,0,0
51,31.5,30.5,0,19,1,1,1,1,0.334619000088423,0,0
51,31.5,30.5,0,20,1,1,1,2,0.400852699996904,0,0
51,31.5,30.5,0,21,1,1,2,1,0.43550410005264,0,0
51,31.5,30.5,0,22,1,1,2,2,0.43866360001266,0,0
51,31.5,30.5,0,23,1,1,2,1,0.393701999913901,0,0
51,31.5,30.5,0,24,1,1,1,2,0.389565400080755,0,0
51,31.5,30.5,0,25,0.8,1,2,1,0.436068200040609,0,0
51,31.5,30.5,0,26,0.8,1,2,2,0.618950500153005,0,0
51,31.5,30.5,0,27,0.8,1,1,1,0.469755900092423,0,0
51,31.5,30.5,0,28,0.8,1,1,2,0.475268699927256,0,0
51,31.5,30.5,0,29,0.8,1,1,1,0.485112800030038,0,0
51,31.5,30.5,0,30,0.8,1,2,2,0.387897099833935,0,0
51,31.5,31.5,0,1,1.8,1,2,1,0.83011469990015,0,0
51,31.5,31.5,0,2,1.6,1,2,2,0.467179800150916,0,0
51,31.5,31.5,0,3,1.2,1,1,1,0.503242000006139,0,0
51,31.5,31.5,0,4,1,1,1,2,0.430236400105059,0,0
51,31.5,31.5,0,5,0.8,1,2,1,1.07668609987013,0,0
51,31.5,31.5,0,6,0.6,0,1,2,1.11183810001239,0,0
51,31.5,31.5,0,7,1.2,1,2,1,0.425857000052929,0,0
51,31.5,31.5,0,8,1,1,1,2,0.371464699972421,0,0
51,31.5,31.5,0,9,1,1,1,1,0.971077800029889,0,0
51,31.5,31.5,0,10,1,1,1,2,0.524799200007692,0,0
51,31.5,31.5,0,11,0.8,1,2,1,0.389100600033998,0,0
51,31.5,31.5,0,12,0.8,1,2,2,1.14847699995153,0,0
51,31.5,31.5,0,13,0.8,1,1,1,0.46033460018225,0,0
51,31.5,31.5,0,14,0.8,1,2,2,2.19102270016447,0,0
51,31.5,31.5,0,15,0.8,1,2,1,2.12646090006456,0,0
51,31.5,31.5,0,16,0.8,1,2,2,0.607826799852774,0,0
51,31.5,31.5,0,17,0.4,1,1,1,0.449043799890205,0,0
51,31.5,31.5,0,18,0.4,1,1,2,2.01294329995289,0,0
51,31.5,31.5,0,19,0.4,1,1,1,0.497299999929965,0,0
51,31.5,31.5,0,20,0.4,1,1,2,1.91617129999213,0,0
51,31.5,31.5,0,21,0.4,1,2,1,0.362842600094154,0,0
51,31.5,31.5,0,22,0.4,1,2,2,1.12977920006961,0,0
51,31.5,31.5,0,23,0.2,0,1,1,0.434946699999273,0,0
51,31.5,31.5,0,24,0.4,1,2,2,0.413301900029182,0,0
51,31.5,31.5,0,25,0.4,1,2,1,0.575013299938291,0,0
51,31.5,31.5,0,26,0.4,1,2,2,1.00248800008558,0,0
51,31.5,31.5,0,27,0.4,1,2,1,0.446748899994418,0,0
51,31.5,31.5,0,28,0.4,0,1,2,0.361329300096259,0,0
51,31.5,31.5,0,29,0.4,1,1,1,0.552588399965316,0,0
51,31.5,31.5,0,30,0.4,0,1,2,1.75124119990505,0,0
51,31.5,32.5,0,1,1.8,1,2,1,0.903804900124669,0,0
51,31.5,32.5,0,2,1.6,1,2,2,0.736289700027555,0,0
51,31.5,32.5,0,3,1.2,1,2,1,0.624993699835613,0,0
51,31.5,32.5,0,4,1,1,1,2,2.32086839992553,0,0
51,31.5,32.5,0,5,0.8,1,1,1,0.38848640001379,0,0
51,31.5,32.5,0,6,0.6,1,1,2,0.55015129991807,0,0
51,31.5,32.5,0,7,0.4,1,2,1,0.515848599839956,0,0
51,31.5,32.5,0,8,0.4,1,2,2,0.574067200068384,0,0
51,31.5,32.5,0,9,0.4,1,2,1,0.46692409995012,0,0
51,31.5,32.5,0,10,0.2,1,1,2,1.23177879978903,0,0
51,31.5,32.5,0,11,0.2,1,1,1,0.635405099950731,0,0
51,31.5,32.5,0,12,0.2,1,1,2,0.45094219991006,0,0
51,31.5,32.5,0,13,0.2,0,2,1,0.385015199892223,0,0
51,31.5,32.5,0,14,0.4,1,1,2,0.503504400141537,0,0
51,31.5,32.5,0,15,0.4,1,2,1,0.500628300011158,0,0
51,31.5,32.5,0,16,0.4,1,2,2,0.652324600145221,0,0
51,31.5,32.5,0,17,0.4,1,1,1,0.586540800053626,0,0
51,31.5,32.5,0,18,0.4,1,1,2,0.839625899912789,0,0
51,31.5,32.5,0,19,0.4,1,1,1,0.593577100196853,0,0
51,31.5,32.5,0,20,0.2,0,2,2,0.708325599785894,0,0
51,31.5,32.5,0,21,0.4,1,2,1,0.483820599969476,0,0
51,31.5,32.5,0,22,0.4,1,2,2,1.25823110016063,0,0
51,31.5,32.5,0,23,0.4,0,1,1,0.452613099943846,0,0
51,31.5,32.5,0,24,0.4,0,1,2,0.410800899844617,0,0
51,31.5,32.5,0,25,0.6,1,1,1,0.343809199985117,0,0
51,31.5,32.5,0,26,0.6,1,1,2,0.423262699972838,0,0
51,31.5,32.5,0,27,0.6,1,1,1,0.443738100118935,0,0
51,31.5,32.5,0,28,0.6,1,2,2,0.524893500143662,0,0
51,31.5,32.5,0,29,0.6,1,2,1,0.392212999984622,0,0
51,31.5,32.5,0,30,0.4,1,2,2,1.59820580016822,0,0
51,31.5,33.5,0,1,1.8,1,1,1,NaN,1,0
51,31.5,33.5,0,2,1.6,1,1,2,0.642138800118119,0,0
51,31.5,33.5,0,3,1.2,1,2,1,0.246508399955928,0,0
51,31.5,33.5,0,4,1,1,1,2,0.489344700006768,0,0
51,31.5,33.5,0,5,0.8,1,2,1,0.55910179996863,0,0
51,31.5,33.5,0,6,0.6,1,2,2,0.524088099831715,0,0
51,31.5,33.5,0,7,0.4,1,1,1,0.579490500036627,0,0
51,31.5,33.5,0,8,0.4,1,2,2,1.25436230003834,0,0
51,31.5,33.5,0,9,0.4,1,2,1,0.583548600086942,0,0
51,31.5,33.5,0,10,0.2,1,1,2,0.703597800107673,0,0
51,31.5,33.5,0,11,0.2,1,1,1,0.781027600169182,0,0
51,31.5,33.5,0,12,0.2,0,2,2,0.68145120004192,0,0
51,31.5,33.5,0,13,0.4,1,1,1,1.68958210013807,0,0
51,31.5,33.5,0,14,0.4,1,2,2,0.565871499944478,0,0
51,31.5,33.5,0,15,0.4,1,1,1,0.451764000114053,0,0
51,31.5,33.5,0,16,0.4,1,1,2,0.407886600121856,0,0
51,31.5,33.5,0,17,0.4,1,2,1,0.625797800021246,0,0
51,31.5,33.5,0,18,0.4,1,2,2,0.508534300141037,0,0
51,31.5,33.5,0,19,0.4,1,2,1,0.61879920004867,0,0
51,31.5,33.5,0,20,0.4,1,2,2,0.549341100035235,0,0
51,31.5,33.5,0,21,0.2,1,1,1,0.584392699878663,0,0
51,31.5,33.5,0,22,0.2,1,1,2,1.29208869999275,0,0
51,31.5,33.5,0,23,0.2,0,1,1,1.71083460003138,0,0
51,31.5,33.5,0,24,0.4,1,2,2,0.433454399928451,0,0
51,31.5,33.5,0,25,0.4,0,2,1,0.465714300051332,0,0
51,31.5,33.5,0,26,0.4,1,1,2,0.453091699862853,0,0
51,31.5,33.5,0,27,0.4,0,2,1,0.375656499993056,0,0
51,31.5,33.5,0,28,0.4,0,1,2,0.4390436001122,0,0
51,31.5,33.5,0,29,0.6,1,1,1,0.344386500073597,0,0
51,31.5,29.5,1,1,2.6,1,1,1,0.455563300056383,0,0
51,31.5,29.5,1,2,2,1,2,2,0.496728499885648,0,0
51,31.5,29.5,1,3,1.8,1,2,1,0.325634900014848,0,0
51,31.5,29.5,1,4,1.4,0,1,2,0.478619999950752,0,0
51,31.5,29.5,1,5,2.4,1,2,1,0.32469499995932,0,0
51,31.5,29.5,1,6,2.2,1,1,2,0.419167499989271,0,0
51,31.5,29.5,1,7,2,1,2,1,0.592486599925905,0,0
51,31.5,29.5,1,8,2,1,2,2,0.520879899850115,0,0
51,31.5,29.5,1,9,1.8,0,1,1,0.553916699951515,0,0
51,31.5,29.5,1,10,2.4,0,1,2,0.479104700032622,0,0
51,31.5,29.5,1,11,3.2,1,2,1,0.334247600054368,0,0
51,31.5,29.5,1,12,3.2,1,1,2,0.335066800005734,0,0
51,31.5,29.5,1,13,3,1,1,1,0.436521100113168,0,0
51,31.5,29.5,1,14,2.8,1,2,2,0.46885189996101,0,0
51,31.5,29.5,1,15,2.6,1,1,1,0.481239400105551,0,0
51,31.5,29.5,1,16,2.2,0,1,2,0.433101200032979,0,0
51,31.5,29.5,1,17,3,1,2,1,0.513643800048158,0,0
51,31.5,29.5,1,18,2.8,1,2,2,0.376866000005975,0,0
51,31.5,29.5,1,19,2.8,1,2,1,0.28596829995513,0,0
51,31.5,29.5,1,20,2.8,1,1,2,0.335699699819088,0,0
51,31.5,29.5,1,21,2.6,1,1,1,0.313234600005671,0,0
51,31.5,29.5,1,22,2.6,1,2,2,0.87680139997974,0,0
51,31.5,29.5,1,23,2.2,1,2,1,0.891704099951312,0,0
51,31.5,29.5,1,24,2.2,0,1,2,0.569425099994987,0,0
51,31.5,29.5,1,25,2.6,0,1,1,0.38626700011082,0,0
51,31.5,29.5,1,26,3,0,2,2,0.801523100119084,0,0
51,31.5,29.5,1,27,3.6,1,2,1,0.541034800000489,0,0
51,31.5,29.5,1,28,3.6,1,1,2,0.600682100048289,0,0
51,31.5,29.5,1,29,3.4,1,2,1,0.352727100020275,0,0
51,31.5,29.5,1,30,3.4,0,1,2,0.582291099941358,0,0
51,31.5,30.5,1,1,2.6,1,2,1,0.354758100118488,0,0
51,31.5,30.5,1,2,2,1,1,2,0.432016999926418,0,0
51,31.5,30.5,1,3,1.8,1,1,1,0.364772300003096,0,0
51,31.5,30.5,1,4,1.4,1,2,2,0.268051699968055,0,0
51,31.5,30.5,1,5,1.2,1,2,1,1.39790569990873,0,0
51,31.5,30.5,1,6,1,0,1,2,0.604640000034124,0,0
51,31.5,30.5,1,7,1.8,1,1,1,0.399806400062516,0,0
51,31.5,30.5,1,8,1.6,1,2,2,0.360315500060096,0,0
51,31.5,30.5,1,9,1.4,1,2,1,2.07283310010098,0,0
51,31.5,30.5,1,10,1.4,1,1,2,0.578380400082096,0,0
51,31.5,30.5,1,11,1.4,1,2,1,0.388782399939373,0,0
51,31.5,30.5,1,12,1.2,0,1,2,0.288847400108352,0,0
51,31.5,30.5,1,13,1.4,0,1,1,1.2596289999783,0,0
51,31.5,30.5,1,14,1.8,1,2,2,0.296562500065193,0,0
51,31.5,30.5,1,15,1.8,1,1,1,0.39785089995712,0,0
51,31.5,30.5,1,16,1.6,1,2,2,0.596687899902463,0,0
51,31.5,30.5,1,17,1.6,0,1,1,0.358722300035879,0,0
51,31.5,30.5,1,18,2,1,2,2,0.329241900006309,0,0
51,31.5,30.5,1,19,2,1,1,1,0.565416500205174,0,0
51,31.5,30.5,1,20,1.8,1,2,2,0.365347699960694,0,0
51,31.5,30.5,1,21,1.8,1,1,1,0.647843799786642,0,0
51,31.5,30.5,1,22,1.8,1,2,2,0.543086800025776,0,0
51,31.5,30.5,1,23,1.8,1,2,1,0.597692299867049,0,0
51,31.5,30.5,1,24,1.8,1,1,2,0.629641599953175,0,0
51,31.5,30.5,1,25,1.4,0,1,1,0.970456699840724,0,0
51,31.5,30.5,1,26,1.8,1,2,2,0.444873699918389,0,0
51,31.5,30.5,1,27,1.8,1,2,1,0.400880399858579,0,0
51,31.5,30.5,1,28,1.8,1,2,2,0.374090200057253,0,0
51,31.5,30.5,1,29,1.8,0,1,1,0.555265800096095,0,0
51,31.5,30.5,1,30,2,1,1,2,0.524898099945858,0,0
51,31.5,31.5,1,1,2.6,1,2,1,0.460504399845377,0,0
51,31.5,31.5,1,2,2,1,2,2,0.465416199993342,0,0
51,31.5,31.5,1,3,1.8,1,1,1,0.331365199992433,0,0
51,31.5,31.5,1,4,1.4,1,1,2,0.332265000091866,0,0
51,31.5,31.5,1,5,1.2,0,2,1,0.871134200133383,0,0
51,31.5,31.5,1,6,2.2,1,1,2,0.407192599959671,0,0
51,31.5,31.5,1,7,2,1,2,1,0.386890799971297,0,0
51,31.5,31.5,1,8,1.8,1,2,2,0.483589800074697,0,0
51,31.5,31.5,1,9,1.6,1,1,1,0.389810400083661,0,0
51,31.5,31.5,1,10,1.6,1,2,2,0.47054270002991,0,0
51,31.5,31.5,1,11,1.6,1,1,1,1.08367870002985,0,0
51,31.5,31.5,1,12,1.4,1,1,2,1.28087859996594,0,0
51,31.5,31.5,1,13,1.4,1,1,1,0.678341400111094,0,0
51,31.5,31.5,1,14,1,1,1,2,1.46482190000825,0,0
51,31.5,31.5,1,15,1,0,2,1,0.643858399940655,0,0
51,31.5,31.5,1,16,1.4,1,1,2,0.343137399991974,0,0
51,31.5,31.5,1,17,1.4,1,2,1,0.401352999964729,0,0
51,31.5,31.5,1,18,1.4,1,2,2,0.368836199864745,0,0
51,31.5,31.5,1,19,1.4,1,1,1,0.834565199911594,0,0
51,31.5,31.5,1,20,1.4,1,2,2,0.34981880011037,0,0
51,31.5,31.5,1,21,1.4,1,2,1,0.514845300000161,0,0
51,31.5,31.5,1,22,1.4,1,1,2,0.538690800080076,0,0
51,31.5,31.5,1,23,1.4,0,1,1,0.497858099872246,0,0
51,31.5,31.5,1,24,1.4,1,2,2,0.566652399953455,0,0
51,31.5,31.5,1,25,1.4,1,2,1,0.377169999992475,0,0
51,31.5,31.5,1,26,1.4,1,2,2,0.340581699972972,0,0
51,31.5,31.5,1,27,1.4,0,1,1,NaN,1,0
51,31.5,31.5,1,28,1.6,1,1,2,0.430368399946019,0,0
51,31.5,31.5,1,29,1.2,1,1,1,0.403554299846292,0,0
51,31.5,32.5,1,1,2.6,1,2,1,0.568079099990427,0,0
51,31.5,32.5,1,2,2,1,1,2,0.358575799968094,0,0
51,31.5,32.5,1,3,1.8,1,2,1,0.327881699893624,0,0
51,31.5,32.5,1,4,1.4,1,1,2,0.488245999906212,0,0
51,31.5,32.5,1,5,1.2,1,1,1,0.576738399919122,0,0
51,31.5,32.5,1,6,1,1,2,2,0.28176479996182,0,0
51,31.5,32.5,1,7,0.8,0,1,1,0.427758400095627,0,0
51,31.5,32.5,1,8,1.4,1,1,2,0.40282790013589,0,0
51,31.5,32.5,1,9,1.4,1,1,1,0.432626800145954,0,0
51,31.5,32.5,1,10,1.2,1,2,2,0.326808599987999,0,0
51,31.5,32.5,1,11,1.2,1,2,1,1.23215269995853,0,0
51,31.5,32.5,1,12,1,1,2,2,1.27674790006131,0,0
51,31.5,32.5,1,13,1,1,2,1,2.04938940005377,0,0
51,31.5,32.5,1,14,1,1,1,2,0.456043699989095,0,0
51,31.5,32.5,1,15,1,1,1,1,1.80271349987015,0,0
51,31.5,32.5,1,16,1,1,2,2,0.414761800086126,0,0
51,31.5,32.5,1,17,0.6,0,1,1,0.793653800152242,0,0
51,31.5,32.5,1,18,1,1,2,2,0.421449100133032,0,0
51,31.5,32.5,1,19,1,1,1,1,0.447156599955633,0,0
51,31.5,32.5,1,20,1,1,2,2,0.531023099785671,0,0
51,31.5,32.5,1,21,1,1,1,1,0.526824400061741,0,0
51,31.5,32.5,1,22,1,1,1,2,0.472123199841008,0,0
51,31.5,32.5,1,23,1,0,2,1,0.734398500062525,0,0
51,31.5,32.5,1,24,1,1,2,2,0.2023275999818,0,0
51,31.5,32.5,1,25,1,0,1,1,0.746892899973318,0,0
51,31.5,32.5,1,26,1.2,1,1,2,0.408083799993619,0,0
51,31.5,32.5,1,27,1.2,1,1,1,0.302755600074306,0,0
51,31.5,32.5,1,28,1.2,1,2,2,0.391263799974695,0,0
51,31.5,32.5,1,29,0.8,0,2,1,0.418620100012049,0,0
51,31.5,32.5,1,30,1.2,1,2,2,1.37488000001758,0,0
51,31.5,33.5,1,1,2.6,1,2,1,3.18868739996105,0,0
51,31.5,33.5,1,2,2,1,2,2,0.504860300105065,0,0
51,31.5,33.5,1,3,1.8,1,1,1,0.378848399966955,0,0
51,31.5,33.5,1,4,1.4,1,2,2,0.357776599936187,0,0
51,31.5,33.5,1,5,1.2,1,1,1,0.403889399953187,0,0
51,31.5,33.5,1,6,1,1,1,2,0.511536099947989,0,0
51,31.5,33.5,1,7,0.8,1,2,1,0.470528600038961,0,0
51,31.5,33.5,1,8,0.6,1,1,2,0.202656700043008,0,0
51,31.5,33.5,1,9,0.6,1,1,1,0.489641800057143,0,0
51,31.5,33.5,1,10,0.4,0,2,2,0.477900100173429,0,0
51,31.5,33.5,1,11,0.8,1,2,1,0.513610000023618,0,0
51,31.5,33.5,1,12,0.8,1,1,2,0.475445300107822,0,0
51,31.5,33.5,1,13,0.6,0,2,1,0.534069299930707,0,0
51,31.5,33.5,1,14,0.8,1,2,2,1.19098860002123,0,0
51,31.5,33.5,1,15,0.8,1,2,1,0.972731699934229,0,0
51,31.5,33.5,1,16,0.8,1,1,2,0.52240899996832,0,0
51,31.5,33.5,1,17,0.8,1,1,1,0.372662799898535,0,0
51,31.5,33.5,1,18,0.8,1,1,2,0.443209399934858,0,0
51,31.5,33.5,1,19,0.8,1,2,1,0.419736800016835,0,0
51,31.5,33.5,1,20,0.8,1,1,2,0.507208900060505,0,0
51,31.5,33.5,1,21,0.8,1,1,1,0.432230599923059,0,0
51,31.5,33.5,1,22,0.8,1,1,2,0.413672500057146,0,0
51,31.5,33.5,1,23,0.8,1,2,1,0.372737199999392,0,0
51,31.5,33.5,1,24,0.8,1,2,2,0.384823299944401,0,0
51,31.5,33.5,1,25,0.4,0,2,1,0.485406799940392,0,0
51,31.5,33.5,1,26,0.8,1,1,2,0.35762200015597,0,0
51,31.5,33.5,1,27,0.8,1,2,1,0.364746799925342,0,0
51,31.5,33.5,1,28,0.8,1,1,2,0.404395699966699,0,0
51,31.5,33.5,1,29,0.8,1,1,1,0.391159200109541,0,0
51,31.5,33.5,1,30,0.8,1,2,2,0.400141899939626,0,0
56,34.1,32.1,0,1,1.8,1,2,1,1.23801790014841,0,0
56,34.1,32.1,0,2,1.6,1,1,2,0.345381299965084,0,0
56,34.1,32.1,0,3,1.2,1,1,1,0.45856950012967,0,0
56,34.1,32.1,0,4,1,0,1,2,2.31137729994953,0,0
56,34.1,32.1,0,5,1.8,1,2,1,0.655069299973547,0,0
56,34.1,32.1,0,6,1.8,1,2,2,0.322432899847627,0,0
56,34.1,32.1,0,7,1.4,1,1,1,0.390013800002635,0,0
56,34.1,32.1,0,8,1.4,1,2,2,0.322874900186434,0,0
56,34.1,32.1,0,9,1.4,1,1,1,1.08403439982794,0,0
56,34.1,32.1,0,10,1.2,1,2,2,0.345127900131047,0,0
56,34.1,32.1,0,11,1.2,1,1,1,0.407353600021452,0,0
56,34.1,32.1,0,12,1.2,1,2,2,0.401929900050163,0,0
56,34.1,32.1,0,13,0.8,1,1,1,0.311541100032628,0,0
56,34.1,32.1,0,14,0.8,1,2,2,0.474821999901906,0,0
56,34.1,32.1,0,15,0.8,1,1,1,0.322905799839646,0,0
56,34.1,32.1,0,16,0.8,1,2,2,1.49724699999206,0,0
56,34.1,32.1,0,17,0.6,1,2,1,0.495398399885744,0,0
56,34.1,32.1,0,18,0.4,1,1,2,0.387641499983147,0,0
56,34.1,32.1,0,19,0.4,1,2,1,0.323523300001398,0,0
56,34.1,32.1,0,20,0.4,1,2,2,0.399735799990594,0,0
56,34.1,32.1,0,21,0.2,1,1,1,0.550007699988782,0,0
56,34.1,32.1,0,22,0.2,1,1,2,0.344039799878374,0,0
56,34.1,32.1,0,23,0.2,1,1,1,0.459681400097907,0,0
56,34.1,32.1,0,24,0.2,1,2,2,1.58183829998598,0,0
56,34.1,32.1,0,25,0.2,1,2,1,0.438459899974987,0,0
56,34.1,32.1,0,26,0.2,1,2,2,0.672514799982309,0,0
56,34.1,32.1,0,27,0.2,1,1,1,0.359194700140506,0,0
56,34.1,32.1,0,28,0.2,1,1,2,0.381641999818385,0,0
56,34.1,32.1,0,29,0.2,1,2,1,0.302689400035888,0,0
56,34.1,32.1,0,30,0.2,1,1,2,0.361168200150132,0,0
56,34.1,33.1,0,1,1.8,1,1,1,0.413202099967748,0,0
56,34.1,33.1,0,2,1.6,1,2,2,0.732361599802971,0,0
56,34.1,33.1,0,3,1.2,1,2,1,0.365314100170508,0,0
56,34.1,33.1,0,4,1,1,2,2,0.251814999850467,0,0
56,34.1,33.1,0,5,0.8,1,1,1,0.520462800050154,0,0
56,34.1,33.1,0,6,0.6,1,1,2,0.296836300054565,0,0
56,34.1,33.1,0,7,0.4,1,2,1,0.32169030001387,0,0
56,34.1,33.1,0,8,0.4,0,1,2,2.01706509990618,0,0
56,34.1,33.1,0,9,0.8,1,2,1,0.465900199953467,0,0
56,34.1,33.1,0,10,0.8,1,1,2,0.395609400002286,0,0
56,34.1,33.1,0,11,0.6,1,1,1,0.331901999888942,0,0
56,34.1,33.1,0,12,0.6,1,2,2,0.395872900029644,0,0
56,34.1,33.1,0,13,0.6,1,2,1,0.363527999958023,0,0
56,34.1,33.1,0,14,0.6,1,1,2,0.589460500050336,0,0
56,34.1,33.1,0,15,0.6,1,2,1,0.513759800000116,0,0
56,34.1,33.1,0,16,0.6,1,1,2,0.288735799957067,0,0
56,34.1,33.1,0,17,0.6,1,1,1,0.391340000089258,0,0
56,34.1,33.1,0,18,0.2,1,2,2,0.365780099993572,0,0
56,34.1,33.1,0,19,0.2,1,1,1,0.425446599954739,0,0
56,34.1,33.1,0,20,0.2,1,2,2,0.394186200108379,0,0
56,34.1,33.1,0,21,0.2,1,1,1,1.88714899984188,0,0
56,34.1,33.1,0,22,0.2,1,2,2,0.589491700055078,0,0
56,34.1,33.1,0,23,0.2,1,1,1,0.516197700053453,0,0
56,34.1,33.1,0,24,0.2,1,2,2,0.340959100052714,0,0
56,34.1,33.1,0,25,0.2,1,2,1,0.342552300076932,0,0
56,34.1,33.1,0,26,0.2,1,1,2,0.491474300157279,0,0
56,34.1,33.1,0,27,0.2,1,1,1,0.55695809982717,0,0
56,34.1,33.1,0,28,0.2,1,1,2,0.309815000044182,0,0
56,34.1,33.1,0,29,0.2,1,2,1,0.846585100051016,0,0
56,34.1,33.1,0,30,0.2,1,2,2,0.819716099882498,0,0
56,34.1,34.1,0,1,1.8,1,1,1,0.401033899979666,0,0
56,34.1,34.1,0,2,1.6,1,1,2,0.562271599890664,0,0
56,34.1,34.1,0,3,1.2,1,1,1,0.402072599856183,0,0
56,34.1,34.1,0,4,1,1,2,2,0.579207099974155,0,0
56,34.1,34.1,0,5,0.8,1,2,1,0.412486999994144,0,0
56,34.1,34.1,0,6,0.6,1,2,2,0.452779799932614,0,0
56,34.1,34.1,0,7,0.4,1,2,1,0.517516599968076,0,0
56,34.1,34.1,0,8,0.4,1,2,2,0.591479500057176,0,0
56,34.1,34.1,0,9,0.4,1,2,1,0.434676399920136,0,0
56,34.1,34.1,0,10,0.2,1,1,2,1.20118730003014,0,0
56,34.1,34.1,0,11,0.2,1,1,1,0.482643999857828,0,0
56,34.1,34.1,0,12,0.2,1,1,2,0.820335200056434,0,0
56,34.1,34.1,0,13,0.2,1,2,1,0.377683399943635,0,0
56,34.1,34.1,0,14,0.2,0,1,2,0.393091599922627,0,0
56,34.1,34.1,0,15,0.4,1,2,1,0.303971200017259,0,0
56,34.1,34.1,0,16,0.4,1,2,2,0.310749199939892,0,0
56,34.1,34.1,0,17,0.4,1,1,1,0.334678699960932,0,0
56,34.1,34.1,0,18,0.4,1,1,2,0.604894499992952,0,0
56,34.1,34.1,0,19,0.2,1,2,1,0.342210399918258,0,0
56,34.1,34.1,0,20,0.2,1,2,2,0.595571599900723,0,0
56,34.1,34.1,0,21,0.2,1,2,1,0.40019530011341,0,0
56,34.1,34.1,0,22,0.2,0,1,2,1.39461029996164,0,0
56,34.1,34.1,0,23,0.4,1,1,1,0.460813599871472,0,0
56,34.1,34.1,0,24,0.4,1,1,2,0.364242600044236,0,0
56,34.1,34.1,0,25,0.4,1,2,1,0.476501299999654,0,0
56,34.1,34.1,0,26,0.4,1,1,2,0.411457400070503,0,0
56,34.1,34.1,0,27,0.4,1,1,1,0.549052200047299,0,0
56,34.1,34.1,0,28,0.4,1,1,2,0.778771199984476,0,0
56,34.1,34.1,0,29,0.4,1,2,1,0.451802900061011,0,0
56,34.1,34.1,0,30,0.4,1,2,2,0.345087199937552,0,0
56,34.1,35.1,0,1,1.8,1,1,1,1.34295159997419,0,0
56,34.1,35.1,0,2,1.6,1,2,2,0.491531500127167,0,0
56,34.1,35.1,0,3,1.2,1,2,1,0.371003299951553,0,0
56,34.1,35.1,0,4,1,1,1,2,0.578821199946105,0,0
56,34.1,35.1,0,5,0.8,1,2,1,0.498788899974898,0,0
56,34.1,35.1,0,6,0.6,1,1,2,0.604291500058025,0,0
56,34.1,35.1,0,7,0.4,1,1,1,0.521875299979001,0,0
56,34.1,35.1,0,8,0.4,1,2,2,0.570435999892652,0,0
56,34.1,35.1,0,9,0.4,1,1,1,0.677297499962151,0,0
56,34.1,35.1,0,10,0.2,1,1,2,0.532533300109208,0,0
56,34.1,35.1,0,11,0.2,0,2,1,1.93236509989947,0,0
56,34.1,35.1,0,12,0.4,1,2,2,0.595098099904135,0,0
56,34.1,35.1,0,13,0.4,1,1,1,0.451559800188988,0,0
56,34.1,35.1,0,14,0.4,1,1,2,0.618950299918652,0,0
56,34.1,35.1,0,15,0.4,1,2,1,0.457205499988049,0,0
56,34.1,35.1,0,16,0.4,1,1,2,0.778427999932319,0,0
56,34.1,35.1,0,17,0.4,1,2,1,0.342567999847233,0,0
56,34.1,35.1,0,18,0.4,1,2,2,0.439108200138435,0,0
56,34.1,35.1,0,19,0.4,1,2,1,0.349515300011262,0,0
56,34.1,35.1,0,20,0.4,1,2,2,0.443608100060374,0,0
56,34.1,35.1,0,21,0.4,1,2,1,0.349521300056949,0,0
56,34.1,35.1,0,22,0.4,1,1,2,0.718134399969131,0,0
56,34.1,35.1,0,23,0.2,1,1,1,1.60126439994201,0,0
56,34.1,35.1,0,24,0.2,1,1,2,0.364453100133687,0,0
56,34.1,35.1,0,25,0.2,0,2,1,NaN,1,0
56,34.1,35.1,0,26,0.4,1,2,2,0.359362899791449,0,0
56,34.1,35.1,0,27,0.4,1,1,1,0.408716300036758,0,0
56,34.1,35.1,0,28,0.4,1,2,2,0.401751099852845,0,0
56,34.1,35.1,0,29,0.4,1,1,1,0.348170900018886,0,0
56,34.1,36.1,0,1,1.8,1,2,1,NaN,1,0
56,34.1,36.1,0,2,1.6,1,2,2,1.09262460004538,0,0
56,34.1,36.1,0,3,1.2,1,1,1,0.70534300012514,0,0
56,34.1,36.1,0,4,1,1,1,2,0.549888200126588,0,0
56,34.1,36.1,0,5,0.8,1,2,1,0.864927900023758,0,0
56,34.1,36.1,0,6,0.6,1,1,2,0.574782900046557,0,0
56,34.1,36.1,0,7,0.4,1,1,1,0.600105199962854,0,0
56,34.1,36.1,0,8,0.4,1,2,2,0.722568599972874,0,0
56,34.1,36.1,0,9,0.4,0,2,1,1.38101360015571,0,0
56,34.1,36.1,0,10,0.8,1,2,2,2.95849399990402,0,0
56,34.1,36.1,0,11,0.6,1,1,1,0.491299099987373,0,0
56,34.1,36.1,0,12,0.6,1,1,2,0.658644499955699,0,0
56,34.1,36.1,0,13,0.6,1,2,1,0.508379300124943,0,0
56,34.1,36.1,0,14,0.6,1,1,2,0.363448199816048,0,0
56,34.1,36.1,0,15,0.6,1,1,1,0.524149000179023,0,0
56,34.1,36.1,0,16,0.6,1,2,2,0.633064800174907,0,0
56,34.1,36.1,0,17,0.2,0,1,1,0.573879200033844,0,0
56,34.1,36.1,0,18,0.6,1,2,2,2.00567650003359,0,0
56,34.1,36.1,0,19,0.6,1,1,1,0.534941899823025,0,0
56,34.1,36.1,0,20,0.6,1,2,2,1.73707420006394,0,0
56,34.1,36.1,0,21,0.6,1,1,1,0.639986499911174,0,0
56,34.1,36.1,0,22,0.6,1,1,2,0.768787699984387,0,0
56,34.1,36.1,0,23,0.6,1,2,1,0.46135240001604,0,0
56,34.1,36.1,0,24,0.6,1,2,2,0.378607399994507,0,0
56,34.1,36.1,0,25,0.4,1,2,1,0.504707699874416,0,0
56,34.1,36.1,0,26,0.4,1,2,2,1.40176329994574,0,0
56,34.1,36.1,0,27,0.4,1,2,1,0.703345299931243,0,0
56,34.1,36.1,0,28,0.4,0,1,2,3.21721059991978,0,0
56,34.1,36.1,0,29,0.6,1,1,1,3.32325559994206,0,0
56,34.1,32.1,1,1,2.6,1,1,1,0.861097699962556,0,0
56,34.1,32.1,1,2,2,1,1,2,0.355029300088063,0,0
56,34.1,32.1,1,3,1.8,1,2,1,0.517618600046262,0,0
56,34.1,32.1,1,4,1.4,1,2,2,0.504661799874157,0,0
56,34.1,32.1,1,5,1.2,1,2,1,2.2251434000209,0,0
56,34.1,32.1,1,6,1,1,1,2,0.292499099858105,0,0
56,34.1,32.1,1,7,0.8,1,2,1,0.510597800137475,0,0
56,34.1,32.1,1,8,0.6,1,1,2,0.436893899925053,0,0
56,34.1,32.1,1,9,0.6,0,1,1,1.13067130022682,0,0
56,34.1,32.1,1,10,1,1,2,2,0.415072900010273,0,0
56,34.1,32.1,1,11,1,1,2,1,0.964220900088549,0,0
56,34.1,32.1,1,12,1,0,1,2,0.874616200104356,0,0
56,34.1,32.1,1,13,1.4,1,1,1,0.436092399992049,0,0
56,34.1,32.1,1,14,1.4,1,2,2,0.304539299802855,0,0
56,34.1,32.1,1,15,1.2,1,1,1,0.311760599957779,0,0
56,34.1,32.1,1,16,1.2,1,1,2,0.42286999989301,0,0
56,34.1,32.1,1,17,1.2,1,2,1,0.291134699946269,0,0
56,34.1,32.1,1,18,0.8,0,2,2,0.95586540014483,0,0
56,34.1,32.1,1,19,1.2,1,2,1,0.315226999809965,0,0
56,34.1,32.1,1,20,1.2,1,1,2,3.42346620000899,0,0
56,34.1,32.1,1,21,1.2,1,1,1,0.597218499984592,0,0
56,34.1,32.1,1,22,1.2,1,1,2,0.282121299998835,0,0
56,34.1,32.1,1,23,1.2,1,2,1,0.334927000105381,0,0
56,34.1,32.1,1,24,1.2,1,2,2,0.425611300161108,0,0
56,34.1,32.1,1,25,0.8,1,1,1,0.601042399881408,0,0
56,34.1,32.1,1,26,0.8,1,2,2,2.14348970004357,0,0
56,34.1,32.1,1,27,0.8,0,2,1,1.20811030012555,0,0
56,34.1,32.1,1,28,1.2,0,1,2,1.50909060006961,0,0
56,34.1,32.1,1,29,1.2,1,2,1,0.456623699981719,0,0
56,34.1,32.1,1,30,1.2,1,1,2,0.442452799994498,0,0
56,34.1,33.1,1,1,2.6,1,1,1,0.639757100027055,0,0
56,34.1,33.1,1,2,2,1,1,2,0.320781599963084,0,0
56,34.1,33.1,1,3,1.8,1,2,1,0.366189900087193,0,0
56,34.1,33.1,1,4,1.4,1,2,2,0.315273700049147,0,0
56,34.1,33.1,1,5,1.2,1,2,1,0.447417499963194,0,0
56,34.1,33.1,1,6,1,1,1,2,0.342969499994069,0,0
56,34.1,33.1,1,7,0.8,1,2,1,0.75407229992561,0,0
56,34.1,33.1,1,8,0.6,1,2,2,0.860170099884272,0,0
56,34.1,33.1,1,9,0.6,1,2,1,0.712113900110126,0,0
56,34.1,33.1,1,10,0.4,0,1,2,1.49743869993836,0,0
56,34.1,33.1,1,11,0.8,1,1,1,1.97972960001789,0,0
56,34.1,33.1,1,12,0.8,1,1,2,0.414316999958828,0,0
56,34.1,33.1,1,13,0.6,1,1,1,0.419722500024363,0,0
56,34.1,33.1,1,14,0.6,1,2,2,0.567137900041416,0,0
56,34.1,33.1,1,15,0.6,1,1,1,0.637443399988115,0,0
56,34.1,33.1,1,16,0.6,0,2,2,0.714536500163376,0,0
56,34.1,33.1,1,17,0.8,1,2,1,1.30076759983785,0,0
56,34.1,33.1,1,18,0.8,1,1,2,0.549572799820453,0,0
56,34.1,33.1,1,19,0.8,1,1,1,0.751754899974912,0,0
56,34.1,33.1,1,20,0.8,1,1,2,1.69846550002694,0,0
56,34.1,33.1,1,21,0.8,1,2,1,1.21954580000602,0,0
56,34.1,33.1,1,22,0.6,0,1,2,2.16710540000349,0,0
56,34.1,33.1,1,23,0.8,1,2,1,0.682729399995878,0,0
56,34.1,33.1,1,24,0.8,1,2,2,1.59860999998637,0,0
56,34.1,33.1,1,25,0.8,1,1,1,0.793702500173822,0,0
56,34.1,33.1,1,26,0.8,1,1,2,1.69665069994517,0,0
56,34.1,33.1,1,27,0.8,1,2,1,0.54155550012365,0,0
56,34.1,33.1,1,28,0.8,1,1,2,0.516532199922949,0,0
56,34.1,33.1,1,29,0.8,1,2,1,1.38206929992884,0,0
56,34.1,33.1,1,30,0.8,0,2,2,0.436488900100812,0,0
56,34.1,34.1,1,1,2.6,1,1,1,0.299628000007942,0,0
56,34.1,34.1,1,2,2,1,1,2,0.408549699932337,0,0
56,34.1,34.1,1,3,1.8,1,2,1,0.512738999910653,0,0
56,34.1,34.1,1,4,1.4,1,2,2,0.421747999964282,0,0
56,34.1,34.1,1,5,1.2,1,2,1,0.43991700001061,0,0
56,34.1,34.1,1,6,1,1,1,2,0.369613900082186,0,0
56,34.1,34.1,1,7,0.8,1,1,1,0.402764899889007,0,0
56,34.1,34.1,1,8,0.6,1,1,2,0.538365999935195,0,0
56,34.1,34.1,1,9,0.6,0,2,1,0.636811600066721,0,0
56,34.1,34.1,1,10,1,1,1,2,0.484372399980202,0,0
56,34.1,34.1,1,11,1,1,2,1,0.333272400079295,0,0
56,34.1,34.1,1,12,1,1,2,2,0.468009799951687,0,0
56,34.1,34.1,1,13,0.8,1,1,1,0.318868299946189,0,0
56,34.1,34.1,1,14,0.8,1,2,2,0.470167000079527,0,0
56,34.1,34.1,1,15,0.8,1,2,1,0.497310300124809,0,0
56,34.1,34.1,1,16,0.8,1,1,2,0.299696300178766,0,0
56,34.1,34.1,1,17,0.8,1,1,1,0.284450200153515,0,0
56,34.1,34.1,1,18,0.4,0,2,2,0.429108300013468,0,0
56,34.1,34.1,1,19,0.8,1,1,1,0.351694099837914,0,0
56,34.1,34.1,1,20,0.8,1,2,2,0.354892899980769,0,0
56,34.1,34.1,1,21,0.8,1,2,1,0.418223300017416,0,0
56,34.1,34.1,1,22,0.8,1,1,2,0.429626900004223,0,0
56,34.1,34.1,1,23,0.8,1,1,1,0.387419299921021,0,0
56,34.1,34.1,1,24,0.8,1,2,2,0.352655800059438,0,0
56,34.1,34.1,1,25,0.8,1,2,1,0.339334000134841,0,0
56,34.1,34.1,1,26,0.8,1,1,2,0.289173800032586,0,0
56,34.1,34.1,1,27,0.8,1,1,1,0.715649300022051,0,0
56,34.1,34.1,1,28,0.8,1,1,2,0.332025999901816,0,0
56,34.1,34.1,1,29,0.4,0,2,1,0.478924100054428,0,0
56,34.1,34.1,1,30,0.8,1,2,2,0.66473550000228,0,0
56,34.1,35.1,1,1,2.6,1,2,1,0.931045700097457,0,0
56,34.1,35.1,1,2,2,1,2,2,0.439848399953917,0,0
56,34.1,35.1,1,3,1.8,1,1,1,0.282638099975884,0,0
56,34.1,35.1,1,4,1.4,1,1,2,0.578244700096548,0,0
56,34.1,35.1,1,5,1.2,1,2,1,0.596202800050378,0,0
56,34.1,35.1,1,6,1,1,1,2,0.402955800062045,0,0
56,34.1,35.1,1,7,0.8,1,1,1,0.49826189992018,0,0
56,34.1,35.1,1,8,0.6,1,1,2,0.605441200081259,0,0
56,34.1,35.1,1,9,0.6,1,2,1,0.376924999989569,0,0
56,34.1,35.1,1,10,0.4,1,2,2,0.28652839991264,0,0
56,34.1,35.1,1,11,0.4,0,2,1,0.342770100105554,0,0
56,34.1,35.1,1,12,0.8,1,1,2,0.696379699977115,0,0
56,34.1,35.1,1,13,0.6,1,1,1,0.337132600136101,0,0
56,34.1,35.1,1,14,0.6,1,1,2,0.387204200029373,0,0
56,34.1,35.1,1,15,0.6,1,2,1,0.412490900140256,0,0
56,34.1,35.1,1,16,0.6,1,2,2,0.610464800149202,0,0
56,34.1,35.1,1,17,0.6,1,1,1,0.4127441002056,0,0
56,34.1,35.1,1,18,0.6,1,2,2,0.415336700156331,0,0
56,34.1,35.1,1,19,0.6,1,2,1,0.372710200026631,0,0
56,34.1,35.1,1,20,0.2,1,2,2,0.384865199914202,0,0
56,34.1,35.1,1,21,0.2,1,1,1,0.321693900041282,0,0
56,34.1,35.1,1,22,0.2,1,1,2,0.759676699992269,0,0
56,34.1,35.1,1,23,0.2,0,2,1,1.07573430007324,0,0
56,34.1,35.1,1,24,0.6,1,1,2,1.05974719999358,0,0
56,34.1,35.1,1,25,0.4,1,1,1,0.63402170012705,0,0
56,34.1,35.1,1,26,0.4,1,1,2,0.324541700072587,0,0
56,34.1,35.1,1,27,0.4,0,2,1,0.336189900059253,0,0
56,34.1,35.1,1,28,0.6,1,2,2,0.530316299991682,0,0
56,34.1,35.1,1,29,0.6,1,2,1,0.528225000016391,0,0
56,34.1,35.1,1,30,0.6,1,1,2,0.819462800165638,0,0
56,34.1,36.1,1,1,2.6,1,1,1,0.43961160001345,0,0
56,34.1,36.1,1,2,2,1,2,2,0.524492099881172,0,0
56,34.1,36.1,1,3,1.8,1,1,1,0.513240600004792,0,0
56,34.1,36.1,1,4,1.4,1,2,2,0.606191499857232,0,0
56,34.1,36.1,1,5,1.2,1,1,1,0.670936800073832,0,0
56,34.1,36.1,1,6,1,1,2,2,0.356008799979463,0,0
56,34.1,36.1,1,7,0.8,1,2,1,0.494095199974254,0,0
56,34.1,36.1,1,8,0.6,1,2,2,0.388414300046861,0,0
56,34.1,36.1,1,9,0.6,1,1,1,0.379772200016305,0,0
56,34.1,36.1,1,10,0.4,1,2,2,0.33845610008575,0,0
56,34.1,36.1,1,11,0.4,1,1,1,0.593116299947724,0,0
56,34.1,36.1,1,12,0.2,1,1,2,0.837029899936169,0,0
56,34.1,36.1,1,13,0.2,1,1,1,1.35001710010692,0,0
56,34.1,36.1,1,14,0.2,0,2,2,1.00528559996746,0,0
56,34.1,36.1,1,15,0.4,1,1,1,0.606125300051644,0,0
56,34.1,36.1,1,16,0.4,1,2,2,0.567888999823481,0,0
56,34.1,36.1,1,17,0.4,1,1,1,0.342324299970642,0,0
56,34.1,36.1,1,18,0.4,1,2,2,0.377318699844182,0,0
56,34.1,36.1,1,19,0.4,1,1,1,0.489250299986452,0,0
56,34.1,36.1,1,20,0.4,1,2,2,0.445815799990669,0,0
56,34.1,36.1,1,21,0.4,1,2,1,0.488520100014284,0,0
56,34.1,36.1,1,22,0.4,1,1,2,0.604157699970528,0,0
56,34.1,36.1,1,23,0.4,1,2,1,0.556914200074971,0,0
56,34.1,36.1,1,24,0.2,1,1,2,0.613890500040725,0,0
56,34.1,36.1,1,25,0.2,0,1,1,0.524771800031886,0,0
56,34.1,36.1,1,26,0.4,1,2,2,0.437570800073445,0,0
56,34.1,36.1,1,27,0.4,1,2,1,0.382425799965858,0,0
56,34.1,36.1,1,28,0.4,1,1,2,0.428396499948576,0,0
56,34.1,36.1,1,29,0.4,1,2,1,0.392699500080198,0,0
56,34.1,36.1,1,30,0.4,1,1,2,2.28103840001859,0,0
61,29.9,27.9,0,1,1.8,1,1,1,0.576588500000071,0,0
61,29.9,27.9,0,2,1.6,1,1,2,0.888982800010126,0,0
61,29.9,27.9,0,3,1.2,1,1,1,1.96716309996555,0,0
61,29.9,27.9,0,4,1,1,2,2,1.32313890004298,0,0
61,29.9,27.9,0,5,0.8,1,2,1,0.558848599961493,0,0
61,29.9,27.9,0,6,0.6,1,2,2,0.304427499999292,0,0
61,29.9,27.9,0,7,0.4,1,2,1,0.363055399968289,0,0
61,29.9,27.9,0,8,0.4,1,1,2,0.399721900001168,0,0
61,29.9,27.9,0,9,0.4,1,1,1,0.656778200005647,0,0
61,29.9,27.9,0,10,0.2,0,2,2,0.374348099983763,0,0
61,29.9,27.9,0,11,0.4,1,2,1,0.609516600030474,0,0
61,29.9,27.9,0,12,0.4,1,1,2,0.512368199997582,0,0
61,29.9,27.9,0,13,0.4,1,1,1,0.5462423999561,0,0
61,29.9,27.9,0,14,0.4,1,1,2,0.44042780000018,0,0
61,29.9,27.9,0,15,0.4,1,2,1,0.329775799997151,0,0
61,29.9,27.9,0,16,0.4,1,2,2,0.402008400007617,0,0
61,29.9,27.9,0,17,0.4,1,2,1,0.566244999994524,0,0
61,29.9,27.9,0,18,0.4,0,1,2,0.51219310000306,0,0
61,29.9,27.9,0,19,0.4,1,2,1,0.358982999983709,0,0
61,29.9,27.9,0,20,0.4,1,2,2,1.78469390003011,0,0
61,29.9,27.9,0,21,0.4,1,2,1,0.369861000042874,0,0
61,29.9,27.9,0,22,0.4,1,1,2,1.17835509998258,0,0
61,29.9,27.9,0,23,0.4,1,1,1,0.304166399990208,0,0
61,29.9,27.9,0,24,0.4,0,1,2,0.433732400008012,0,0
61,29.9,27.9,0,25,0.4,1,2,1,0.6488881999976,0,0
61,29.9,27.9,0,26,0.4,1,2,2,1.26329269999405,0,0
61,29.9,27.9,0,27,0.4,1,1,1,0.443236400024034,0,0
61,29.9,27.9,0,28,0.4,1,2,2,1.64704749995144,0,0
61,29.9,27.9,0,29,0.4,0,1,1,1.85834510001587,0,0
61,29.9,27.9,0,30,0.6,1,1,2,0.63469019997865,0,0
61,29.9,28.9,0,1,1.8,1,2,1,0.347501899988856,0,0
61,29.9,28.9,0,2,1.6,1,1,2,0.407056600030046,0,0
61,29.9,28.9,0,3,1.2,0,1,1,0.90696689998731,0,0
61,29.9,28.9,0,4,2.2,1,2,2,0.385453100025188,0,0
61,29.9,28.9,0,5,2,1,2,1,0.993657300015911,0,0
61,29.9,28.9,0,6,1.8,1,1,2,0.554339599970262,0,0
61,29.9,28.9,0,7,1.8,1,1,1,0.90766700002132,0,0
61,29.9,28.9,0,8,1.6,1,1,2,0.982858600036707,0,0
61,29.9,28.9,0,9,1.6,1,2,1,0.521399600023869,0,0
61,29.9,28.9,0,10,1.4,1,2,2,0.385197199997492,0,0
61,29.9,28.9,0,11,1.4,1,1,1,0.440137800003868,0,0
61,29.9,28.9,0,12,1,1,2,2,0.513048699998762,0,0
61,29.9,28.9,0,13,1,1,1,1,0.42808129999321,0,0
61,29.9,28.9,0,14,1,0,1,2,0.561818499991205,0,0
61,29.9,28.9,0,15,1.4,1,2,1,0.382284199993592,0,0
61,29.9,28.9,0,16,1.4,1,2,2,0.341660099977162,0,0
61,29.9,28.9,0,17,1.4,1,2,1,2.77885910001351,0,0
61,29.9,28.9,0,18,1.4,1,1,2,0.370873200008646,0,0
61,29.9,28.9,0,19,1.4,1,2,1,0.486616200010758,0,0
61,29.9,28.9,0,20,1,0,1,2,1.95149170001969,0,0
61,29.9,28.9,0,21,1.4,1,2,1,1.45769010001095,0,0
61,29.9,28.9,0,22,1.4,1,1,2,1.36874440003885,0,0
61,29.9,28.9,0,23,1.4,1,1,1,1.25669450004352,0,0
61,29.9,28.9,0,24,1.4,1,2,2,0.61122850002721,0,0
61,29.9,28.9,0,25,1.4,1,1,1,0.528203999972902,0,0
61,29.9,28.9,0,26,1.4,1,1,2,0.477324900042731,0,0
61,29.9,28.9,0,27,1.4,1,2,1,0.423279199982062,0,0
61,29.9,28.9,0,28,1.4,1,2,2,0.201632599986624,0,0
61,29.9,28.9,0,29,1,1,2,1,0.386130800005049,0,0
61,29.9,28.9,0,30,1,1,1,2,0.999606799974572,0,0
61,29.9,29.9,0,1,1.8,1,2,1,0.26412970002275,0,0
61,29.9,29.9,0,2,1.6,1,2,2,0.508844700001646,0,0
61,29.9,29.9,0,3,1.2,1,1,1,0.455113000003621,0,0
61,29.9,29.9,0,4,1,1,1,2,0.459458400029689,0,0
61,29.9,29.9,0,5,0.8,1,1,1,0.734676099964418,0,0
61,29.9,29.9,0,6,0.6,1,2,2,0.442301300005056,0,0
61,29.9,29.9,0,7,0.4,1,2,1,1.53645220003091,0,0
61,29.9,29.9,0,8,0.4,1,2,2,1.57573580002645,0,0
61,29.9,29.9,0,9,0.4,1,2,1,0.420841899991501,0,0
61,29.9,29.9,0,10,0.2,1,1,2,0.336580000002868,0,0
61,29.9,29.9,0,11,0.2,1,1,1,0.596567099972162,0,0
61,29.9,29.9,0,12,0.2,0,1,2,0.575614799978212,0,0
61,29.9,29.9,0,13,0.4,1,1,1,0.408974100020714,0,0
61,29.9,29.9,0,14,0.4,1,2,2,0.288716399983969,0,0
61,29.9,29.9,0,15,0.4,1,2,1,0.889691299991682,0,0
61,29.9,29.9,0,16,0.4,1,1,2,1.24986479996005,0,0
61,29.9,29.9,0,17,0.4,1,1,1,0.807659699989017,0,0
61,29.9,29.9,0,18,0.4,1,2,2,0.864991999987978,0,0
61,29.9,29.9,0,19,0.4,1,2,1,2.25054840004304,0,0
61,29.9,29.9,0,20,0.4,1,1,2,0.686723400023766,0,0
61,29.9,29.9,0,21,0.2,1,1,1,0.482934499974363,0,0
61,29.9,29.9,0,22,0.2,1,2,2,0.449622399988584,0,0
61,29.9,29.9,0,23,0.2,1,2,1,1.33618169999681,0,0
61,29.9,29.9,0,24,0.2,1,1,2,0.28874360001646,0,0
61,29.9,29.9,0,25,0.2,1,2,1,0.561594000027981,0,0
61,29.9,29.9,0,26,0.2,0,1,2,0.498100200027693,0,0
61,29.9,29.9,0,27,0.4,1,2,1,0.361729600001127,0,0
61,29.9,29.9,0,28,0.4,0,2,2,2.14488769997843,0,0
61,29.9,29.9,0,29,0.4,1,1,1,0.742913599999156,0,0
61,29.9,29.9,0,30,0.4,1,1,2,0.591739600000437,0,0
61,29.9,30.9,0,1,1.8,1,2,1,0.629363399988506,0,0
61,29.9,30.9,0,2,1.6,1,2,2,0.526576399977785,0,0
61,29.9,30.9,0,3,1.2,1,2,1,0.442726199980825,0,0
61,29.9,30.9,0,4,1,1,1,2,0.746514200000092,0,0
61,29.9,30.9,0,5,0.8,1,1,1,0.879728899977636,0,0
61,29.9,30.9,0,6,0.6,1,1,2,0.449500299990177,0,0
61,29.9,30.9,0,7,0.4,1,2,1,0.321363200026099,0,0
61,29.9,30.9,0,8,0.4,1,1,2,0.546659899991937,0,0
61,29.9,30.9,0,9,0.4,1,2,1,0.455726600019261,0,0
61,29.9,30.9,0,10,0.2,0,2,2,0.481788300035987,0,0
61,29.9,30.9,0,11,0.4,1,1,1,0.567466199980117,0,0
61,29.9,30.9,0,12,0.4,1,1,2,1.08347649994539,0,0
61,29.9,30.9,0,13,0.4,1,1,1,1.28990079998039,0,0
61,29.9,30.9,0,14,0.4,1,2,2,0.697982200013939,0,0
61,29.9,30.9,0,15,0.4,1,2,1,0.400401299993973,0,0
61,29.9,30.9,0,16,0.4,1,1,2,0.530841500032693,0,0
61,29.9,30.9,0,17,0.4,1,2,1,0.39409280003747,0,0
61,29.9,30.9,0,18,0.4,1,1,2,1.35925479995785,0,0
61,29.9,30.9,0,19,0.4,1,2,1,0.617318900011014,0,0
61,29.9,30.9,0,20,0.4,1,1,2,0.649392099992838,0,0
61,29.9,30.9,0,21,0.4,1,1,1,0.441319099976681,0,0
61,29.9,30.9,0,22,0.4,1,2,2,0.607946700009052,0,0
61,29.9,30.9,0,23,0.4,1,1,1,0.465795999974944,0,0
61,29.9,30.9,0,24,0.4,1,2,2,0.60020419995999,0,0
61,29.9,30.9,0,25,0.2,1,1,1,0.901901100005489,0,0
61,29.9,30.9,0,26,0.2,1,2,2,2.60850969998864,0,0
61,29.9,30.9,0,27,0.2,0,2,1,1.0676470999606,0,0
61,29.9,30.9,0,28,0.4,1,2,2,0.535263800004032,0,0
61,29.9,30.9,0,29,0.4,1,1,1,0.435083399992436,0,0
61,29.9,30.9,0,30,0.4,1,1,2,0.407379999989644,0,0
61,29.9,31.9,0,1,1.8,1,2,1,1.39859250001609,0,0
61,29.9,31.9,0,2,1.6,1,1,2,1.94406979996711,0,0
61,29.9,31.9,0,3,1.2,1,2,1,0.6232135000173,0,0
61,29.9,31.9,0,4,1,1,1,2,0.68926630000351,0,0
61,29.9,31.9,0,5,0.8,1,2,1,0.557863499969244,0,0
61,29.9,31.9,0,6,0.6,1,1,2,0.750088899978437,0,0
61,29.9,31.9,0,7,0.4,1,2,1,0.573004400008358,0,0
61,29.9,31.9,0,8,0.4,1,1,2,0.856413599976804,0,0
61,29.9,31.9,0,9,0.4,1,1,1,0.638618300028611,0,0
61,29.9,31.9,0,10,0.2,1,1,2,1.84110330004478,0,0
61,29.9,31.9,0,11,0.2,1,2,1,0.467750599957071,0,0
61,29.9,31.9,0,12,0.2,0,2,2,2.88556550000794,0,0
61,29.9,31.9,0,13,0.4,1,1,1,2.80929960001959,0,0
61,29.9,31.9,0,14,0.4,1,2,2,0.593455200025346,0,0
61,29.9,31.9,0,15,0.4,1,2,1,0.97822340001585,0,0
61,29.9,31.9,0,16,0.4,1,1,2,2.26420820003841,0,0
61,29.9,31.9,0,17,0.4,1,2,1,0.559395699994639,0,0
61,29.9,31.9,0,18,0.4,1,1,2,0.846320200012997,0,0
61,29.9,31.9,0,19,0.4,1,1,1,0.44533220003359,0,0
61,29.9,31.9,0,20,0.4,1,2,2,0.434067499998491,0,0
61,29.9,31.9,0,21,0.2,1,1,1,1.10401850001654,0,0
61,29.9,31.9,0,22,0.2,1,2,2,0.813610100012738,0,0
61,29.9,31.9,0,23,0.2,1,1,1,0.462564399989787,0,0
61,29.9,31.9,0,24,0.2,1,2,2,0.69461649999721,0,0
61,29.9,31.9,0,25,0.2,1,2,1,0.624497600016184,0,0
61,29.9,31.9,0,26,0.2,0,1,2,3.4883453999646,0,0
61,29.9,31.9,0,27,0.4,1,1,1,0.457201599958353,0,0
61,29.9,31.9,0,28,0.4,0,1,2,0.586807899991982,0,0
61,29.9,31.9,0,29,0.4,1,2,1,0.773810399987269,0,0
61,29.9,31.9,0,30,0.4,1,2,2,0.590737599995919,0,0
61,29.9,27.9,1,1,2.6,0,1,1,2.18899410002632,0,0
61,29.9,27.9,1,2,4,1,1,2,0.428967099986039,0,0
61,29.9,27.9,1,3,3.8,1,2,1,1.27618249994703,0,0
61,29.9,27.9,1,4,3.6,1,1,2,0.499352900020313,0,0
61,29.9,27.9,1,5,3.4,1,2,1,0.974453600007109,0,0
61,29.9,27.9,1,6,3.2,1,2,2,0.381860600027721,0,0
61,29.9,27.9,1,7,3.2,1,1,1,0.472431900037918,0,0
61,29.9,27.9,1,8,3,0,2,2,3.3446817000513,0,0
61,29.9,27.9,1,9,3.6,1,1,1,0.5595085999812,0,0
61,29.9,27.9,1,10,3.6,1,2,2,0.641316400025971,0,0
61,29.9,27.9,1,11,3.4,0,1,1,0.518723800021689,0,0
61,29.9,27.9,1,12,4,1,2,2,0.579324999998789,0,0
61,29.9,27.9,1,13,4,1,1,1,0.457151199982036,0,0
61,29.9,27.9,1,14,3.8,1,2,2,0.382977499975823,0,0
61,29.9,27.9,1,15,3.8,1,1,1,0.528176399995573,0,0
61,29.9,27.9,1,16,3.8,0,1,2,0.707851499959361,0,0
61,29.9,27.9,1,17,4.2,1,2,1,0.594568800006527,0,0
61,29.9,27.9,1,18,4.2,1,2,2,0.823205699969549,0,0
61,29.9,27.9,1,19,4.2,1,2,1,0.880699399975128,0,0
61,29.9,27.9,1,20,4.2,1,1,2,0.48691430001054,0,0
61,29.9,27.9,1,21,4.2,0,2,1,1.11791189998621,0,0
61,29.9,27.9,1,22,4.6,1,2,2,0.351309699995909,0,0
61,29.9,27.9,1,23,4.6,1,1,1,0.511491000012029,0,0
61,29.9,27.9,1,24,4.6,1,1,2,0.446121500048321,0,0
61,29.9,27.9,1,25,4.6,0,2,1,0.698979100037832,0,0
61,29.9,27.9,1,26,5.2,1,2,2,0.39908220001962,0,0
61,29.9,27.9,1,27,5.2,1,1,1,0.824246999982279,0,0
61,29.9,27.9,1,28,5.2,1,2,2,0.376430800009985,0,0
61,29.9,27.9,1,29,5.2,0,1,1,1.14376030000858,0,0
61,29.9,27.9,1,30,6,1,1,2,0.759218699997291,0,0
61,29.9,28.9,1,1,2.6,1,2,1,1.03872409998439,0,0
61,29.9,28.9,1,2,2,0,1,2,0.494973700027913,0,0
61,29.9,28.9,1,3,3.4,1,2,1,0.780847700021695,0,0
61,29.9,28.9,1,4,3.2,1,2,2,0.532903100014664,0,0
61,29.9,28.9,1,5,3,1,1,1,0.575155900034588,0,0
61,29.9,28.9,1,6,2.8,1,1,2,0.560833600000478,0,0
61,29.9,28.9,1,7,2.6,1,1,1,0.562950799998362,0,0
61,29.9,28.9,1,8,2.6,1,2,2,0.44287800003076,0,0
61,29.9,28.9,1,9,2.4,1,2,1,0.43717230000766,0,0
61,29.9,28.9,1,10,2.2,0,1,2,0.760209600033704,0,0
61,29.9,28.9,1,11,2.6,0,1,1,1.66476559999865,0,0
61,29.9,28.9,1,12,3.2,1,2,2,0.383200900047086,0,0
61,29.9,28.9,1,13,3,1,1,1,1.14421830000356,0,0
61,29.9,28.9,1,14,3,1,2,2,0.369036299991421,0,0
61,29.9,28.9,1,15,3,1,1,1,0.343473999993876,0,0
61,29.9,28.9,1,16,2.8,1,2,2,0.33619020000333,0,0
61,29.9,28.9,1,17,2.8,1,2,1,0.510703600011766,0,0
61,29.9,28.9,1,18,2.8,0,1,2,1.48982539999997,0,0
61,29.9,28.9,1,19,3.2,1,1,1,0.359233300026972,0,0
61,29.9,28.9,1,20,3.2,1,2,2,0.439097199996468,0,0
61,29.9,28.9,1,21,3.2,1,2,1,1.1207375000231,0,0
61,29.9,28.9,1,22,3,1,1,2,0.465642600029241,0,0
61,29.9,28.9,1,23,2.6,1,1,1,1.29022199998144,0,0
61,29.9,28.9,1,24,2.6,1,2,2,1.56023499998264,0,0
61,29.9,28.9,1,25,2.6,1,2,1,0.567029500030912,0,0
61,29.9,28.9,1,26,2.6,0,2,2,1.30457109998679,0,0
61,29.9,28.9,1,27,3,1,2,1,0.461818200012203,0,0
61,29.9,28.9,1,28,3,0,1,2,1.32085750001715,0,0
61,29.9,28.9,1,29,3.4,1,1,1,0.490255600016098,0,0
61,29.9,28.9,1,30,3.4,1,1,2,0.959885400021449,0,0
61,29.9,29.9,1,1,2.6,1,2,1,0.778618000040296,0,0
61,29.9,29.9,1,2,2,1,1,2,0.846161099965684,0,0
61,29.9,29.9,1,3,1.8,1,2,1,0.403547700028867,0,0
61,29.9,29.9,1,4,1.4,1,2,2,0.387742199993227,0,0
61,29.9,29.9,1,5,1.2,1,1,1,0.430312200041953,0,0
61,29.9,29.9,1,6,1,1,1,2,1.63428820000263,0,0
61,29.9,29.9,1,7,0.8,0,1,1,2.58389479998732,0,0
61,29.9,29.9,1,8,1.4,1,2,2,0.824458300019614,0,0
61,29.9,29.9,1,9,1.4,0,1,1,2.15208109997911,0,0
61,29.9,29.9,1,10,2.2,1,1,2,0.785371000005398,0,0
61,29.9,29.9,1,11,2,1,2,1,0.623038100020494,0,0
61,29.9,29.9,1,12,1.8,1,2,2,0.472128399997018,0,0
61,29.9,29.9,1,13,1.8,0,1,1,0.576776999980211,0,0
61,29.9,29.9,1,14,2.4,1,2,2,1.01853030000348,0,0
61,29.9,29.9,1,15,2.2,1,2,1,1.11998350004433,0,0
61,29.9,29.9,1,16,2.2,1,1,2,1.08059499994852,0,0
61,29.9,29.9,1,17,2.2,1,2,1,0.507569800014608,0,0
61,29.9,29.9,1,18,2,1,1,2,1.12464350002119,0,0
61,29.9,29.9,1,19,1.6,1,2,1,1.15265269996598,0,0
61,29.9,29.9,1,20,1.6,0,2,2,0.929119399981573,0,0
61,29.9,29.9,1,21,2,0,1,1,0.667122799961362,0,0
61,29.9,29.9,1,22,2.4,1,1,2,2.41616289998638,0,0
61,29.9,29.9,1,23,2.4,1,2,1,0.58424080000259,0,0
61,29.9,29.9,1,24,2.4,1,1,2,0.647829900030047,0,0
61,29.9,29.9,1,25,2.2,1,2,1,1.84168960002717,0,0
61,29.9,29.9,1,26,2.2,1,1,2,2.17301950004185,0,0
61,29.9,29.9,1,27,2.2,1,1,1,1.51444940001238,0,0
61,29.9,29.9,1,28,1.8,1,2,2,0.969039499992505,0,0
61,29.9,29.9,1,29,1.8,1,1,1,0.548597800021525,0,0
61,29.9,30.9,1,1,2.6,1,1,1,0.824842200032435,0,0
61,29.9,30.9,1,2,2,1,1,2,0.803713000030257,0,0
61,29.9,30.9,1,3,1.8,1,2,1,0.430319999984931,0,0
61,29.9,30.9,1,4,1.4,1,2,2,0.387444699998014,0,0
61,29.9,30.9,1,5,1.2,1,2,1,0.627767000056338,0,0
61,29.9,30.9,1,6,1,1,1,2,0.639722199994139,0,0
61,29.9,30.9,1,7,0.8,0,1,1,1.37499650003156,0,0
61,29.9,30.9,1,8,1.4,1,2,2,0.582063099951483,0,0
61,29.9,30.9,1,9,1.4,0,1,1,1.67616800003452,0,0
61,29.9,30.9,1,10,2.2,1,2,2,0.497347600001376,0,0
61,29.9,30.9,1,11,2,1,2,1,0.488994399958756,0,0
61,29.9,30.9,1,12,1.8,1,1,2,0.833458099979907,0,0
61,29.9,30.9,1,13,1.8,1,2,1,0.953297799977008,0,0
61,29.9,30.9,1,14,1.6,1,2,2,0.400188400002662,0,0
61,29.9,30.9,1,15,1.6,1,2,1,0.808063799981028,0,0
61,29.9,30.9,1,16,1.2,0,1,2,1.38467749999836,0,0
61,29.9,30.9,1,17,1.6,1,1,1,0.543159499997273,0,0
61,29.9,30.9,1,18,1.6,1,1,2,0.475751399993896,0,0
61,29.9,30.9,1,19,1.6,1,2,1,0.833672999986447,0,0
61,29.9,30.9,1,20,1.6,1,1,2,1.31034840003122,0,0
61,29.9,30.9,1,21,1.6,1,1,1,0.370694899989758,0,0
61,29.9,30.9,1,22,1.6,1,2,2,3.68024380004499,0,0
61,29.9,30.9,1,23,1.2,1,1,1,0.886538699967787,0,0
61,29.9,30.9,1,24,1.2,1,2,2,0.437631000007968,0,0
61,29.9,30.9,1,25,1.2,1,2,1,2.65550299995812,0,0
61,29.9,30.9,1,26,1.2,1,1,2,1.8732805000036,0,0
61,29.9,30.9,1,27,1.2,1,1,1,0.592465299996547,0,0
61,29.9,30.9,1,28,1.2,0,1,2,0.518882000003941,0,0
61,29.9,30.9,1,29,1.2,0,2,1,0.792460299970116,0,0
61,29.9,30.9,1,30,1.6,0,2,2,1.4640284999623,0,0
61,29.9,31.9,1,1,2.6,1,1,1,0.451742400007788,0,0
61,29.9,31.9,1,2,2,1,1,2,0.732290299958549,0,0
61,29.9,31.9,1,3,1.8,1,2,1,0.545689899998251,0,0
61,29.9,31.9,1,4,1.4,1,2,2,0.879766900034156,0,0
61,29.9,31.9,1,5,1.2,0,1,1,0.845016599982046,0,0
61,29.9,31.9,1,6,2.2,1,2,2,0.921329499979038,0,0
61,29.9,31.9,1,7,2,1,2,1,0.557789799990132,0,0
61,29.9,31.9,1,8,1.8,1,1,2,0.757504099979997,0,0
61,29.9,31.9,1,9,1.6,1,1,1,3.12315930001205,0,0
61,29.9,31.9,1,10,1.6,1,1,2,0.567899099958595,0,0
61,29.9,31.9,1,11,1.6,1,2,1,0.490302000020165,0,0
61,29.9,31.9,1,12,1.4,1,2,2,0.784282599983271,0,0
61,29.9,31.9,1,13,1.4,0,1,1,1.79179540002951,0,0
61,29.9,31.9,1,14,1.6,1,1,2,1.75463519996265,0,0
61,29.9,31.9,1,15,1.6,1,2,1,0.695333200041205,0,0
61,29.9,31.9,1,16,1.6,1,2,2,1.45890440000221,0,0
61,29.9,31.9,1,17,1.6,1,1,1,2.24072259996319,0,0
61,29.9,31.9,1,18,1.6,1,2,2,0.427910900034476,0,0
61,29.9,31.9,1,19,1.6,1,1,1,1.21359040000243,0,0
61,29.9,31.9,1,20,1.2,1,2,2,0.807725000020582,0,0
61,29.9,31.9,1,21,1.2,0,2,1,1.52137540001422,0,0
61,29.9,31.9,1,22,1.6,0,1,2,1.45519790000981,0,0
61,29.9,31.9,1,23,1.8,1,1,1,1.27317860000767,0,0
61,29.9,31.9,1,24,1.6,1,2,2,1.22816070000408,0,0
61,29.9,31.9,1,25,1.6,1,1,1,0.833890100009739,0,0
61,29.9,31.9,1,26,1.6,0,1,2,3.0641278999974,0,0
61,29.9,31.9,1,27,1.8,1,2,1,0.899679800029844,0,0
61,29.9,31.9,1,28,1.8,1,1,2,0.431191999989096,0,0
61,29.9,31.9,1,29,1.8,1,2,1,1.38417550001759,0,0
61,29.9,31.9,1,30,1.8,1,2,2,0.608905300032347,0,0
